player_name,position,team,now_cost,predicted_next_gw_points,predicted_next_5_weighted,current_season_points,next_5_fixtures,season_fixtures
David Raya Martín,GK,Arsenal,6.1,5.81,17.4,30.0,"LEE (H) 5.81, NFO (A) 5.28, EVE (H) 4.96, LIV (A) 4.57, HUL (H) 4.71","GW6 LEE (H) 5.81, GW7 NFO (A) 5.28, GW8 EVE (H) 4.96, GW9 LIV (A) 4.57, GW10 HUL (H) 4.71, GW11 NEW (A) 4.05, GW12 MCI (H) 3.7, GW13 BRE (A) 3.26, GW14 TOT (A) 3.97, GW15 BOU (H) 2.7, GW16 MUN (H) 3.06, GW17 CRY (A) 3.3, GW18 FUL (A) 3.51, GW19 IPS (H) 4.0, GW20 BRE (H) 2.62, GW21 HUL (A) 3.36, GW22 NEW (H) 3.31, GW23 MCI (A) 1.19, GW24 LIV (H) 3.2, GW25 IPS (A) 3.66, GW26 FUL (H) 4.09, GW27 MUN (A) 2.91, GW28 CRY (H) 4.05, GW29 CHE (A) 3.28, GW30 SUN (H) 4.44, GW31 COV (A) 3.78, GW32 AVL (H) 3.18, GW33 BOU (A) 2.89, GW34 TOT (H) 4.19, GW35 LEE (A) 3.04, GW36 NFO (H) 3.37, GW37 EVE (A) 3.27, GW38 BHA (H) 2.69"
Kepa Arrizabalaga Revuelta,GK,Arsenal,4.9,0.1,0.52,0.0,"LEE (H) 0.1, NFO (A) 0.12, EVE (H) 0.18, LIV (A) 0.17, HUL (H) 0.28","GW6 LEE (H) 0.1, GW7 NFO (A) 0.12, GW8 EVE (H) 0.18, GW9 LIV (A) 0.17, GW10 HUL (H) 0.28, GW11 NEW (A) 0.21, GW12 MCI (H) 0.25, GW13 BRE (A) 0.21, GW14 TOT (A) 0.27, GW15 BOU (H) 0.25, GW16 MUN (H) 0.28, GW17 CRY (A) 0.3, GW18 FUL (A) 0.26, GW19 IPS (H) 0.35, GW20 BRE (H) 0.27, GW21 HUL (A) 0.32, GW22 NEW (H) 0.3, GW23 MCI (A) 0.28, GW24 LIV (H) 0.29, GW25 IPS (A) 0.32, GW26 FUL (H) 0.36, GW27 MUN (A) 0.26, GW28 CRY (H) 0.4, GW29 CHE (A) 0.32, GW30 SUN (H) 0.28, GW31 COV (A) 0.38, GW32 AVL (H) 0.38, GW33 BOU (A) 0.23, GW34 TOT (H) 0.34, GW35 LEE (A) 0.26, GW36 NFO (H) 0.3, GW37 EVE (A) 0.27, GW38 BHA (H) 0.27"
Illan Meslier,GK,Arsenal,4.9,0.03,0.23,0.0,"LEE (H) 0.03, NFO (A) 0.04, EVE (H) 0.09, LIV (A) 0.06, HUL (H) 0.17","GW6 LEE (H) 0.03, GW7 NFO (A) 0.04, GW8 EVE (H) 0.09, GW9 LIV (A) 0.06, GW10 HUL (H) 0.17, GW11 NEW (A) 0.1, GW12 MCI (H) 0.12, GW13 BRE (A) 0.09, GW14 TOT (A) 0.14, GW15 BOU (H) 0.12, GW16 MUN (H) 0.14, GW17 CRY (A) 0.17, GW18 FUL (A) 0.13, GW19 IPS (H) 0.22, GW20 BRE (H) 0.13, GW21 HUL (A) 0.18, GW22 NEW (H) 0.16, GW23 MCI (A) 0.13, GW24 LIV (H) 0.15, GW25 IPS (A) 0.18, GW26 FUL (H) 0.22, GW27 MUN (A) 0.11, GW28 CRY (H) 0.26, GW29 CHE (A) 0.17, GW30 SUN (H) 0.14, GW31 COV (A) 0.25, GW32 AVL (H) 0.28, GW33 BOU (A) 0.09, GW34 TOT (H) 0.21, GW35 LEE (A) 0.13, GW36 NFO (H) 0.16, GW37 EVE (A) 0.13, GW38 BHA (H) 0.14"
Gabriel dos Santos Magalhães,DEF,Arsenal,8.0,4.86,15.7,25.0,"LEE (H) 4.86, NFO (A) 4.0, EVE (H) 5.05, LIV (A) 4.29, HUL (H) 5.4","GW6 LEE (H) 4.86, GW7 NFO (A) 4.0, GW8 EVE (H) 5.05, GW9 LIV (A) 4.29, GW10 HUL (H) 5.4, GW11 NEW (A) 3.84, GW12 MCI (H) 3.91, GW13 BRE (A) 3.39, GW14 TOT (A) 4.85, GW15 BOU (H) 3.73, GW16 MUN (H) 3.89, GW17 CRY (A) 4.38, GW18 FUL (A) 4.82, GW19 IPS (H) 6.35, GW20 BRE (H) 3.96, GW21 HUL (A) 4.94, GW22 NEW (H) 4.52, GW23 MCI (A) 1.49, GW24 LIV (H) 5.05, GW25 IPS (A) 5.53, GW26 FUL (H) 6.51, GW27 MUN (A) 3.24, GW28 CRY (H) 6.27, GW29 CHE (A) 3.57, GW30 SUN (H) 7.4, GW31 COV (A) 5.38, GW32 AVL (H) 4.55, GW33 BOU (A) 3.33, GW34 TOT (H) 5.53, GW35 LEE (A) 4.75, GW36 NFO (H) 4.57, GW37 EVE (A) 4.69, GW38 BHA (H) 4.05"
Jurriën Timber,DEF,Arsenal,6.5,0.74,3.02,1.0,"LEE (H) 0.74, NFO (A) 0.88, EVE (H) 1.06, LIV (A) 0.98, HUL (H) 1.01","GW6 LEE (H) 0.74, GW7 NFO (A) 0.88, GW8 EVE (H) 1.06, GW9 LIV (A) 0.98, GW10 HUL (H) 1.01, GW11 NEW (A) 1.13, GW12 MCI (H) 1.12, GW13 BRE (A) 1.02, GW14 TOT (A) 1.4, GW15 BOU (H) 1.09, GW16 MUN (H) 1.22, GW17 CRY (A) 1.53, GW18 FUL (A) 1.35, GW19 IPS (H) 1.2, GW20 BRE (H) 1.13, GW21 HUL (A) 1.14, GW22 NEW (H) 1.33, GW23 MCI (A) 1.22, GW24 LIV (H) 1.28, GW25 IPS (A) 1.17, GW26 FUL (H) 1.34, GW27 MUN (A) 1.22, GW28 CRY (H) 1.53, GW29 CHE (A) 1.34, GW30 SUN (H) 1.52, GW31 COV (A) 1.52, GW32 AVL (H) 1.38, GW33 BOU (A) 1.1, GW34 TOT (H) 1.39, GW35 LEE (A) 1.29, GW36 NFO (H) 1.34, GW37 EVE (A) 1.39, GW38 BHA (H) 1.15"
William Saliba,DEF,Arsenal,5.9,0.28,1.46,0.0,"LEE (H) 0.28, NFO (A) 0.36, EVE (H) 0.49, LIV (A) 0.49, HUL (H) 0.77","GW6 LEE (H) 0.28, GW7 NFO (A) 0.36, GW8 EVE (H) 0.49, GW9 LIV (A) 0.49, GW10 HUL (H) 0.77, GW11 NEW (A) 0.62, GW12 MCI (H) 0.6, GW13 BRE (A) 0.57, GW14 TOT (A) 1.02, GW15 BOU (H) 0.62, GW16 MUN (H) 0.65, GW17 CRY (A) 0.78, GW18 FUL (A) 0.75, GW19 IPS (H) 0.98, GW20 BRE (H) 0.65, GW21 HUL (A) 0.92, GW22 NEW (H) 0.76, GW23 MCI (A) 0.67, GW24 LIV (H) 0.71, GW25 IPS (A) 0.96, GW26 FUL (H) 0.99, GW27 MUN (A) 0.64, GW28 CRY (H) 1.03, GW29 CHE (A) 0.68, GW30 SUN (H) 1.12, GW31 COV (A) 1.02, GW32 AVL (H) 0.82, GW33 BOU (A) 0.62, GW34 TOT (H) 1.26, GW35 LEE (A) 0.77, GW36 NFO (H) 0.77, GW37 EVE (A) 0.77, GW38 BHA (H) 0.66"
Myles Lewis-Skelly,MID,Arsenal,5.4,1.38,5.17,9.0,"LEE (H) 1.38, NFO (A) 1.46, EVE (H) 1.61, LIV (A) 1.63, HUL (H) 1.87","GW6 LEE (H) 1.38, GW7 NFO (A) 1.46, GW8 EVE (H) 1.61, GW9 LIV (A) 1.63, GW10 HUL (H) 1.87, GW11 NEW (A) 1.68, GW12 MCI (H) 1.72, GW13 BRE (A) 1.59, GW14 TOT (A) 1.9, GW15 BOU (H) 1.62, GW16 MUN (H) 1.74, GW17 CRY (A) 1.78, GW18 FUL (A) 1.72, GW19 IPS (H) 2.01, GW20 BRE (H) 1.65, GW21 HUL (A) 1.94, GW22 NEW (H) 1.78, GW23 MCI (A) 1.73, GW24 LIV (H) 1.78, GW25 IPS (A) 1.97, GW26 FUL (H) 2.05, GW27 MUN (A) 1.7, GW28 CRY (H) 2.12, GW29 CHE (A) 1.73, GW30 SUN (H) 1.91, GW31 COV (A) 2.09, GW32 AVL (H) 1.84, GW33 BOU (A) 1.57, GW34 TOT (H) 2.13, GW35 LEE (A) 1.75, GW36 NFO (H) 1.78, GW37 EVE (A) 1.72, GW38 BHA (H) 1.65"
Riccardo Calafiori,DEF,Arsenal,5.8,3.25,10.69,29.0,"LEE (H) 3.25, NFO (A) 2.92, EVE (H) 3.38, LIV (A) 2.69, HUL (H) 3.75","GW6 LEE (H) 3.25, GW7 NFO (A) 2.92, GW8 EVE (H) 3.38, GW9 LIV (A) 2.69, GW10 HUL (H) 3.75, GW11 NEW (A) 2.5, GW12 MCI (H) 2.42, GW13 BRE (A) 2.11, GW14 TOT (A) 2.73, GW15 BOU (H) 2.95, GW16 MUN (H) 2.18, GW17 CRY (A) 2.8, GW18 FUL (A) 2.98, GW19 IPS (H) 4.0, GW20 BRE (H) 2.21, GW21 HUL (A) 3.03, GW22 NEW (H) 2.56, GW23 MCI (A) 0.11, GW24 LIV (H) 2.58, GW25 IPS (A) 3.36, GW26 FUL (H) 4.08, GW27 MUN (A) 1.88, GW28 CRY (H) 3.89, GW29 CHE (A) 2.57, GW30 SUN (H) 3.24, GW31 COV (A) 3.18, GW32 AVL (H) 4.15, GW33 BOU (A) 2.9, GW34 TOT (H) 3.56, GW35 LEE (A) 2.45, GW36 NFO (H) 2.6, GW37 EVE (A) 2.83, GW38 BHA (H) 2.34"
Piero Hincapié,DEF,Arsenal,5.2,0.7,3.11,2.0,"LEE (H) 0.7, NFO (A) 0.83, EVE (H) 1.03, LIV (A) 1.04, HUL (H) 1.35","GW6 LEE (H) 0.7, GW7 NFO (A) 0.83, GW8 EVE (H) 1.03, GW9 LIV (A) 1.04, GW10 HUL (H) 1.35, GW11 NEW (A) 1.17, GW12 MCI (H) 1.19, GW13 BRE (A) 1.16, GW14 TOT (A) 1.48, GW15 BOU (H) 1.19, GW16 MUN (H) 1.27, GW17 CRY (A) 1.43, GW18 FUL (A) 1.38, GW19 IPS (H) 1.62, GW20 BRE (H) 1.25, GW21 HUL (A) 1.6, GW22 NEW (H) 1.35, GW23 MCI (A) 1.31, GW24 LIV (H) 1.33, GW25 IPS (A) 1.63, GW26 FUL (H) 1.68, GW27 MUN (A) 1.29, GW28 CRY (H) 1.75, GW29 CHE (A) 1.39, GW30 SUN (H) 1.55, GW31 COV (A) 1.76, GW32 AVL (H) 1.49, GW33 BOU (A) 1.22, GW34 TOT (H) 1.77, GW35 LEE (A) 1.37, GW36 NFO (H) 1.37, GW37 EVE (A) 1.41, GW38 BHA (H) 1.29"
Benjamin White,DEF,Arsenal,5.5,1.22,5.0,21.0,"LEE (H) 1.22, NFO (A) 1.34, EVE (H) 1.56, LIV (A) 1.57, HUL (H) 2.16","GW6 LEE (H) 1.22, GW7 NFO (A) 1.34, GW8 EVE (H) 1.56, GW9 LIV (A) 1.57, GW10 HUL (H) 2.16, GW11 NEW (A) 1.72, GW12 MCI (H) 1.69, GW13 BRE (A) 1.46, GW14 TOT (A) 2.04, GW15 BOU (H) 1.44, GW16 MUN (H) 1.72, GW17 CRY (A) 1.87, GW18 FUL (A) 1.78, GW19 IPS (H) 2.4, GW20 BRE (H) 1.5, GW21 HUL (A) 2.35, GW22 NEW (H) 1.83, GW23 MCI (A) 1.62, GW24 LIV (H) 1.76, GW25 IPS (A) 2.39, GW26 FUL (H) 2.45, GW27 MUN (A) 1.7, GW28 CRY (H) 2.55, GW29 CHE (A) 1.76, GW30 SUN (H) 2.27, GW31 COV (A) 2.54, GW32 AVL (H) 2.36, GW33 BOU (A) 1.41, GW34 TOT (H) 2.63, GW35 LEE (A) 1.82, GW36 NFO (H) 1.82, GW37 EVE (A) 1.8, GW38 BHA (H) 1.52"
Cristhian Mosquera,DEF,Arsenal,5.3,0.67,3.46,12.0,"LEE (H) 0.67, NFO (A) 0.97, EVE (H) 1.1, LIV (A) 1.15, HUL (H) 1.71","GW6 LEE (H) 0.67, GW7 NFO (A) 0.97, GW8 EVE (H) 1.1, GW9 LIV (A) 1.15, GW10 HUL (H) 1.71, GW11 NEW (A) 1.37, GW12 MCI (H) 1.37, GW13 BRE (A) 1.3, GW14 TOT (A) 2.01, GW15 BOU (H) 1.33, GW16 MUN (H) 1.61, GW17 CRY (A) 1.74, GW18 FUL (A) 1.7, GW19 IPS (H) 2.23, GW20 BRE (H) 1.44, GW21 HUL (A) 2.19, GW22 NEW (H) 1.76, GW23 MCI (A) 1.66, GW24 LIV (H) 1.7, GW25 IPS (A) 2.24, GW26 FUL (H) 2.3, GW27 MUN (A) 1.65, GW28 CRY (H) 2.37, GW29 CHE (A) 1.68, GW30 SUN (H) 2.12, GW31 COV (A) 2.36, GW32 AVL (H) 2.1, GW33 BOU (A) 1.38, GW34 TOT (H) 2.57, GW35 LEE (A) 1.78, GW36 NFO (H) 1.98, GW37 EVE (A) 1.75, GW38 BHA (H) 1.55"
Bukayo Saka,MID,Arsenal,9.5,4.38,14.16,32.0,"LEE (H) 4.38, NFO (A) 4.13, EVE (H) 4.28, LIV (A) 3.83, HUL (H) 4.41","GW6 LEE (H) 4.38, GW7 NFO (A) 4.13, GW8 EVE (H) 4.28, GW9 LIV (A) 3.83, GW10 HUL (H) 4.41, GW11 NEW (A) 3.83, GW12 MCI (H) 3.41, GW13 BRE (A) 2.58, GW14 TOT (A) 4.44, GW15 BOU (H) 2.41, GW16 MUN (H) 3.44, GW17 CRY (A) 3.61, GW18 FUL (A) 3.93, GW19 IPS (H) 5.36, GW20 BRE (H) 2.78, GW21 HUL (A) 3.53, GW22 NEW (H) 3.84, GW23 MCI (A) 2.56, GW24 LIV (H) 3.87, GW25 IPS (A) 4.7, GW26 FUL (H) 4.99, GW27 MUN (A) 3.16, GW28 CRY (H) 4.65, GW29 CHE (A) 2.81, GW30 SUN (H) 6.44, GW31 COV (A) 3.85, GW32 AVL (H) 5.3, GW33 BOU (A) 2.12, GW34 TOT (H) 4.64, GW35 LEE (A) 3.65, GW36 NFO (H) 4.0, GW37 EVE (A) 3.74, GW38 BHA (H) 2.75"
Declan Rice,MID,Arsenal,7.4,3.78,12.44,20.0,"LEE (H) 3.78, NFO (A) 3.41, EVE (H) 3.88, LIV (A) 3.33, HUL (H) 4.24","GW6 LEE (H) 3.78, GW7 NFO (A) 3.41, GW8 EVE (H) 3.88, GW9 LIV (A) 3.33, GW10 HUL (H) 4.24, GW11 NEW (A) 3.13, GW12 MCI (H) 3.38, GW13 BRE (A) 2.16, GW14 TOT (A) 3.9, GW15 BOU (H) 2.32, GW16 MUN (H) 3.21, GW17 CRY (A) 3.09, GW18 FUL (A) 3.26, GW19 IPS (H) 4.62, GW20 BRE (H) 2.51, GW21 HUL (A) 3.59, GW22 NEW (H) 3.52, GW23 MCI (A) 1.38, GW24 LIV (H) 3.69, GW25 IPS (A) 3.93, GW26 FUL (H) 4.4, GW27 MUN (A) 2.71, GW28 CRY (H) 4.22, GW29 CHE (A) 2.61, GW30 SUN (H) 6.24, GW31 COV (A) 3.49, GW32 AVL (H) 3.16, GW33 BOU (A) 2.02, GW34 TOT (H) 4.63, GW35 LEE (A) 3.23, GW36 NFO (H) 3.66, GW37 EVE (A) 3.24, GW38 BHA (H) 2.58"
Eberechi Eze,MID,Arsenal,6.2,1.03,4.33,4.0,"LEE (H) 1.03, NFO (A) 1.19, EVE (H) 1.37, LIV (A) 1.43, HUL (H) 1.8","GW6 LEE (H) 1.03, GW7 NFO (A) 1.19, GW8 EVE (H) 1.37, GW9 LIV (A) 1.43, GW10 HUL (H) 1.8, GW11 NEW (A) 1.64, GW12 MCI (H) 1.54, GW13 BRE (A) 1.53, GW14 TOT (A) 2.03, GW15 BOU (H) 1.52, GW16 MUN (H) 1.66, GW17 CRY (A) 1.91, GW18 FUL (A) 1.96, GW19 IPS (H) 2.17, GW20 BRE (H) 1.6, GW21 HUL (A) 2.19, GW22 NEW (H) 1.87, GW23 MCI (A) 1.68, GW24 LIV (H) 1.79, GW25 IPS (A) 2.23, GW26 FUL (H) 2.24, GW27 MUN (A) 1.75, GW28 CRY (H) 2.2, GW29 CHE (A) 1.74, GW30 SUN (H) 2.1, GW31 COV (A) 2.25, GW32 AVL (H) 1.85, GW33 BOU (A) 1.63, GW34 TOT (H) 2.34, GW35 LEE (A) 1.98, GW36 NFO (H) 1.89, GW37 EVE (A) 1.91, GW38 BHA (H) 1.65"
Martin Ødegaard,MID,Arsenal,6.8,5.1,16.12,29.0,"LEE (H) 5.1, NFO (A) 4.89, EVE (H) 4.74, LIV (A) 4.47, HUL (H) 4.56","GW6 LEE (H) 5.1, GW7 NFO (A) 4.89, GW8 EVE (H) 4.74, GW9 LIV (A) 4.47, GW10 HUL (H) 4.56, GW11 NEW (A) 4.51, GW12 MCI (H) 4.15, GW13 BRE (A) 3.34, GW14 TOT (A) 4.61, GW15 BOU (H) 3.16, GW16 MUN (H) 4.28, GW17 CRY (A) 4.01, GW18 FUL (A) 3.98, GW19 IPS (H) 4.22, GW20 BRE (H) 3.36, GW21 HUL (A) 3.79, GW22 NEW (H) 4.43, GW23 MCI (A) 3.66, GW24 LIV (H) 4.3, GW25 IPS (A) 3.86, GW26 FUL (H) 4.36, GW27 MUN (A) 4.01, GW28 CRY (H) 4.39, GW29 CHE (A) 3.96, GW30 SUN (H) 5.36, GW31 COV (A) 3.98, GW32 AVL (H) 4.29, GW33 BOU (A) 3.01, GW34 TOT (H) 4.62, GW35 LEE (A) 3.84, GW36 NFO (H) 4.54, GW37 EVE (A) 3.91, GW38 BHA (H) 3.33"
Noni Madueke,MID,Arsenal,6.2,0.37,1.86,2.0,"LEE (H) 0.37, NFO (A) 0.44, EVE (H) 0.67, LIV (A) 0.6, HUL (H) 0.95","GW6 LEE (H) 0.37, GW7 NFO (A) 0.44, GW8 EVE (H) 0.67, GW9 LIV (A) 0.6, GW10 HUL (H) 0.95, GW11 NEW (A) 0.77, GW12 MCI (H) 0.71, GW13 BRE (A) 0.83, GW14 TOT (A) 1.11, GW15 BOU (H) 0.89, GW16 MUN (H) 0.79, GW17 CRY (A) 1.04, GW18 FUL (A) 0.98, GW19 IPS (H) 1.22, GW20 BRE (H) 0.98, GW21 HUL (A) 1.16, GW22 NEW (H) 0.97, GW23 MCI (A) 0.81, GW24 LIV (H) 0.9, GW25 IPS (A) 1.2, GW26 FUL (H) 1.27, GW27 MUN (A) 0.8, GW28 CRY (H) 1.35, GW29 CHE (A) 0.98, GW30 SUN (H) 1.24, GW31 COV (A) 1.33, GW32 AVL (H) 1.17, GW33 BOU (A) 0.93, GW34 TOT (H) 1.46, GW35 LEE (A) 0.99, GW36 NFO (H) 0.98, GW37 EVE (A) 1.02, GW38 BHA (H) 1.0"
Mikel Merino Zazón,MID,Arsenal,5.7,1.14,4.45,4.0,"LEE (H) 1.14, NFO (A) 1.23, EVE (H) 1.4, LIV (A) 1.36, HUL (H) 1.77","GW6 LEE (H) 1.14, GW7 NFO (A) 1.23, GW8 EVE (H) 1.4, GW9 LIV (A) 1.36, GW10 HUL (H) 1.77, GW11 NEW (A) 1.46, GW12 MCI (H) 1.48, GW13 BRE (A) 1.48, GW14 TOT (A) 1.69, GW15 BOU (H) 1.52, GW16 MUN (H) 1.52, GW17 CRY (A) 1.65, GW18 FUL (A) 1.58, GW19 IPS (H) 1.97, GW20 BRE (H) 1.57, GW21 HUL (A) 1.9, GW22 NEW (H) 1.59, GW23 MCI (A) 1.51, GW24 LIV (H) 1.56, GW25 IPS (A) 1.94, GW26 FUL (H) 2.01, GW27 MUN (A) 1.49, GW28 CRY (H) 2.09, GW29 CHE (A) 1.63, GW30 SUN (H) 1.76, GW31 COV (A) 2.06, GW32 AVL (H) 1.75, GW33 BOU (A) 1.5, GW34 TOT (H) 2.09, GW35 LEE (A) 1.56, GW36 NFO (H) 1.59, GW37 EVE (A) 1.6, GW38 BHA (H) 1.58"
Gabriel Martinelli Silva,MID,Arsenal,6.3,-0.18,-0.28,0.0,"LEE (H) -0.18, NFO (A) -0.14, EVE (H) -0.09, LIV (A) -0.07, HUL (H) 0.19","GW6 LEE (H) -0.18, GW7 NFO (A) -0.14, GW8 EVE (H) -0.09, GW9 LIV (A) -0.07, GW10 HUL (H) 0.19, GW11 NEW (A) 0.04, GW12 MCI (H) 0.02, GW13 BRE (A) 0.07, GW14 TOT (A) 0.34, GW15 BOU (H) 0.1, GW16 MUN (H) 0.09, GW17 CRY (A) 0.17, GW18 FUL (A) 0.14, GW19 IPS (H) 0.38, GW20 BRE (H) 0.14, GW21 HUL (A) 0.35, GW22 NEW (H) 0.16, GW23 MCI (A) 0.03, GW24 LIV (H) 0.13, GW25 IPS (A) 0.38, GW26 FUL (H) 0.39, GW27 MUN (A) 0.1, GW28 CRY (H) 0.43, GW29 CHE (A) 0.16, GW30 SUN (H) 0.39, GW31 COV (A) 0.44, GW32 AVL (H) 0.3, GW33 BOU (A) 0.13, GW34 TOT (H) 0.63, GW35 LEE (A) 0.16, GW36 NFO (H) 0.17, GW37 EVE (A) 0.16, GW38 BHA (H) 0.16"
Martín Zubimendi Ibáñez,MID,Arsenal,5.3,1.24,4.81,5.0,"LEE (H) 1.24, NFO (A) 1.35, EVE (H) 1.53, LIV (A) 1.5, HUL (H) 1.83","GW6 LEE (H) 1.24, GW7 NFO (A) 1.35, GW8 EVE (H) 1.53, GW9 LIV (A) 1.5, GW10 HUL (H) 1.83, GW11 NEW (A) 1.61, GW12 MCI (H) 1.59, GW13 BRE (A) 1.61, GW14 TOT (A) 1.91, GW15 BOU (H) 1.62, GW16 MUN (H) 1.65, GW17 CRY (A) 1.84, GW18 FUL (A) 1.77, GW19 IPS (H) 2.05, GW20 BRE (H) 1.68, GW21 HUL (A) 2.03, GW22 NEW (H) 1.74, GW23 MCI (A) 1.68, GW24 LIV (H) 1.7, GW25 IPS (A) 2.05, GW26 FUL (H) 2.11, GW27 MUN (A) 1.66, GW28 CRY (H) 2.18, GW29 CHE (A) 1.77, GW30 SUN (H) 1.97, GW31 COV (A) 2.19, GW32 AVL (H) 1.92, GW33 BOU (A) 1.65, GW34 TOT (H) 2.23, GW35 LEE (A) 1.76, GW36 NFO (H) 1.75, GW37 EVE (A) 1.8, GW38 BHA (H) 1.7"
Max Dowman,MID,Arsenal,5.3,0.5,2.05,1.0,"LEE (H) 0.5, NFO (A) 0.57, EVE (H) 0.68, LIV (A) 0.66, HUL (H) 0.8","GW6 LEE (H) 0.5, GW7 NFO (A) 0.57, GW8 EVE (H) 0.68, GW9 LIV (A) 0.66, GW10 HUL (H) 0.8, GW11 NEW (A) 0.74, GW12 MCI (H) 0.76, GW13 BRE (A) 0.76, GW14 TOT (A) 0.81, GW15 BOU (H) 0.79, GW16 MUN (H) 0.8, GW17 CRY (A) 0.87, GW18 FUL (A) 0.81, GW19 IPS (H) 0.93, GW20 BRE (H) 0.84, GW21 HUL (A) 0.87, GW22 NEW (H) 0.86, GW23 MCI (A) 0.79, GW24 LIV (H) 0.82, GW25 IPS (A) 0.89, GW26 FUL (H) 0.94, GW27 MUN (A) 0.77, GW28 CRY (H) 1.02, GW29 CHE (A) 0.87, GW30 SUN (H) 0.85, GW31 COV (A) 0.99, GW32 AVL (H) 0.98, GW33 BOU (A) 0.77, GW34 TOT (H) 0.93, GW35 LEE (A) 0.81, GW36 NFO (H) 0.87, GW37 EVE (A) 0.82, GW38 BHA (H) 0.85"
Ethan Nwaneri,MID,Arsenal,5.4,-0.1,-0.14,0.0,"LEE (H) -0.1, NFO (A) -0.06, EVE (H) -0.03, LIV (A) -0.02, HUL (H) 0.08","GW6 LEE (H) -0.1, GW7 NFO (A) -0.06, GW8 EVE (H) -0.03, GW9 LIV (A) -0.02, GW10 HUL (H) 0.08, GW11 NEW (A) 0.05, GW12 MCI (H) 0.06, GW13 BRE (A) 0.04, GW14 TOT (A) 0.11, GW15 BOU (H) 0.06, GW16 MUN (H) 0.1, GW17 CRY (A) 0.14, GW18 FUL (A) 0.12, GW19 IPS (H) 0.19, GW20 BRE (H) 0.09, GW21 HUL (A) 0.18, GW22 NEW (H) 0.13, GW23 MCI (A) 0.14, GW24 LIV (H) 0.12, GW25 IPS (A) 0.19, GW26 FUL (H) 0.2, GW27 MUN (A) 0.11, GW28 CRY (H) 0.23, GW29 CHE (A) 0.17, GW30 SUN (H) 0.11, GW31 COV (A) 0.24, GW32 AVL (H) 0.25, GW33 BOU (A) 0.09, GW34 TOT (H) 0.18, GW35 LEE (A) 0.13, GW36 NFO (H) 0.14, GW37 EVE (A) 0.14, GW38 BHA (H) 0.1"
Fábio Ferreira Vieira,MID,Arsenal,5.5,0.08,0.49,0.0,"LEE (H) 0.08, NFO (A) 0.12, EVE (H) 0.15, LIV (A) 0.16, HUL (H) 0.31","GW6 LEE (H) 0.08, GW7 NFO (A) 0.12, GW8 EVE (H) 0.15, GW9 LIV (A) 0.16, GW10 HUL (H) 0.31, GW11 NEW (A) 0.2, GW12 MCI (H) 0.22, GW13 BRE (A) 0.18, GW14 TOT (A) 0.24, GW15 BOU (H) 0.2, GW16 MUN (H) 0.24, GW17 CRY (A) 0.26, GW18 FUL (A) 0.24, GW19 IPS (H) 0.39, GW20 BRE (H) 0.21, GW21 HUL (A) 0.38, GW22 NEW (H) 0.25, GW23 MCI (A) 0.26, GW24 LIV (H) 0.25, GW25 IPS (A) 0.38, GW26 FUL (H) 0.4, GW27 MUN (A) 0.23, GW28 CRY (H) 0.43, GW29 CHE (A) 0.29, GW30 SUN (H) 0.23, GW31 COV (A) 0.43, GW32 AVL (H) 0.32, GW33 BOU (A) 0.19, GW34 TOT (H) 0.38, GW35 LEE (A) 0.24, GW36 NFO (H) 0.26, GW37 EVE (A) 0.25, GW38 BHA (H) 0.22"
Reiss Nelson,MID,Arsenal,5.5,0.07,0.42,0.0,"LEE (H) 0.07, NFO (A) 0.09, EVE (H) 0.13, LIV (A) 0.12, HUL (H) 0.29","GW6 LEE (H) 0.07, GW7 NFO (A) 0.09, GW8 EVE (H) 0.13, GW9 LIV (A) 0.12, GW10 HUL (H) 0.29, GW11 NEW (A) 0.16, GW12 MCI (H) 0.19, GW13 BRE (A) 0.14, GW14 TOT (A) 0.21, GW15 BOU (H) 0.17, GW16 MUN (H) 0.21, GW17 CRY (A) 0.22, GW18 FUL (A) 0.2, GW19 IPS (H) 0.36, GW20 BRE (H) 0.19, GW21 HUL (A) 0.33, GW22 NEW (H) 0.23, GW23 MCI (A) 0.22, GW24 LIV (H) 0.23, GW25 IPS (A) 0.33, GW26 FUL (H) 0.37, GW27 MUN (A) 0.19, GW28 CRY (H) 0.39, GW29 CHE (A) 0.25, GW30 SUN (H) 0.22, GW31 COV (A) 0.38, GW32 AVL (H) 0.3, GW33 BOU (A) 0.15, GW34 TOT (H) 0.35, GW35 LEE (A) 0.2, GW36 NFO (H) 0.23, GW37 EVE (A) 0.21, GW38 BHA (H) 0.19"
Viktor Gyökeres,FWD,Arsenal,7.1,1.34,5.5,2.0,"LEE (H) 1.34, NFO (A) 1.48, EVE (H) 1.81, LIV (A) 1.69, HUL (H) 2.28","GW6 LEE (H) 1.34, GW7 NFO (A) 1.48, GW8 EVE (H) 1.81, GW9 LIV (A) 1.69, GW10 HUL (H) 2.28, GW11 NEW (A) 1.98, GW12 MCI (H) 1.98, GW13 BRE (A) 1.75, GW14 TOT (A) 2.46, GW15 BOU (H) 1.86, GW16 MUN (H) 2.08, GW17 CRY (A) 2.36, GW18 FUL (A) 2.2, GW19 IPS (H) 2.66, GW20 BRE (H) 1.95, GW21 HUL (A) 2.53, GW22 NEW (H) 2.32, GW23 MCI (A) 1.95, GW24 LIV (H) 2.16, GW25 IPS (A) 2.57, GW26 FUL (H) 2.87, GW27 MUN (A) 2.01, GW28 CRY (H) 3.06, GW29 CHE (A) 1.97, GW30 SUN (H) 2.71, GW31 COV (A) 2.93, GW32 AVL (H) 2.37, GW33 BOU (A) 1.8, GW34 TOT (H) 3.01, GW35 LEE (A) 2.24, GW36 NFO (H) 2.34, GW37 EVE (A) 2.25, GW38 BHA (H) 1.99"
Kai Havertz,FWD,Arsenal,7.6,3.68,11.92,19.0,"LEE (H) 3.68, NFO (A) 3.07, EVE (H) 3.86, LIV (A) 3.23, HUL (H) 4.06","GW6 LEE (H) 3.68, GW7 NFO (A) 3.07, GW8 EVE (H) 3.86, GW9 LIV (A) 3.23, GW10 HUL (H) 4.06, GW11 NEW (A) 2.99, GW12 MCI (H) 3.14, GW13 BRE (A) 2.51, GW14 TOT (A) 3.59, GW15 BOU (H) 2.91, GW16 MUN (H) 3.12, GW17 CRY (A) 3.44, GW18 FUL (A) 3.73, GW19 IPS (H) 4.28, GW20 BRE (H) 3.12, GW21 HUL (A) 3.55, GW22 NEW (H) 3.59, GW23 MCI (A) 2.97, GW24 LIV (H) 3.89, GW25 IPS (A) 3.58, GW26 FUL (H) 4.91, GW27 MUN (A) 2.52, GW28 CRY (H) 4.62, GW29 CHE (A) 3.04, GW30 SUN (H) 5.12, GW31 COV (A) 3.89, GW32 AVL (H) 4.03, GW33 BOU (A) 2.26, GW34 TOT (H) 4.06, GW35 LEE (A) 3.51, GW36 NFO (H) 3.6, GW37 EVE (A) 3.47, GW38 BHA (H) 3.13"
Gabriel Fernando de Jesus,FWD,Arsenal,5.9,0.06,0.6,0.0,"LEE (H) 0.06, NFO (A) 0.09, EVE (H) 0.21, LIV (A) 0.22, HUL (H) 0.49","GW6 LEE (H) 0.06, GW7 NFO (A) 0.09, GW8 EVE (H) 0.21, GW9 LIV (A) 0.22, GW10 HUL (H) 0.49, GW11 NEW (A) 0.3, GW12 MCI (H) 0.27, GW13 BRE (A) 0.33, GW14 TOT (A) 0.58, GW15 BOU (H) 0.36, GW16 MUN (H) 0.32, GW17 CRY (A) 0.42, GW18 FUL (A) 0.39, GW19 IPS (H) 0.64, GW20 BRE (H) 0.38, GW21 HUL (A) 0.6, GW22 NEW (H) 0.38, GW23 MCI (A) 0.25, GW24 LIV (H) 0.37, GW25 IPS (A) 0.63, GW26 FUL (H) 0.65, GW27 MUN (A) 0.31, GW28 CRY (H) 0.69, GW29 CHE (A) 0.41, GW30 SUN (H) 0.6, GW31 COV (A) 0.69, GW32 AVL (H) 0.53, GW33 BOU (A) 0.36, GW34 TOT (H) 0.84, GW35 LEE (A) 0.4, GW36 NFO (H) 0.39, GW37 EVE (A) 0.4, GW38 BHA (H) 0.39"
Ezri Konsa Ngoyo,DEF,Arsenal,4.6,3.78,11.93,12.0,"LEE (H) 3.78, NFO (A) 3.51, EVE (H) 3.69, LIV (A) 3.12, HUL (H) 3.47","GW6 LEE (H) 3.78, GW7 NFO (A) 3.51, GW8 EVE (H) 3.69, GW9 LIV (A) 3.12, GW10 HUL (H) 3.47, GW11 NEW (A) 2.98, GW12 MCI (H) 2.8, GW13 BRE (A) 2.61, GW14 TOT (A) 3.62, GW15 BOU (H) 2.75, GW16 MUN (H) 2.88, GW17 CRY (A) 3.32, GW18 FUL (A) 3.37, GW19 IPS (H) 3.59, GW20 BRE (H) 2.83, GW21 HUL (A) 3.3, GW22 NEW (H) 3.25, GW23 MCI (A) 2.16, GW24 LIV (H) 3.19, GW25 IPS (A) 3.31, GW26 FUL (H) 3.86, GW27 MUN (A) 2.6, GW28 CRY (H) 3.8, GW29 CHE (A) 3.01, GW30 SUN (H) 4.06, GW31 COV (A) 3.49, GW32 AVL (H) 3.48, GW33 BOU (A) 2.7, GW34 TOT (H) 3.83, GW35 LEE (A) 3.14, GW36 NFO (H) 3.25, GW37 EVE (A) 3.25, GW38 BHA (H) 2.81"
Bruno Guimarães Rodriguez Moura,MID,Arsenal,6.7,2.88,9.31,9.0,"LEE (H) 2.88, NFO (A) 2.86, EVE (H) 2.7, LIV (A) 2.54, HUL (H) 2.79","GW6 LEE (H) 2.88, GW7 NFO (A) 2.86, GW8 EVE (H) 2.7, GW9 LIV (A) 2.54, GW10 HUL (H) 2.79, GW11 NEW (A) 2.65, GW12 MCI (H) 2.37, GW13 BRE (A) 2.23, GW14 TOT (A) 3.06, GW15 BOU (H) 2.1, GW16 MUN (H) 2.34, GW17 CRY (A) 2.68, GW18 FUL (A) 2.7, GW19 IPS (H) 2.79, GW20 BRE (H) 2.12, GW21 HUL (A) 2.83, GW22 NEW (H) 2.54, GW23 MCI (A) 2.1, GW24 LIV (H) 2.41, GW25 IPS (A) 2.86, GW26 FUL (H) 2.83, GW27 MUN (A) 2.39, GW28 CRY (H) 2.81, GW29 CHE (A) 2.41, GW30 SUN (H) 2.93, GW31 COV (A) 2.91, GW32 AVL (H) 2.9, GW33 BOU (A) 2.13, GW34 TOT (H) 2.87, GW35 LEE (A) 2.68, GW36 NFO (H) 2.54, GW37 EVE (A) 2.6, GW38 BHA (H) 2.1"
Christos Tzolis,MID,Arsenal,6.3,2.72,8.98,16.0,"LEE (H) 2.72, NFO (A) 2.57, EVE (H) 2.76, LIV (A) 2.41, HUL (H) 2.95","GW6 LEE (H) 2.72, GW7 NFO (A) 2.57, GW8 EVE (H) 2.76, GW9 LIV (A) 2.41, GW10 HUL (H) 2.95, GW11 NEW (A) 2.37, GW12 MCI (H) 2.26, GW13 BRE (A) 2.14, GW14 TOT (A) 2.93, GW15 BOU (H) 2.03, GW16 MUN (H) 2.26, GW17 CRY (A) 2.62, GW18 FUL (A) 2.54, GW19 IPS (H) 3.15, GW20 BRE (H) 2.14, GW21 HUL (A) 2.83, GW22 NEW (H) 2.55, GW23 MCI (A) 1.82, GW24 LIV (H) 2.54, GW25 IPS (A) 2.97, GW26 FUL (H) 3.08, GW27 MUN (A) 2.08, GW28 CRY (H) 3.15, GW29 CHE (A) 2.43, GW30 SUN (H) 3.44, GW31 COV (A) 2.93, GW32 AVL (H) 2.97, GW33 BOU (A) 2.09, GW34 TOT (H) 3.38, GW35 LEE (A) 2.47, GW36 NFO (H) 2.55, GW37 EVE (A) 2.54, GW38 BHA (H) 2.19"
Marco Bizot,GK,Aston Villa,4.5,0.48,2.03,1.0,"BRE (H) 0.48, NEW (A) 0.52, MCI (H) 0.7, FUL (H) 0.86, MUN (A) 0.75","GW6 BRE (H) 0.48, GW7 NEW (A) 0.52, GW8 MCI (H) 0.7, GW9 FUL (H) 0.86, GW10 MUN (A) 0.75, GW11 SUN (H) 0.89, GW12 IPS (A) 0.92, GW13 EVE (H) 1.0, GW14 CRY (H) 1.14, GW15 COV (A) 1.09, GW16 CHE (A) 1.04, GW17 LEE (H) 1.06, GW18 LIV (H) 1.05, GW19 BOU (A) 0.93, GW20 EVE (A) 1.0, GW21 MUN (H) 1.04, GW22 FUL (A) 1.01, GW23 IPS (H) 1.15, GW24 SUN (A) 0.99, GW25 BOU (H) 1.05, GW26 LEE (A) 1.0, GW27 CHE (H) 1.19, GW28 LIV (A) 0.99, GW29 HUL (H) 1.15, GW30 NFO (A) 1.0, GW31 BHA (H) 1.08, GW32 ARS (A) 1.06, GW33 COV (H) 1.27, GW34 CRY (A) 1.09, GW35 BRE (A) 0.98, GW36 NEW (H) 1.07, GW37 MCI (A) 0.99, GW38 TOT (H) 1.11"
Lucas Digne,DEF,Aston Villa,4.5,0.18,0.86,0.0,"BRE (H) 0.18, NEW (A) 0.19, MCI (H) 0.23, FUL (H) 0.51, MUN (A) 0.31","GW6 BRE (H) 0.18, GW7 NEW (A) 0.19, GW8 MCI (H) 0.23, GW9 FUL (H) 0.51, GW10 MUN (A) 0.31, GW11 SUN (H) 0.48, GW12 IPS (A) 0.57, GW13 EVE (H) 0.49, GW14 CRY (H) 0.71, GW15 COV (A) 0.71, GW16 CHE (A) 0.49, GW17 LEE (H) 0.48, GW18 LIV (H) 0.44, GW19 BOU (A) 0.47, GW20 EVE (A) 0.5, GW21 MUN (H) 0.44, GW22 FUL (A) 0.5, GW23 IPS (H) 0.69, GW24 SUN (A) 0.57, GW25 BOU (H) 0.51, GW26 LEE (A) 0.46, GW27 CHE (H) 0.55, GW28 LIV (A) 0.41, GW29 HUL (H) 0.72, GW30 NFO (A) 0.49, GW31 BHA (H) 0.52, GW32 ARS (A) 0.53, GW33 COV (H) 0.79, GW34 CRY (A) 0.55, GW35 BRE (A) 0.49, GW36 NEW (H) 0.5, GW37 MCI (A) 0.43, GW38 TOT (H) 0.73"
Matty Cash,DEF,Aston Villa,4.4,1.43,5.39,6.0,"BRE (H) 1.43, NEW (A) 1.62, MCI (H) 1.64, FUL (H) 2.07, MUN (A) 1.69","GW6 BRE (H) 1.43, GW7 NEW (A) 1.62, GW8 MCI (H) 1.64, GW9 FUL (H) 2.07, GW10 MUN (A) 1.69, GW11 SUN (H) 2.21, GW12 IPS (A) 2.21, GW13 EVE (H) 1.94, GW14 CRY (H) 2.37, GW15 COV (A) 2.39, GW16 CHE (A) 1.9, GW17 LEE (H) 2.0, GW18 LIV (H) 1.92, GW19 BOU (A) 1.54, GW20 EVE (A) 1.99, GW21 MUN (H) 1.86, GW22 FUL (A) 2.0, GW23 IPS (H) 2.36, GW24 SUN (A) 2.43, GW25 BOU (H) 1.56, GW26 LEE (A) 2.02, GW27 CHE (H) 1.95, GW28 LIV (A) 1.93, GW29 HUL (H) 2.36, GW30 NFO (A) 1.97, GW31 BHA (H) 1.7, GW32 ARS (A) 1.54, GW33 COV (H) 2.5, GW34 CRY (A) 2.07, GW35 BRE (A) 1.6, GW36 NEW (H) 1.96, GW37 MCI (A) 1.67, GW38 TOT (H) 2.46"
Tyrone Mings,DEF,Aston Villa,4.5,2.87,8.77,10.0,"BRE (H) 2.87, NEW (A) 2.75, MCI (H) 2.48, FUL (H) 2.8, MUN (A) 2.17","GW6 BRE (H) 2.87, GW7 NEW (A) 2.75, GW8 MCI (H) 2.48, GW9 FUL (H) 2.8, GW10 MUN (A) 2.17, GW11 SUN (H) 2.49, GW12 IPS (A) 2.35, GW13 EVE (H) 2.28, GW14 CRY (H) 2.6, GW15 COV (A) 2.53, GW16 CHE (A) 2.14, GW17 LEE (H) 2.22, GW18 LIV (H) 2.1, GW19 BOU (A) 1.9, GW20 EVE (A) 2.1, GW21 MUN (H) 1.96, GW22 FUL (A) 2.09, GW23 IPS (H) 2.31, GW24 SUN (A) 2.35, GW25 BOU (H) 1.96, GW26 LEE (A) 2.1, GW27 CHE (H) 2.15, GW28 LIV (A) 2.02, GW29 HUL (H) 2.29, GW30 NFO (A) 2.07, GW31 BHA (H) 2.02, GW32 ARS (A) 1.92, GW33 COV (H) 2.58, GW34 CRY (A) 2.16, GW35 BRE (A) 1.93, GW36 NEW (H) 2.06, GW37 MCI (A) 1.66, GW38 TOT (H) 2.21"
Pau Torres,DEF,Aston Villa,4.4,0.39,1.88,3.0,"BRE (H) 0.39, NEW (A) 0.45, MCI (H) 0.61, FUL (H) 0.96, MUN (A) 0.7","GW6 BRE (H) 0.39, GW7 NEW (A) 0.45, GW8 MCI (H) 0.61, GW9 FUL (H) 0.96, GW10 MUN (A) 0.7, GW11 SUN (H) 1.17, GW12 IPS (A) 1.02, GW13 EVE (H) 1.03, GW14 CRY (H) 1.29, GW15 COV (A) 1.28, GW16 CHE (A) 1.08, GW17 LEE (H) 1.0, GW18 LIV (H) 0.96, GW19 BOU (A) 1.0, GW20 EVE (A) 1.08, GW21 MUN (H) 0.94, GW22 FUL (A) 1.08, GW23 IPS (H) 1.22, GW24 SUN (A) 1.37, GW25 BOU (H) 1.07, GW26 LEE (A) 0.99, GW27 CHE (H) 1.19, GW28 LIV (A) 0.94, GW29 HUL (H) 1.28, GW30 NFO (A) 0.98, GW31 BHA (H) 1.08, GW32 ARS (A) 1.08, GW33 COV (H) 1.43, GW34 CRY (A) 1.17, GW35 BRE (A) 1.03, GW36 NEW (H) 1.0, GW37 MCI (A) 0.93, GW38 TOT (H) 1.36"
Lamare Bogarde,MID,Aston Villa,4.9,0.24,1.28,1.0,"BRE (H) 0.24, NEW (A) 0.31, MCI (H) 0.46, FUL (H) 0.6, MUN (A) 0.56","GW6 BRE (H) 0.24, GW7 NEW (A) 0.31, GW8 MCI (H) 0.46, GW9 FUL (H) 0.6, GW10 MUN (A) 0.56, GW11 SUN (H) 0.67, GW12 IPS (A) 0.73, GW13 EVE (H) 0.77, GW14 CRY (H) 0.91, GW15 COV (A) 0.91, GW16 CHE (A) 0.86, GW17 LEE (H) 0.85, GW18 LIV (H) 0.84, GW19 BOU (A) 0.77, GW20 EVE (A) 0.83, GW21 MUN (H) 0.87, GW22 FUL (A) 0.84, GW23 IPS (H) 0.95, GW24 SUN (A) 0.86, GW25 BOU (H) 0.86, GW26 LEE (A) 0.85, GW27 CHE (H) 0.98, GW28 LIV (A) 0.84, GW29 HUL (H) 0.95, GW30 NFO (A) 0.88, GW31 BHA (H) 0.89, GW32 ARS (A) 0.92, GW33 COV (H) 1.06, GW34 CRY (A) 0.94, GW35 BRE (A) 0.84, GW36 NEW (H) 0.91, GW37 MCI (A) 0.86, GW38 TOT (H) 0.95"
Ian Maatsen,DEF,Aston Villa,4.4,1.25,4.93,9.0,"BRE (H) 1.25, NEW (A) 1.47, MCI (H) 1.47, FUL (H) 1.94, MUN (A) 1.7","GW6 BRE (H) 1.25, GW7 NEW (A) 1.47, GW8 MCI (H) 1.47, GW9 FUL (H) 1.94, GW10 MUN (A) 1.7, GW11 SUN (H) 2.11, GW12 IPS (A) 2.12, GW13 EVE (H) 1.99, GW14 CRY (H) 2.33, GW15 COV (A) 2.33, GW16 CHE (A) 2.05, GW17 LEE (H) 2.11, GW18 LIV (H) 2.08, GW19 BOU (A) 1.9, GW20 EVE (A) 2.08, GW21 MUN (H) 2.02, GW22 FUL (A) 2.09, GW23 IPS (H) 2.37, GW24 SUN (A) 2.38, GW25 BOU (H) 1.98, GW26 LEE (A) 2.12, GW27 CHE (H) 2.18, GW28 LIV (A) 2.07, GW29 HUL (H) 2.37, GW30 NFO (A) 2.07, GW31 BHA (H) 2.04, GW32 ARS (A) 1.91, GW33 COV (H) 2.51, GW34 CRY (A) 2.17, GW35 BRE (A) 1.97, GW36 NEW (H) 2.1, GW37 MCI (A) 1.9, GW38 TOT (H) 2.36"
Victor Lindelöf,DEF,Aston Villa,4.5,2.81,8.83,8.0,"BRE (H) 2.81, NEW (A) 2.73, MCI (H) 2.49, FUL (H) 3.0, MUN (A) 2.2","GW6 BRE (H) 2.81, GW7 NEW (A) 2.73, GW8 MCI (H) 2.49, GW9 FUL (H) 3.0, GW10 MUN (A) 2.2, GW11 SUN (H) 2.53, GW12 IPS (A) 2.47, GW13 EVE (H) 2.49, GW14 CRY (H) 2.76, GW15 COV (A) 2.67, GW16 CHE (A) 2.28, GW17 LEE (H) 2.37, GW18 LIV (H) 2.27, GW19 BOU (A) 2.03, GW20 EVE (A) 2.39, GW21 MUN (H) 2.19, GW22 FUL (A) 2.4, GW23 IPS (H) 2.56, GW24 SUN (A) 2.53, GW25 BOU (H) 2.15, GW26 LEE (A) 2.25, GW27 CHE (H) 2.38, GW28 LIV (A) 2.18, GW29 HUL (H) 2.58, GW30 NFO (A) 2.27, GW31 BHA (H) 2.18, GW32 ARS (A) 2.01, GW33 COV (H) 2.84, GW34 CRY (A) 2.34, GW35 BRE (A) 2.05, GW36 NEW (H) 2.3, GW37 MCI (A) 1.87, GW38 TOT (H) 2.54"
Andrés García,DEF,Aston Villa,4.0,-0.0,0.42,0.0,"BRE (H) -0.0, NEW (A) 0.06, MCI (H) 0.1, FUL (H) 0.43, MUN (A) 0.18","GW6 BRE (H) -0.0, GW7 NEW (A) 0.06, GW8 MCI (H) 0.1, GW9 FUL (H) 0.43, GW10 MUN (A) 0.18, GW11 SUN (H) 0.41, GW12 IPS (A) 0.53, GW13 EVE (H) 0.33, GW14 CRY (H) 0.62, GW15 COV (A) 0.63, GW16 CHE (A) 0.27, GW17 LEE (H) 0.34, GW18 LIV (H) 0.27, GW19 BOU (A) 0.24, GW20 EVE (A) 0.35, GW21 MUN (H) 0.25, GW22 FUL (A) 0.35, GW23 IPS (H) 0.62, GW24 SUN (A) 0.5, GW25 BOU (H) 0.26, GW26 LEE (A) 0.34, GW27 CHE (H) 0.29, GW28 LIV (A) 0.27, GW29 HUL (H) 0.61, GW30 NFO (A) 0.34, GW31 BHA (H) 0.26, GW32 ARS (A) 0.7, GW33 COV (H) 0.69, GW34 CRY (A) 0.39, GW35 BRE (A) 0.25, GW36 NEW (H) 0.33, GW37 MCI (A) 0.26, GW38 TOT (H) 0.73"
Kosta Nedeljkovic,DEF,Aston Villa,4.0,0.08,0.69,0.0,"BRE (H) 0.08, NEW (A) 0.1, MCI (H) 0.11, FUL (H) 0.68, MUN (A) 0.16","GW6 BRE (H) 0.08, GW7 NEW (A) 0.1, GW8 MCI (H) 0.11, GW9 FUL (H) 0.68, GW10 MUN (A) 0.16, GW11 SUN (H) 0.34, GW12 IPS (A) 0.81, GW13 EVE (H) 0.31, GW14 CRY (H) 0.9, GW15 COV (A) 1.1, GW16 CHE (A) 0.29, GW17 LEE (H) 0.32, GW18 LIV (H) 0.27, GW19 BOU (A) 0.19, GW20 EVE (A) 0.3, GW21 MUN (H) 0.24, GW22 FUL (A) 0.3, GW23 IPS (H) 0.96, GW24 SUN (A) 0.42, GW25 BOU (H) 0.26, GW26 LEE (A) 0.3, GW27 CHE (H) 0.34, GW28 LIV (A) 0.25, GW29 HUL (H) 0.96, GW30 NFO (A) 0.3, GW31 BHA (H) 0.28, GW32 ARS (A) 0.31, GW33 COV (H) 1.07, GW34 CRY (A) 0.33, GW35 BRE (A) 0.22, GW36 NEW (H) 0.29, GW37 MCI (A) 0.23, GW38 TOT (H) 1.02"
Emiliano Buendía Stati,MID,Aston Villa,5.9,4.9,14.06,21.0,"BRE (H) 4.9, NEW (A) 4.36, MCI (H) 3.76, FUL (H) 4.31, MUN (A) 3.34","GW6 BRE (H) 4.9, GW7 NEW (A) 4.36, GW8 MCI (H) 3.76, GW9 FUL (H) 4.31, GW10 MUN (A) 3.34, GW11 SUN (H) 4.14, GW12 IPS (A) 3.69, GW13 EVE (H) 3.44, GW14 CRY (H) 3.55, GW15 COV (A) 3.38, GW16 CHE (A) 2.84, GW17 LEE (H) 3.11, GW18 LIV (H) 2.87, GW19 BOU (A) 2.25, GW20 EVE (A) 2.88, GW21 MUN (H) 2.47, GW22 FUL (A) 2.88, GW23 IPS (H) 3.29, GW24 SUN (A) 3.45, GW25 BOU (H) 2.27, GW26 LEE (A) 2.83, GW27 CHE (H) 2.78, GW28 LIV (A) 2.64, GW29 HUL (H) 3.23, GW30 NFO (A) 2.73, GW31 BHA (H) 2.5, GW32 ARS (A) 1.48, GW33 COV (H) 3.33, GW34 CRY (A) 2.86, GW35 BRE (A) 2.32, GW36 NEW (H) 2.78, GW37 MCI (A) 1.7, GW38 TOT (H) 3.27"
Leon Bailey,MID,Aston Villa,5.4,-0.03,0.31,0.0,"BRE (H) -0.03, NEW (A) 0.02, MCI (H) 0.08, FUL (H) 0.37, MUN (A) 0.18","GW6 BRE (H) -0.03, GW7 NEW (A) 0.02, GW8 MCI (H) 0.08, GW9 FUL (H) 0.37, GW10 MUN (A) 0.18, GW11 SUN (H) 0.43, GW12 IPS (A) 0.5, GW13 EVE (H) 0.36, GW14 CRY (H) 0.62, GW15 COV (A) 0.62, GW16 CHE (A) 0.37, GW17 LEE (H) 0.41, GW18 LIV (H) 0.37, GW19 BOU (A) 0.35, GW20 EVE (A) 0.4, GW21 MUN (H) 0.38, GW22 FUL (A) 0.4, GW23 IPS (H) 0.67, GW24 SUN (A) 0.59, GW25 BOU (H) 0.41, GW26 LEE (A) 0.4, GW27 CHE (H) 0.46, GW28 LIV (A) 0.36, GW29 HUL (H) 0.68, GW30 NFO (A) 0.43, GW31 BHA (H) 0.42, GW32 ARS (A) 0.42, GW33 COV (H) 0.74, GW34 CRY (A) 0.45, GW35 BRE (A) 0.38, GW36 NEW (H) 0.45, GW37 MCI (A) 0.38, GW38 TOT (H) 0.84"
John McGinn,MID,Aston Villa,5.4,4.25,12.23,17.0,"BRE (H) 4.25, NEW (A) 3.74, MCI (H) 3.22, FUL (H) 3.89, MUN (A) 2.89","GW6 BRE (H) 4.25, GW7 NEW (A) 3.74, GW8 MCI (H) 3.22, GW9 FUL (H) 3.89, GW10 MUN (A) 2.89, GW11 SUN (H) 3.7, GW12 IPS (A) 3.18, GW13 EVE (H) 2.95, GW14 CRY (H) 3.17, GW15 COV (A) 3.07, GW16 CHE (A) 2.57, GW17 LEE (H) 2.6, GW18 LIV (H) 2.4, GW19 BOU (A) 2.18, GW20 EVE (A) 2.6, GW21 MUN (H) 2.02, GW22 FUL (A) 2.61, GW23 IPS (H) 2.83, GW24 SUN (A) 2.96, GW25 BOU (H) 2.16, GW26 LEE (A) 2.43, GW27 CHE (H) 2.53, GW28 LIV (A) 2.24, GW29 HUL (H) 2.88, GW30 NFO (A) 2.25, GW31 BHA (H) 2.4, GW32 ARS (A) 1.64, GW33 COV (H) 3.03, GW34 CRY (A) 2.66, GW35 BRE (A) 2.31, GW36 NEW (H) 2.32, GW37 MCI (A) 1.59, GW38 TOT (H) 2.76"
Ross Barkley,MID,Aston Villa,5.0,1.83,5.78,10.0,"BRE (H) 1.83, NEW (A) 1.74, MCI (H) 1.7, FUL (H) 1.87, MUN (A) 1.64","GW6 BRE (H) 1.83, GW7 NEW (A) 1.74, GW8 MCI (H) 1.7, GW9 FUL (H) 1.87, GW10 MUN (A) 1.64, GW11 SUN (H) 1.92, GW12 IPS (A) 1.77, GW13 EVE (H) 1.77, GW14 CRY (H) 1.94, GW15 COV (A) 1.91, GW16 CHE (A) 1.75, GW17 LEE (H) 1.75, GW18 LIV (H) 1.7, GW19 BOU (A) 1.6, GW20 EVE (A) 1.72, GW21 MUN (H) 1.62, GW22 FUL (A) 1.72, GW23 IPS (H) 1.81, GW24 SUN (A) 1.91, GW25 BOU (H) 1.65, GW26 LEE (A) 1.7, GW27 CHE (H) 1.81, GW28 LIV (A) 1.65, GW29 HUL (H) 1.85, GW30 NFO (A) 1.65, GW31 BHA (H) 1.68, GW32 ARS (A) 1.63, GW33 COV (H) 1.98, GW34 CRY (A) 1.8, GW35 BRE (A) 1.62, GW36 NEW (H) 1.68, GW37 MCI (A) 1.57, GW38 TOT (H) 1.74"
Boubacar Kamara,MID,Aston Villa,5.0,2.98,8.9,15.0,"BRE (H) 2.98, NEW (A) 2.81, MCI (H) 2.43, FUL (H) 2.79, MUN (A) 2.17","GW6 BRE (H) 2.98, GW7 NEW (A) 2.81, GW8 MCI (H) 2.43, GW9 FUL (H) 2.79, GW10 MUN (A) 2.17, GW11 SUN (H) 2.84, GW12 IPS (A) 2.46, GW13 EVE (H) 2.3, GW14 CRY (H) 2.59, GW15 COV (A) 2.47, GW16 CHE (A) 2.19, GW17 LEE (H) 2.12, GW18 LIV (H) 2.03, GW19 BOU (A) 1.89, GW20 EVE (A) 2.11, GW21 MUN (H) 1.75, GW22 FUL (A) 2.09, GW23 IPS (H) 2.22, GW24 SUN (A) 2.63, GW25 BOU (H) 1.88, GW26 LEE (A) 2.06, GW27 CHE (H) 2.14, GW28 LIV (A) 1.97, GW29 HUL (H) 2.24, GW30 NFO (A) 1.97, GW31 BHA (H) 2.0, GW32 ARS (A) 2.05, GW33 COV (H) 2.42, GW34 CRY (A) 2.19, GW35 BRE (A) 1.98, GW36 NEW (H) 1.97, GW37 MCI (A) 1.52, GW38 TOT (H) 2.41"
Amadou Onana,MID,Aston Villa,4.9,-0.07,-0.05,0.0,"BRE (H) -0.07, NEW (A) -0.05, MCI (H) -0.01, FUL (H) 0.08, MUN (A) 0.04","GW6 BRE (H) -0.07, GW7 NEW (A) -0.05, GW8 MCI (H) -0.01, GW9 FUL (H) 0.08, GW10 MUN (A) 0.04, GW11 SUN (H) 0.06, GW12 IPS (A) 0.14, GW13 EVE (H) 0.12, GW14 CRY (H) 0.21, GW15 COV (A) 0.23, GW16 CHE (A) 0.17, GW17 LEE (H) 0.15, GW18 LIV (H) 0.13, GW19 BOU (A) 0.12, GW20 EVE (A) 0.15, GW21 MUN (H) 0.14, GW22 FUL (A) 0.15, GW23 IPS (H) 0.22, GW24 SUN (A) 0.15, GW25 BOU (H) 0.14, GW26 LEE (A) 0.15, GW27 CHE (H) 0.21, GW28 LIV (A) 0.13, GW29 HUL (H) 0.21, GW30 NFO (A) 0.18, GW31 BHA (H) 0.15, GW32 ARS (A) 0.63, GW33 COV (H) 0.29, GW34 CRY (A) 0.2, GW35 BRE (A) 0.14, GW36 NEW (H) 0.17, GW37 MCI (A) 0.16, GW38 TOT (H) 0.21"
Samuel Iling-Junior,MID,Aston Villa,5.0,0.03,0.24,0.0,"BRE (H) 0.03, NEW (A) 0.05, MCI (H) 0.09, FUL (H) 0.15, MUN (A) 0.11","GW6 BRE (H) 0.03, GW7 NEW (A) 0.05, GW8 MCI (H) 0.09, GW9 FUL (H) 0.15, GW10 MUN (A) 0.11, GW11 SUN (H) 0.14, GW12 IPS (A) 0.17, GW13 EVE (H) 0.17, GW14 CRY (H) 0.24, GW15 COV (A) 0.23, GW16 CHE (A) 0.19, GW17 LEE (H) 0.17, GW18 LIV (H) 0.17, GW19 BOU (A) 0.1, GW20 EVE (A) 0.16, GW21 MUN (H) 0.17, GW22 FUL (A) 0.16, GW23 IPS (H) 0.23, GW24 SUN (A) 0.16, GW25 BOU (H) 0.14, GW26 LEE (A) 0.15, GW27 CHE (H) 0.23, GW28 LIV (A) 0.15, GW29 HUL (H) 0.23, GW30 NFO (A) 0.18, GW31 BHA (H) 0.14, GW32 ARS (A) 0.22, GW33 COV (H) 0.28, GW34 CRY (A) 0.19, GW35 BRE (A) 0.11, GW36 NEW (H) 0.18, GW37 MCI (A) 0.18, GW38 TOT (H) 0.22"
Bradley Burrowes,MID,Aston Villa,4.5,0.1,0.51,0.0,"BRE (H) 0.1, NEW (A) 0.09, MCI (H) 0.14, FUL (H) 0.33, MUN (A) 0.18","GW6 BRE (H) 0.1, GW7 NEW (A) 0.09, GW8 MCI (H) 0.14, GW9 FUL (H) 0.33, GW10 MUN (A) 0.18, GW11 SUN (H) 0.35, GW12 IPS (A) 0.35, GW13 EVE (H) 0.23, GW14 CRY (H) 0.4, GW15 COV (A) 0.41, GW16 CHE (A) 0.24, GW17 LEE (H) 0.2, GW18 LIV (H) 0.18, GW19 BOU (A) 0.15, GW20 EVE (A) 0.19, GW21 MUN (H) 0.15, GW22 FUL (A) 0.19, GW23 IPS (H) 0.35, GW24 SUN (A) 0.35, GW25 BOU (H) 0.16, GW26 LEE (A) 0.17, GW27 CHE (H) 0.24, GW28 LIV (A) 0.15, GW29 HUL (H) 0.34, GW30 NFO (A) 0.18, GW31 BHA (H) 0.16, GW32 ARS (A) 0.7, GW33 COV (H) 0.42, GW34 CRY (A) 0.22, GW35 BRE (A) 0.15, GW36 NEW (H) 0.16, GW37 MCI (A) 0.16, GW38 TOT (H) 0.51"
George Hemmings,MID,Aston Villa,4.5,1.57,5.28,9.0,"BRE (H) 1.57, NEW (A) 1.56, MCI (H) 1.6, FUL (H) 1.84, MUN (A) 1.55","GW6 BRE (H) 1.57, GW7 NEW (A) 1.56, GW8 MCI (H) 1.6, GW9 FUL (H) 1.84, GW10 MUN (A) 1.55, GW11 SUN (H) 1.77, GW12 IPS (A) 1.79, GW13 EVE (H) 1.76, GW14 CRY (H) 2.0, GW15 COV (A) 2.0, GW16 CHE (A) 1.79, GW17 LEE (H) 1.74, GW18 LIV (H) 1.7, GW19 BOU (A) 1.57, GW20 EVE (A) 1.76, GW21 MUN (H) 1.63, GW22 FUL (A) 1.76, GW23 IPS (H) 1.88, GW24 SUN (A) 1.82, GW25 BOU (H) 1.61, GW26 LEE (A) 1.71, GW27 CHE (H) 1.85, GW28 LIV (A) 1.67, GW29 HUL (H) 1.87, GW30 NFO (A) 1.67, GW31 BHA (H) 1.64, GW32 ARS (A) 1.64, GW33 COV (H) 2.08, GW34 CRY (A) 1.84, GW35 BRE (A) 1.6, GW36 NEW (H) 1.68, GW37 MCI (A) 1.59, GW38 TOT (H) 1.72"
Alysson Edward Franco da Rocha dos Santos,MID,Aston Villa,5.0,1.61,5.12,8.0,"BRE (H) 1.61, NEW (A) 1.65, MCI (H) 1.52, FUL (H) 1.58, MUN (A) 1.34","GW6 BRE (H) 1.61, GW7 NEW (A) 1.65, GW8 MCI (H) 1.52, GW9 FUL (H) 1.58, GW10 MUN (A) 1.34, GW11 SUN (H) 1.32, GW12 IPS (A) 1.3, GW13 EVE (H) 1.3, GW14 CRY (H) 1.37, GW15 COV (A) 1.37, GW16 CHE (A) 1.33, GW17 LEE (H) 1.2, GW18 LIV (H) 1.19, GW19 BOU (A) 1.08, GW20 EVE (A) 1.24, GW21 MUN (H) 1.18, GW22 FUL (A) 1.23, GW23 IPS (H) 1.21, GW24 SUN (A) 1.21, GW25 BOU (H) 1.07, GW26 LEE (A) 1.16, GW27 CHE (H) 1.31, GW28 LIV (A) 1.16, GW29 HUL (H) 1.21, GW30 NFO (A) 1.21, GW31 BHA (H) 1.1, GW32 ARS (A) 1.59, GW33 COV (H) 1.34, GW34 CRY (A) 1.28, GW35 BRE (A) 1.09, GW36 NEW (H) 1.19, GW37 MCI (A) 1.14, GW38 TOT (H) 1.23"
Johan Manzambi,MID,Aston Villa,5.9,3.74,10.76,14.0,"BRE (H) 3.74, NEW (A) 3.28, MCI (H) 2.83, FUL (H) 3.51, MUN (A) 2.4","GW6 BRE (H) 3.74, GW7 NEW (A) 3.28, GW8 MCI (H) 2.83, GW9 FUL (H) 3.51, GW10 MUN (A) 2.4, GW11 SUN (H) 3.01, GW12 IPS (A) 3.05, GW13 EVE (H) 2.49, GW14 CRY (H) 3.07, GW15 COV (A) 2.88, GW16 CHE (A) 2.17, GW17 LEE (H) 2.21, GW18 LIV (H) 2.08, GW19 BOU (A) 1.72, GW20 EVE (A) 2.09, GW21 MUN (H) 1.85, GW22 FUL (A) 2.09, GW23 IPS (H) 2.91, GW24 SUN (A) 2.47, GW25 BOU (H) 1.77, GW26 LEE (A) 1.93, GW27 CHE (H) 2.17, GW28 LIV (A) 1.82, GW29 HUL (H) 2.82, GW30 NFO (A) 1.95, GW31 BHA (H) 1.97, GW32 ARS (A) 1.37, GW33 COV (H) 2.96, GW34 CRY (A) 2.1, GW35 BRE (A) 1.78, GW36 NEW (H) 2.06, GW37 MCI (A) 1.32, GW38 TOT (H) 3.06"
Joao Gomes,MID,Aston Villa,5.5,1.34,4.57,2.0,"BRE (H) 1.34, NEW (A) 1.4, MCI (H) 1.35, FUL (H) 1.64, MUN (A) 1.24","GW6 BRE (H) 1.34, GW7 NEW (A) 1.4, GW8 MCI (H) 1.35, GW9 FUL (H) 1.64, GW10 MUN (A) 1.24, GW11 SUN (H) 1.52, GW12 IPS (A) 1.66, GW13 EVE (H) 1.53, GW14 CRY (H) 1.71, GW15 COV (A) 1.7, GW16 CHE (A) 1.24, GW17 LEE (H) 1.35, GW18 LIV (H) 1.23, GW19 BOU (A) 1.01, GW20 EVE (A) 1.31, GW21 MUN (H) 1.19, GW22 FUL (A) 1.31, GW23 IPS (H) 1.71, GW24 SUN (A) 1.42, GW25 BOU (H) 1.11, GW26 LEE (A) 1.23, GW27 CHE (H) 1.31, GW28 LIV (A) 1.14, GW29 HUL (H) 1.6, GW30 NFO (A) 1.34, GW31 BHA (H) 1.18, GW32 ARS (A) 1.14, GW33 COV (H) 1.74, GW34 CRY (A) 1.34, GW35 BRE (A) 1.06, GW36 NEW (H) 1.36, GW37 MCI (A) 1.02, GW38 TOT (H) 1.62"
Ollie Watkins,FWD,Aston Villa,7.8,0.28,2.43,0.0,"BRE (H) 0.28, NEW (A) 0.31, MCI (H) 0.87, FUL (H) 1.97, MUN (A) 0.76","GW6 BRE (H) 0.28, GW7 NEW (A) 0.31, GW8 MCI (H) 0.87, GW9 FUL (H) 1.97, GW10 MUN (A) 0.76, GW11 SUN (H) 1.88, GW12 IPS (A) 1.8, GW13 EVE (H) 2.12, GW14 CRY (H) 3.04, GW15 COV (A) 2.37, GW16 CHE (A) 1.04, GW17 LEE (H) 2.35, GW18 LIV (H) 2.23, GW19 BOU (A) 0.93, GW20 EVE (A) 1.7, GW21 MUN (H) 2.03, GW22 FUL (A) 1.77, GW23 IPS (H) 2.93, GW24 SUN (A) 1.56, GW25 BOU (H) 1.64, GW26 LEE (A) 1.78, GW27 CHE (H) 1.8, GW28 LIV (A) 1.64, GW29 HUL (H) 2.94, GW30 NFO (A) 1.39, GW31 BHA (H) 1.78, GW32 ARS (A) 0.73, GW33 COV (H) 3.39, GW34 CRY (A) 1.89, GW35 BRE (A) 1.01, GW36 NEW (H) 2.22, GW37 MCI (A) 1.71, GW38 TOT (H) 2.23"
Tammy Abraham,FWD,Aston Villa,5.5,1.03,3.57,4.0,"BRE (H) 1.03, NEW (A) 1.05, MCI (H) 1.1, FUL (H) 1.28, MUN (A) 1.08","GW6 BRE (H) 1.03, GW7 NEW (A) 1.05, GW8 MCI (H) 1.1, GW9 FUL (H) 1.28, GW10 MUN (A) 1.08, GW11 SUN (H) 1.18, GW12 IPS (A) 1.23, GW13 EVE (H) 1.23, GW14 CRY (H) 1.42, GW15 COV (A) 1.4, GW16 CHE (A) 1.28, GW17 LEE (H) 1.18, GW18 LIV (H) 1.18, GW19 BOU (A) 1.1, GW20 EVE (A) 1.2, GW21 MUN (H) 1.16, GW22 FUL (A) 1.2, GW23 IPS (H) 1.32, GW24 SUN (A) 1.19, GW25 BOU (H) 1.15, GW26 LEE (A) 1.13, GW27 CHE (H) 1.34, GW28 LIV (A) 1.13, GW29 HUL (H) 1.32, GW30 NFO (A) 1.16, GW31 BHA (H) 1.18, GW32 ARS (A) 1.25, GW33 COV (H) 1.48, GW34 CRY (A) 1.28, GW35 BRE (A) 1.13, GW36 NEW (H) 1.19, GW37 MCI (A) 1.14, GW38 TOT (H) 1.35"
Alejandro Garnacho Ferreyra,MID,Aston Villa,5.8,0.43,1.98,3.0,"BRE (H) 0.43, NEW (A) 0.52, MCI (H) 0.62, FUL (H) 0.95, MUN (A) 0.7","GW6 BRE (H) 0.43, GW7 NEW (A) 0.52, GW8 MCI (H) 0.62, GW9 FUL (H) 0.95, GW10 MUN (A) 0.7, GW11 SUN (H) 0.93, GW12 IPS (A) 1.06, GW13 EVE (H) 0.88, GW14 CRY (H) 1.2, GW15 COV (A) 1.23, GW16 CHE (A) 0.93, GW17 LEE (H) 0.89, GW18 LIV (H) 0.84, GW19 BOU (A) 0.82, GW20 EVE (A) 0.92, GW21 MUN (H) 0.83, GW22 FUL (A) 0.92, GW23 IPS (H) 1.18, GW24 SUN (A) 1.07, GW25 BOU (H) 0.85, GW26 LEE (A) 0.89, GW27 CHE (H) 0.98, GW28 LIV (A) 0.85, GW29 HUL (H) 1.16, GW30 NFO (A) 0.9, GW31 BHA (H) 0.88, GW32 ARS (A) 1.24, GW33 COV (H) 1.31, GW34 CRY (A) 1.0, GW35 BRE (A) 0.86, GW36 NEW (H) 0.89, GW37 MCI (A) 0.78, GW38 TOT (H) 1.35"
Nicolas Jackson,FWD,Aston Villa,6.5,2.82,8.92,10.0,"BRE (H) 2.82, NEW (A) 2.82, MCI (H) 2.5, FUL (H) 2.87, MUN (A) 2.43","GW6 BRE (H) 2.82, GW7 NEW (A) 2.82, GW8 MCI (H) 2.5, GW9 FUL (H) 2.87, GW10 MUN (A) 2.43, GW11 SUN (H) 2.72, GW12 IPS (A) 2.63, GW13 EVE (H) 2.73, GW14 CRY (H) 2.8, GW15 COV (A) 2.75, GW16 CHE (A) 2.56, GW17 LEE (H) 2.64, GW18 LIV (H) 2.49, GW19 BOU (A) 2.21, GW20 EVE (A) 2.63, GW21 MUN (H) 2.37, GW22 FUL (A) 2.63, GW23 IPS (H) 2.66, GW24 SUN (A) 2.71, GW25 BOU (H) 2.28, GW26 LEE (A) 2.56, GW27 CHE (H) 2.6, GW28 LIV (A) 2.43, GW29 HUL (H) 2.63, GW30 NFO (A) 2.54, GW31 BHA (H) 2.36, GW32 ARS (A) 1.99, GW33 COV (H) 2.84, GW34 CRY (A) 2.69, GW35 BRE (A) 2.26, GW36 NEW (H) 2.52, GW37 MCI (A) 2.14, GW38 TOT (H) 2.77"
Brian Madjo,FWD,Aston Villa,5.4,0.14,0.8,0.0,"BRE (H) 0.14, NEW (A) 0.2, MCI (H) 0.22, FUL (H) 0.49, MUN (A) 0.27","GW6 BRE (H) 0.14, GW7 NEW (A) 0.2, GW8 MCI (H) 0.22, GW9 FUL (H) 0.49, GW10 MUN (A) 0.27, GW11 SUN (H) 0.5, GW12 IPS (A) 0.63, GW13 EVE (H) 0.43, GW14 CRY (H) 0.6, GW15 COV (A) 0.75, GW16 CHE (A) 0.37, GW17 LEE (H) 0.38, GW18 LIV (H) 0.35, GW19 BOU (A) 0.26, GW20 EVE (A) 0.4, GW21 MUN (H) 0.31, GW22 FUL (A) 0.4, GW23 IPS (H) 0.72, GW24 SUN (A) 0.57, GW25 BOU (H) 0.29, GW26 LEE (A) 0.34, GW27 CHE (H) 0.4, GW28 LIV (A) 0.31, GW29 HUL (H) 0.59, GW30 NFO (A) 0.4, GW31 BHA (H) 0.31, GW32 ARS (A) 0.67, GW33 COV (H) 0.72, GW34 CRY (A) 0.43, GW35 BRE (A) 0.28, GW36 NEW (H) 0.38, GW37 MCI (A) 0.3, GW38 TOT (H) 0.73"
Matteo Ruggeri,DEF,Aston Villa,4.5,1.46,4.75,5.0,"BRE (H) 1.46, NEW (A) 1.47, MCI (H) 1.43, FUL (H) 1.55, MUN (A) 1.3","GW6 BRE (H) 1.46, GW7 NEW (A) 1.47, GW8 MCI (H) 1.43, GW9 FUL (H) 1.55, GW10 MUN (A) 1.3, GW11 SUN (H) 1.44, GW12 IPS (A) 1.46, GW13 EVE (H) 1.44, GW14 CRY (H) 1.52, GW15 COV (A) 1.58, GW16 CHE (A) 1.23, GW17 LEE (H) 1.3, GW18 LIV (H) 1.2, GW19 BOU (A) 1.04, GW20 EVE (A) 1.23, GW21 MUN (H) 1.14, GW22 FUL (A) 1.22, GW23 IPS (H) 1.38, GW24 SUN (A) 1.3, GW25 BOU (H) 1.1, GW26 LEE (A) 1.21, GW27 CHE (H) 1.25, GW28 LIV (A) 1.13, GW29 HUL (H) 1.37, GW30 NFO (A) 1.24, GW31 BHA (H) 1.16, GW32 ARS (A) 1.19, GW33 COV (H) 1.48, GW34 CRY (A) 1.25, GW35 BRE (A) 1.08, GW36 NEW (H) 1.22, GW37 MCI (A) 1.0, GW38 TOT (H) 1.34"
Zion Suzuki,GK,Aston Villa,5.0,4.02,11.26,16.0,"BRE (H) 4.02, NEW (A) 3.43, MCI (H) 2.98, FUL (H) 3.47, MUN (A) 2.56","GW6 BRE (H) 4.02, GW7 NEW (A) 3.43, GW8 MCI (H) 2.98, GW9 FUL (H) 3.47, GW10 MUN (A) 2.56, GW11 SUN (H) 3.33, GW12 IPS (A) 2.94, GW13 EVE (H) 2.81, GW14 CRY (H) 3.01, GW15 COV (A) 2.94, GW16 CHE (A) 2.26, GW17 LEE (H) 2.48, GW18 LIV (H) 2.24, GW19 BOU (A) 1.97, GW20 EVE (A) 2.37, GW21 MUN (H) 1.96, GW22 FUL (A) 2.35, GW23 IPS (H) 2.68, GW24 SUN (A) 2.87, GW25 BOU (H) 2.03, GW26 LEE (A) 2.24, GW27 CHE (H) 2.26, GW28 LIV (A) 2.04, GW29 HUL (H) 2.55, GW30 NFO (A) 2.23, GW31 BHA (H) 2.17, GW32 ARS (A) 1.77, GW33 COV (H) 2.88, GW34 CRY (A) 2.37, GW35 BRE (A) 2.02, GW36 NEW (H) 2.29, GW37 MCI (A) 1.49, GW38 TOT (H) 2.78"
Triston Rowe,DEF,Aston Villa,4.0,0.09,0.28,0.0,"BRE (H) 0.09, NEW (A) 0.07, MCI (H) 0.06, FUL (H) 0.15, MUN (A) 0.02","GW6 BRE (H) 0.09, GW7 NEW (A) 0.07, GW8 MCI (H) 0.06, GW9 FUL (H) 0.15, GW10 MUN (A) 0.02, GW11 SUN (H) 0.09, GW12 IPS (A) 0.05, GW13 EVE (H) 0.1, GW14 CRY (H) 0.16, GW15 COV (A) 0.14, GW16 CHE (A) 0.09, GW17 LEE (H) 0.0, GW18 LIV (H) -0.0, GW19 BOU (A) -0.05, GW20 EVE (A) 0.03, GW21 MUN (H) -0.03, GW22 FUL (A) 0.02, GW23 IPS (H) 0.04, GW24 SUN (A) 0.02, GW25 BOU (H) -0.03, GW26 LEE (A) -0.05, GW27 CHE (H) 0.1, GW28 LIV (A) -0.06, GW29 HUL (H) 0.03, GW30 NFO (A) -0.03, GW31 BHA (H) -0.02, GW32 ARS (A) 0.07, GW33 COV (H) 0.16, GW34 CRY (A) 0.05, GW35 BRE (A) -0.06, GW36 NEW (H) -0.02, GW37 MCI (A) -0.05, GW38 TOT (H) 0.14"
Luka Lynch,MID,Aston Villa,4.5,0.17,0.66,0.0,"BRE (H) 0.17, NEW (A) 0.19, MCI (H) 0.2, FUL (H) 0.28, MUN (A) 0.19","GW6 BRE (H) 0.17, GW7 NEW (A) 0.19, GW8 MCI (H) 0.2, GW9 FUL (H) 0.28, GW10 MUN (A) 0.19, GW11 SUN (H) 0.23, GW12 IPS (A) 0.27, GW13 EVE (H) 0.25, GW14 CRY (H) 0.29, GW15 COV (A) 0.47, GW16 CHE (A) 0.22, GW17 LEE (H) 0.22, GW18 LIV (H) 0.2, GW19 BOU (A) 0.08, GW20 EVE (A) 0.19, GW21 MUN (H) 0.17, GW22 FUL (A) 0.19, GW23 IPS (H) 0.27, GW24 SUN (A) 0.2, GW25 BOU (H) 0.11, GW26 LEE (A) 0.18, GW27 CHE (H) 0.24, GW28 LIV (A) 0.16, GW29 HUL (H) 0.27, GW30 NFO (A) 0.19, GW31 BHA (H) 0.13, GW32 ARS (A) 0.24, GW33 COV (H) 0.36, GW34 CRY (A) 0.2, GW35 BRE (A) 0.09, GW36 NEW (H) 0.18, GW37 MCI (A) 0.16, GW38 TOT (H) 0.22"
Aaron Wan-Bissaka,DEF,Aston Villa,4.5,1.59,5.35,6.0,"BRE (H) 1.59, NEW (A) 1.65, MCI (H) 1.6, FUL (H) 1.81, MUN (A) 1.54","GW6 BRE (H) 1.59, GW7 NEW (A) 1.65, GW8 MCI (H) 1.6, GW9 FUL (H) 1.81, GW10 MUN (A) 1.54, GW11 SUN (H) 1.73, GW12 IPS (A) 1.71, GW13 EVE (H) 1.7, GW14 CRY (H) 1.91, GW15 COV (A) 1.92, GW16 CHE (A) 1.7, GW17 LEE (H) 1.62, GW18 LIV (H) 1.6, GW19 BOU (A) 1.4, GW20 EVE (A) 1.69, GW21 MUN (H) 1.52, GW22 FUL (A) 1.68, GW23 IPS (H) 1.73, GW24 SUN (A) 1.75, GW25 BOU (H) 1.41, GW26 LEE (A) 1.61, GW27 CHE (H) 1.71, GW28 LIV (A) 1.59, GW29 HUL (H) 1.71, GW30 NFO (A) 1.58, GW31 BHA (H) 1.44, GW32 ARS (A) 1.93, GW33 COV (H) 1.95, GW34 CRY (A) 1.76, GW35 BRE (A) 1.42, GW36 NEW (H) 1.56, GW37 MCI (A) 1.51, GW38 TOT (H) 1.61"
Leon Goretzka,MID,Aston Villa,5.9,0.33,1.52,0.0,"BRE (H) 0.33, NEW (A) 0.42, MCI (H) 0.48, FUL (H) 0.71, MUN (A) 0.51","GW6 BRE (H) 0.33, GW7 NEW (A) 0.42, GW8 MCI (H) 0.48, GW9 FUL (H) 0.71, GW10 MUN (A) 0.51, GW11 SUN (H) 0.81, GW12 IPS (A) 0.87, GW13 EVE (H) 0.82, GW14 CRY (H) 0.87, GW15 COV (A) 0.78, GW16 CHE (A) 0.75, GW17 LEE (H) 0.76, GW18 LIV (H) 0.72, GW19 BOU (A) 0.51, GW20 EVE (A) 0.78, GW21 MUN (H) 0.67, GW22 FUL (A) 0.78, GW23 IPS (H) 1.08, GW24 SUN (A) 0.92, GW25 BOU (H) 0.6, GW26 LEE (A) 0.68, GW27 CHE (H) 0.86, GW28 LIV (A) 0.65, GW29 HUL (H) 0.91, GW30 NFO (A) 0.72, GW31 BHA (H) 0.68, GW32 ARS (A) 0.69, GW33 COV (H) 1.02, GW34 CRY (A) 0.8, GW35 BRE (A) 0.55, GW36 NEW (H) 0.75, GW37 MCI (A) 0.63, GW38 TOT (H) 0.96"
Taylor Harwood-Bellis,DEF,Aston Villa,4.5,0.05,0.65,0.0,"BRE (H) 0.05, NEW (A) 0.15, MCI (H) 0.19, FUL (H) 0.48, MUN (A) 0.27","GW6 BRE (H) 0.05, GW7 NEW (A) 0.15, GW8 MCI (H) 0.19, GW9 FUL (H) 0.48, GW10 MUN (A) 0.27, GW11 SUN (H) 0.47, GW12 IPS (A) 0.51, GW13 EVE (H) 0.48, GW14 CRY (H) 0.66, GW15 COV (A) 0.66, GW16 CHE (A) 0.4, GW17 LEE (H) 0.44, GW18 LIV (H) 0.38, GW19 BOU (A) 0.27, GW20 EVE (A) 0.48, GW21 MUN (H) 0.38, GW22 FUL (A) 0.49, GW23 IPS (H) 0.61, GW24 SUN (A) 0.55, GW25 BOU (H) 0.31, GW26 LEE (A) 0.42, GW27 CHE (H) 0.46, GW28 LIV (A) 0.35, GW29 HUL (H) 0.6, GW30 NFO (A) 0.45, GW31 BHA (H) 0.34, GW32 ARS (A) 0.4, GW33 COV (H) 0.74, GW34 CRY (A) 0.53, GW35 BRE (A) 0.3, GW36 NEW (H) 0.46, GW37 MCI (A) 0.37, GW38 TOT (H) 0.68"
Ibrahim Mbaye,MID,Aston Villa,6.0,1.26,4.99,2.0,"BRE (H) 1.26, NEW (A) 1.66, MCI (H) 1.48, FUL (H) 1.85, MUN (A) 1.56","GW6 BRE (H) 1.26, GW7 NEW (A) 1.66, GW8 MCI (H) 1.48, GW9 FUL (H) 1.85, GW10 MUN (A) 1.56, GW11 SUN (H) 2.31, GW12 IPS (A) 2.11, GW13 EVE (H) 2.06, GW14 CRY (H) 2.13, GW15 COV (A) 2.02, GW16 CHE (A) 1.93, GW17 LEE (H) 2.0, GW18 LIV (H) 1.95, GW19 BOU (A) 1.71, GW20 EVE (A) 2.05, GW21 MUN (H) 1.84, GW22 FUL (A) 2.06, GW23 IPS (H) 2.44, GW24 SUN (A) 2.58, GW25 BOU (H) 1.84, GW26 LEE (A) 1.93, GW27 CHE (H) 2.09, GW28 LIV (A) 1.88, GW29 HUL (H) 2.22, GW30 NFO (A) 2.37, GW31 BHA (H) 1.89, GW32 ARS (A) 1.83, GW33 COV (H) 2.37, GW34 CRY (A) 2.09, GW35 BRE (A) 1.78, GW36 NEW (H) 2.41, GW37 MCI (A) 1.71, GW38 TOT (H) 2.63"
James Wright,GK,Aston Villa,4.0,0.76,2.2,0.0,"BRE (H) 0.76, NEW (A) 0.67, MCI (H) 0.63, FUL (H) 0.67, MUN (A) 0.52","GW6 BRE (H) 0.76, GW7 NEW (A) 0.67, GW8 MCI (H) 0.63, GW9 FUL (H) 0.67, GW10 MUN (A) 0.52, GW11 SUN (H) 0.5, GW12 IPS (A) 0.54, GW13 EVE (H) 0.47, GW14 CRY (H) 0.57, GW15 COV (A) 0.54, GW16 CHE (A) 0.42, GW17 LEE (H) 0.4, GW18 LIV (H) 0.37, GW19 BOU (A) 0.32, GW20 EVE (A) 0.34, GW21 MUN (H) 0.35, GW22 FUL (A) 0.33, GW23 IPS (H) 0.46, GW24 SUN (A) 0.32, GW25 BOU (H) 0.33, GW26 LEE (A) 0.31, GW27 CHE (H) 0.4, GW28 LIV (A) 0.3, GW29 HUL (H) 0.43, GW30 NFO (A) 0.34, GW31 BHA (H) 0.33, GW32 ARS (A) 0.38, GW33 COV (H) 0.51, GW34 CRY (A) 0.35, GW35 BRE (A) 0.29, GW36 NEW (H) 0.34, GW37 MCI (A) 0.32, GW38 TOT (H) 0.39"
Đorđe Petrović,GK,Bournemouth,4.5,1.78,6.03,9.0,"CHE (A) 1.78, SUN (H) 2.08, MUN (A) 1.69, LEE (H) 1.89, IPS (A) 2.25","GW6 CHE (A) 1.78, GW7 SUN (H) 2.08, GW8 MUN (A) 1.69, GW9 LEE (H) 1.89, GW10 IPS (A) 2.25, GW11 NFO (H) 2.18, GW12 FUL (A) 2.31, GW13 BHA (H) 2.16, GW14 HUL (H) 2.54, GW15 ARS (A) 1.72, GW16 COV (H) 2.87, GW17 TOT (A) 2.79, GW18 CRY (A) 2.43, GW19 AVL (H) 2.42, GW20 BHA (A) 2.01, GW21 IPS (H) 2.66, GW22 NFO (A) 2.38, GW23 FUL (H) 2.86, GW24 LEE (A) 2.01, GW25 AVL (A) 2.32, GW26 CRY (H) 2.88, GW27 COV (A) 2.84, GW28 TOT (H) 2.7, GW29 NEW (H) 2.3, GW30 BRE (A) 2.14, GW31 MCI (H) 1.93, GW32 EVE (A) 2.36, GW33 ARS (H) 2.01, GW34 HUL (A) 2.55, GW35 MUN (H) 1.93, GW36 SUN (A) 2.68, GW37 CHE (H) 2.52, GW38 LIV (A) 1.88"
Fraser Forster,GK,Bournemouth,4.0,0.17,0.78,0.0,"CHE (A) 0.17, SUN (H) 0.18, MUN (A) 0.19, LEE (H) 0.29, IPS (A) 0.51","GW6 CHE (A) 0.17, GW7 SUN (H) 0.18, GW8 MUN (A) 0.19, GW9 LEE (H) 0.29, GW10 IPS (A) 0.51, GW11 NFO (H) 0.67, GW12 FUL (A) 0.82, GW13 BHA (H) 0.75, GW14 HUL (H) 0.9, GW15 ARS (A) 0.8, GW16 COV (H) 1.15, GW17 TOT (A) 0.91, GW18 CRY (A) 1.03, GW19 AVL (H) 1.02, GW20 BHA (A) 0.79, GW21 IPS (H) 1.0, GW22 NFO (A) 0.91, GW23 FUL (H) 1.11, GW24 LEE (A) 0.87, GW25 AVL (A) 1.02, GW26 CRY (H) 1.2, GW27 COV (A) 1.2, GW28 TOT (H) 1.02, GW29 NEW (H) 0.9, GW30 BRE (A) 0.84, GW31 MCI (H) 0.85, GW32 EVE (A) 0.99, GW33 ARS (H) 0.89, GW34 HUL (A) 0.98, GW35 MUN (H) 0.85, GW36 SUN (A) 0.94, GW37 CHE (H) 1.1, GW38 LIV (A) 0.85"
Will Dennis,GK,Bournemouth,4.0,0.05,0.24,0.0,"CHE (A) 0.05, SUN (H) 0.08, MUN (A) 0.0, LEE (H) 0.08, IPS (A) 0.2","GW6 CHE (A) 0.05, GW7 SUN (H) 0.08, GW8 MUN (A) 0.0, GW9 LEE (H) 0.08, GW10 IPS (A) 0.2, GW11 NFO (H) 0.14, GW12 FUL (A) 0.12, GW13 BHA (H) 0.18, GW14 HUL (H) 0.27, GW15 ARS (A) 0.21, GW16 COV (H) 0.4, GW17 TOT (A) 0.24, GW18 CRY (A) 0.22, GW19 AVL (H) 0.41, GW20 BHA (A) 0.14, GW21 IPS (H) 0.3, GW22 NFO (A) 0.16, GW23 FUL (H) 0.31, GW24 LEE (A) 0.13, GW25 AVL (A) 0.38, GW26 CRY (H) 0.4, GW27 COV (A) 0.39, GW28 TOT (H) 0.39, GW29 NEW (H) 0.14, GW30 BRE (A) 0.16, GW31 MCI (H) 0.13, GW32 EVE (A) 0.14, GW33 ARS (H) 0.26, GW34 HUL (A) 0.26, GW35 MUN (H) 0.13, GW36 SUN (A) 0.24, GW37 CHE (H) 0.28, GW38 LIV (A) 0.11"
James Hill,DEF,Bournemouth,5.5,2.83,8.75,12.0,"CHE (A) 2.83, SUN (H) 3.01, MUN (A) 2.5, LEE (H) 2.67, IPS (A) 2.92","GW6 CHE (A) 2.83, GW7 SUN (H) 3.01, GW8 MUN (A) 2.5, GW9 LEE (H) 2.67, GW10 IPS (A) 2.92, GW11 NFO (H) 2.73, GW12 FUL (A) 2.74, GW13 BHA (H) 2.66, GW14 HUL (H) 2.94, GW15 ARS (A) 2.14, GW16 COV (H) 3.19, GW17 TOT (A) 3.0, GW18 CRY (A) 2.76, GW19 AVL (H) 2.85, GW20 BHA (A) 2.32, GW21 IPS (H) 2.97, GW22 NFO (A) 2.64, GW23 FUL (H) 3.0, GW24 LEE (A) 2.37, GW25 AVL (A) 2.72, GW26 CRY (H) 3.13, GW27 COV (A) 3.08, GW28 TOT (H) 2.95, GW29 NEW (H) 2.55, GW30 BRE (A) 2.47, GW31 MCI (H) 2.22, GW32 EVE (A) 2.63, GW33 ARS (H) 2.26, GW34 HUL (A) 2.82, GW35 MUN (H) 2.22, GW36 SUN (A) 2.83, GW37 CHE (H) 2.77, GW38 LIV (A) 2.2"
Adrien Truffert,DEF,Bournemouth,5.4,2.26,7.42,10.0,"CHE (A) 2.26, SUN (H) 2.56, MUN (A) 2.13, LEE (H) 2.33, IPS (A) 2.6","GW6 CHE (A) 2.26, GW7 SUN (H) 2.56, GW8 MUN (A) 2.13, GW9 LEE (H) 2.33, GW10 IPS (A) 2.6, GW11 NFO (H) 2.54, GW12 FUL (A) 2.67, GW13 BHA (H) 2.53, GW14 HUL (H) 2.81, GW15 ARS (A) 2.13, GW16 COV (H) 3.1, GW17 TOT (A) 3.16, GW18 CRY (A) 2.89, GW19 AVL (H) 2.72, GW20 BHA (A) 2.41, GW21 IPS (H) 2.93, GW22 NFO (A) 2.81, GW23 FUL (H) 2.98, GW24 LEE (A) 2.55, GW25 AVL (A) 2.69, GW26 CRY (H) 3.1, GW27 COV (A) 3.13, GW28 TOT (H) 2.98, GW29 NEW (H) 2.66, GW30 BRE (A) 2.59, GW31 MCI (H) 2.33, GW32 EVE (A) 2.83, GW33 ARS (H) 2.36, GW34 HUL (A) 2.89, GW35 MUN (H) 2.33, GW36 SUN (A) 3.24, GW37 CHE (H) 2.87, GW38 LIV (A) 2.39"
Bafodé Diakité,DEF,Bournemouth,4.9,-0.07,-0.05,0.0,"CHE (A) -0.07, SUN (H) -0.04, MUN (A) -0.08, LEE (H) 0.0, IPS (A) 0.16","GW6 CHE (A) -0.07, GW7 SUN (H) -0.04, GW8 MUN (A) -0.08, GW9 LEE (H) 0.0, GW10 IPS (A) 0.16, GW11 NFO (H) 0.09, GW12 FUL (A) 0.11, GW13 BHA (H) 0.15, GW14 HUL (H) 0.28, GW15 ARS (A) 0.21, GW16 COV (H) 0.42, GW17 TOT (A) 0.29, GW18 CRY (A) 0.27, GW19 AVL (H) 0.42, GW20 BHA (A) 0.18, GW21 IPS (H) 0.34, GW22 NFO (A) 0.21, GW23 FUL (H) 0.35, GW24 LEE (A) 0.18, GW25 AVL (A) 0.43, GW26 CRY (H) 0.44, GW27 COV (A) 0.45, GW28 TOT (H) 0.44, GW29 NEW (H) 0.18, GW30 BRE (A) 0.21, GW31 MCI (H) 0.16, GW32 EVE (A) 0.2, GW33 ARS (H) 0.29, GW34 HUL (A) 0.34, GW35 MUN (H) 0.17, GW36 SUN (A) 0.3, GW37 CHE (H) 0.32, GW38 LIV (A) 0.17"
Veljko Milosavljevic,DEF,Bournemouth,4.9,0.05,0.19,0.0,"CHE (A) 0.05, SUN (H) 0.07, MUN (A) 0.02, LEE (H) 0.07, IPS (A) 0.09","GW6 CHE (A) 0.05, GW7 SUN (H) 0.07, GW8 MUN (A) 0.02, GW9 LEE (H) 0.07, GW10 IPS (A) 0.09, GW11 NFO (H) 0.12, GW12 FUL (A) 0.08, GW13 BHA (H) 0.12, GW14 HUL (H) 0.14, GW15 ARS (A) 0.16, GW16 COV (H) 0.24, GW17 TOT (A) 0.19, GW18 CRY (A) 0.17, GW19 AVL (H) 0.31, GW20 BHA (A) 0.1, GW21 IPS (H) 0.15, GW22 NFO (A) 0.14, GW23 FUL (H) 0.15, GW24 LEE (A) 0.09, GW25 AVL (A) 0.29, GW26 CRY (H) 0.23, GW27 COV (A) 0.22, GW28 TOT (H) 0.22, GW29 NEW (H) 0.12, GW30 BRE (A) 0.11, GW31 MCI (H) 0.11, GW32 EVE (A) 0.1, GW33 ARS (H) 0.21, GW34 HUL (A) 0.12, GW35 MUN (H) 0.11, GW36 SUN (A) 0.19, GW37 CHE (H) 0.22, GW38 LIV (A) 0.08"
Adam Smith,DEF,Bournemouth,4.5,1.13,3.73,4.0,"CHE (A) 1.13, SUN (H) 1.13, MUN (A) 1.18, LEE (H) 1.3, IPS (A) 1.32","GW6 CHE (A) 1.13, GW7 SUN (H) 1.13, GW8 MUN (A) 1.18, GW9 LEE (H) 1.3, GW10 IPS (A) 1.32, GW11 NFO (H) 1.32, GW12 FUL (A) 1.39, GW13 BHA (H) 1.44, GW14 HUL (H) 1.44, GW15 ARS (A) 1.48, GW16 COV (H) 1.61, GW17 TOT (A) 1.53, GW18 CRY (A) 1.6, GW19 AVL (H) 1.71, GW20 BHA (A) 1.47, GW21 IPS (H) 1.5, GW22 NFO (A) 1.45, GW23 FUL (H) 1.51, GW24 LEE (A) 1.44, GW25 AVL (A) 1.72, GW26 CRY (H) 1.64, GW27 COV (A) 1.65, GW28 TOT (H) 1.48, GW29 NEW (H) 1.43, GW30 BRE (A) 1.52, GW31 MCI (H) 1.4, GW32 EVE (A) 1.51, GW33 ARS (H) 1.58, GW34 HUL (A) 1.5, GW35 MUN (H) 1.4, GW36 SUN (A) 1.4, GW37 CHE (H) 1.65, GW38 LIV (A) 1.42"
Julián Araujo Zúñiga,DEF,Bournemouth,4.4,0.06,0.21,0.0,"CHE (A) 0.06, SUN (H) 0.05, MUN (A) 0.03, LEE (H) 0.09, IPS (A) 0.12","GW6 CHE (A) 0.06, GW7 SUN (H) 0.05, GW8 MUN (A) 0.03, GW9 LEE (H) 0.09, GW10 IPS (A) 0.12, GW11 NFO (H) 0.14, GW12 FUL (A) 0.1, GW13 BHA (H) 0.16, GW14 HUL (H) 0.18, GW15 ARS (A) 0.19, GW16 COV (H) 0.29, GW17 TOT (A) 0.16, GW18 CRY (A) 0.2, GW19 AVL (H) 0.39, GW20 BHA (A) 0.12, GW21 IPS (H) 0.19, GW22 NFO (A) 0.16, GW23 FUL (H) 0.19, GW24 LEE (A) 0.11, GW25 AVL (A) 0.36, GW26 CRY (H) 0.28, GW27 COV (A) 0.26, GW28 TOT (H) 0.2, GW29 NEW (H) 0.15, GW30 BRE (A) 0.14, GW31 MCI (H) 0.13, GW32 EVE (A) 0.12, GW33 ARS (H) 0.24, GW34 HUL (A) 0.15, GW35 MUN (H) 0.13, GW36 SUN (A) 0.14, GW37 CHE (H) 0.25, GW38 LIV (A) 0.1"
Julio Soler Barreto,DEF,Bournemouth,4.0,0.05,0.02,0.0,"CHE (A) 0.05, SUN (H) -0.01, MUN (A) -0.05, LEE (H) 0.0, IPS (A) 0.02","GW6 CHE (A) 0.05, GW7 SUN (H) -0.01, GW8 MUN (A) -0.05, GW9 LEE (H) 0.0, GW10 IPS (A) 0.02, GW11 NFO (H) 0.02, GW12 FUL (A) 0.07, GW13 BHA (H) 0.07, GW14 HUL (H) 0.05, GW15 ARS (A) 0.13, GW16 COV (H) 0.25, GW17 TOT (A) 0.05, GW18 CRY (A) 0.16, GW19 AVL (H) 0.27, GW20 BHA (A) 0.03, GW21 IPS (H) 0.07, GW22 NFO (A) 0.02, GW23 FUL (H) 0.15, GW24 LEE (A) -0.01, GW25 AVL (A) 0.24, GW26 CRY (H) 0.24, GW27 COV (A) 0.22, GW28 TOT (H) 0.09, GW29 NEW (H) 0.01, GW30 BRE (A) 0.03, GW31 MCI (H) 0.0, GW32 EVE (A) 0.08, GW33 ARS (H) 0.18, GW34 HUL (A) 0.02, GW35 MUN (H) 0.0, GW36 SUN (A) 0.03, GW37 CHE (H) 0.23, GW38 LIV (A) -0.01"
Rayan Vitor Simplício Rocha,MID,Bournemouth,6.3,2.85,9.09,10.0,"CHE (A) 2.85, SUN (H) 3.03, MUN (A) 2.69, LEE (H) 2.97, IPS (A) 3.02","GW6 CHE (A) 2.85, GW7 SUN (H) 3.03, GW8 MUN (A) 2.69, GW9 LEE (H) 2.97, GW10 IPS (A) 3.02, GW11 NFO (H) 2.91, GW12 FUL (A) 3.14, GW13 BHA (H) 3.06, GW14 HUL (H) 3.13, GW15 ARS (A) 2.55, GW16 COV (H) 3.23, GW17 TOT (A) 3.5, GW18 CRY (A) 3.24, GW19 AVL (H) 3.26, GW20 BHA (A) 2.88, GW21 IPS (H) 3.12, GW22 NFO (A) 3.01, GW23 FUL (H) 3.15, GW24 LEE (A) 3.07, GW25 AVL (A) 3.24, GW26 CRY (H) 3.27, GW27 COV (A) 3.24, GW28 TOT (H) 3.14, GW29 NEW (H) 2.95, GW30 BRE (A) 2.99, GW31 MCI (H) 2.81, GW32 EVE (A) 3.17, GW33 ARS (H) 2.72, GW34 HUL (A) 3.06, GW35 MUN (H) 2.81, GW36 SUN (A) 3.41, GW37 CHE (H) 3.22, GW38 LIV (A) 2.97"
Marcus Tavernier,MID,Bournemouth,6.1,5.6,15.42,31.0,"CHE (A) 5.6, SUN (H) 5.69, MUN (A) 4.41, LEE (H) 4.13, IPS (A) 4.1","GW6 CHE (A) 5.6, GW7 SUN (H) 5.69, GW8 MUN (A) 4.41, GW9 LEE (H) 4.13, GW10 IPS (A) 4.1, GW11 NFO (H) 3.89, GW12 FUL (A) 4.06, GW13 BHA (H) 3.05, GW14 HUL (H) 3.1, GW15 ARS (A) 3.13, GW16 COV (H) 3.43, GW17 TOT (A) 3.81, GW18 CRY (A) 3.7, GW19 AVL (H) 4.29, GW20 BHA (A) 2.94, GW21 IPS (H) 3.38, GW22 NFO (A) 3.46, GW23 FUL (H) 3.37, GW24 LEE (A) 3.31, GW25 AVL (A) 4.57, GW26 CRY (H) 3.26, GW27 COV (A) 3.25, GW28 TOT (H) 2.79, GW29 NEW (H) 3.24, GW30 BRE (A) 2.97, GW31 MCI (H) 2.39, GW32 EVE (A) 3.52, GW33 ARS (H) 2.03, GW34 HUL (A) 2.98, GW35 MUN (H) 2.72, GW36 SUN (A) 4.15, GW37 CHE (H) 3.2, GW38 LIV (A) 3.19"
Alex Scott,MID,Bournemouth,6.1,5.07,14.1,30.0,"CHE (A) 5.07, SUN (H) 4.97, MUN (A) 3.86, LEE (H) 4.15, IPS (A) 4.01","GW6 CHE (A) 5.07, GW7 SUN (H) 4.97, GW8 MUN (A) 3.86, GW9 LEE (H) 4.15, GW10 IPS (A) 4.01, GW11 NFO (H) 3.71, GW12 FUL (A) 3.95, GW13 BHA (H) 3.27, GW14 HUL (H) 3.45, GW15 ARS (A) 2.09, GW16 COV (H) 3.69, GW17 TOT (A) 3.64, GW18 CRY (A) 3.53, GW19 AVL (H) 3.06, GW20 BHA (A) 2.84, GW21 IPS (H) 3.33, GW22 NFO (A) 3.04, GW23 FUL (H) 3.63, GW24 LEE (A) 3.02, GW25 AVL (A) 2.97, GW26 CRY (H) 3.64, GW27 COV (A) 3.5, GW28 TOT (H) 3.32, GW29 NEW (H) 2.99, GW30 BRE (A) 2.8, GW31 MCI (H) 2.4, GW32 EVE (A) 3.31, GW33 ARS (H) 2.02, GW34 HUL (A) 3.17, GW35 MUN (H) 2.42, GW36 SUN (A) 3.74, GW37 CHE (H) 3.24, GW38 LIV (A) 2.99"
Justin Kluivert,MID,Bournemouth,6.0,1.06,4.65,15.0,"CHE (A) 1.06, SUN (H) 1.69, MUN (A) 1.26, LEE (H) 1.72, IPS (A) 1.88","GW6 CHE (A) 1.06, GW7 SUN (H) 1.69, GW8 MUN (A) 1.26, GW9 LEE (H) 1.72, GW10 IPS (A) 1.88, GW11 NFO (H) 1.92, GW12 FUL (A) 1.96, GW13 BHA (H) 1.86, GW14 HUL (H) 2.1, GW15 ARS (A) 1.55, GW16 COV (H) 2.34, GW17 TOT (A) 2.37, GW18 CRY (A) 2.2, GW19 AVL (H) 2.25, GW20 BHA (A) 1.93, GW21 IPS (H) 2.27, GW22 NFO (A) 2.13, GW23 FUL (H) 2.33, GW24 LEE (A) 2.1, GW25 AVL (A) 2.23, GW26 CRY (H) 2.43, GW27 COV (A) 2.39, GW28 TOT (H) 2.58, GW29 NEW (H) 2.1, GW30 BRE (A) 1.98, GW31 MCI (H) 1.91, GW32 EVE (A) 2.15, GW33 ARS (H) 1.84, GW34 HUL (A) 2.22, GW35 MUN (H) 1.91, GW36 SUN (A) 2.65, GW37 CHE (H) 2.35, GW38 LIV (A) 2.1"
Lewis Cook,MID,Bournemouth,5.0,1.13,3.83,8.0,"CHE (A) 1.13, SUN (H) 1.2, MUN (A) 1.22, LEE (H) 1.35, IPS (A) 1.33","GW6 CHE (A) 1.13, GW7 SUN (H) 1.2, GW8 MUN (A) 1.22, GW9 LEE (H) 1.35, GW10 IPS (A) 1.33, GW11 NFO (H) 1.41, GW12 FUL (A) 1.33, GW13 BHA (H) 1.43, GW14 HUL (H) 1.46, GW15 ARS (A) 1.4, GW16 COV (H) 1.61, GW17 TOT (A) 1.41, GW18 CRY (A) 1.47, GW19 AVL (H) 1.65, GW20 BHA (A) 1.33, GW21 IPS (H) 1.47, GW22 NFO (A) 1.39, GW23 FUL (H) 1.48, GW24 LEE (A) 1.34, GW25 AVL (A) 1.56, GW26 CRY (H) 1.61, GW27 COV (A) 1.53, GW28 TOT (H) 1.51, GW29 NEW (H) 1.41, GW30 BRE (A) 1.36, GW31 MCI (H) 1.39, GW32 EVE (A) 1.35, GW33 ARS (H) 1.51, GW34 HUL (A) 1.38, GW35 MUN (H) 1.39, GW36 SUN (A) 1.37, GW37 CHE (H) 1.57, GW38 LIV (A) 1.31"
Ben Gannon-Doak,MID,Bournemouth,4.9,1.08,3.48,4.0,"CHE (A) 1.08, SUN (H) 1.06, MUN (A) 1.12, LEE (H) 1.16, IPS (A) 1.22","GW6 CHE (A) 1.08, GW7 SUN (H) 1.06, GW8 MUN (A) 1.12, GW9 LEE (H) 1.16, GW10 IPS (A) 1.22, GW11 NFO (H) 1.2, GW12 FUL (A) 1.19, GW13 BHA (H) 1.22, GW14 HUL (H) 1.27, GW15 ARS (A) 1.26, GW16 COV (H) 1.4, GW17 TOT (A) 1.25, GW18 CRY (A) 1.32, GW19 AVL (H) 1.47, GW20 BHA (A) 1.21, GW21 IPS (H) 1.29, GW22 NFO (A) 1.26, GW23 FUL (H) 1.29, GW24 LEE (A) 1.21, GW25 AVL (A) 1.48, GW26 CRY (H) 1.4, GW27 COV (A) 1.42, GW28 TOT (H) 1.3, GW29 NEW (H) 1.22, GW30 BRE (A) 1.23, GW31 MCI (H) 1.21, GW32 EVE (A) 1.22, GW33 ARS (H) 1.3, GW34 HUL (A) 1.28, GW35 MUN (H) 1.21, GW36 SUN (A) 1.24, GW37 CHE (H) 1.35, GW38 LIV (A) 1.2"
Tyler Adams,MID,Bournemouth,5.0,3.45,10.28,12.0,"CHE (A) 3.45, SUN (H) 3.68, MUN (A) 2.91, LEE (H) 3.17, IPS (A) 2.97","GW6 CHE (A) 3.45, GW7 SUN (H) 3.68, GW8 MUN (A) 2.91, GW9 LEE (H) 3.17, GW10 IPS (A) 2.97, GW11 NFO (H) 2.88, GW12 FUL (A) 2.97, GW13 BHA (H) 2.88, GW14 HUL (H) 2.9, GW15 ARS (A) 2.43, GW16 COV (H) 3.27, GW17 TOT (A) 3.26, GW18 CRY (A) 2.98, GW19 AVL (H) 3.09, GW20 BHA (A) 2.6, GW21 IPS (H) 2.87, GW22 NFO (A) 2.74, GW23 FUL (H) 3.12, GW24 LEE (A) 2.74, GW25 AVL (A) 2.99, GW26 CRY (H) 3.24, GW27 COV (A) 3.17, GW28 TOT (H) 2.99, GW29 NEW (H) 2.7, GW30 BRE (A) 2.7, GW31 MCI (H) 2.45, GW32 EVE (A) 2.84, GW33 ARS (H) 2.6, GW34 HUL (A) 2.76, GW35 MUN (H) 2.45, GW36 SUN (A) 3.24, GW37 CHE (H) 2.92, GW38 LIV (A) 2.61"
David Brooks,MID,Bournemouth,5.0,0.85,2.94,3.0,"CHE (A) 0.85, SUN (H) 0.9, MUN (A) 0.98, LEE (H) 1.0, IPS (A) 1.08","GW6 CHE (A) 0.85, GW7 SUN (H) 0.9, GW8 MUN (A) 0.98, GW9 LEE (H) 1.0, GW10 IPS (A) 1.08, GW11 NFO (H) 1.16, GW12 FUL (A) 1.13, GW13 BHA (H) 1.18, GW14 HUL (H) 1.22, GW15 ARS (A) 1.25, GW16 COV (H) 1.39, GW17 TOT (A) 1.28, GW18 CRY (A) 1.33, GW19 AVL (H) 1.45, GW20 BHA (A) 1.22, GW21 IPS (H) 1.26, GW22 NFO (A) 1.31, GW23 FUL (H) 1.29, GW24 LEE (A) 1.18, GW25 AVL (A) 1.46, GW26 CRY (H) 1.42, GW27 COV (A) 1.43, GW28 TOT (H) 1.36, GW29 NEW (H) 1.28, GW30 BRE (A) 1.26, GW31 MCI (H) 1.26, GW32 EVE (A) 1.24, GW33 ARS (H) 1.33, GW34 HUL (A) 1.28, GW35 MUN (H) 1.26, GW36 SUN (A) 1.29, GW37 CHE (H) 1.38, GW38 LIV (A) 1.17"
Ryan Christie,MID,Bournemouth,5.0,1.39,4.37,5.0,"CHE (A) 1.39, SUN (H) 1.42, MUN (A) 1.35, LEE (H) 1.4, IPS (A) 1.45","GW6 CHE (A) 1.39, GW7 SUN (H) 1.42, GW8 MUN (A) 1.35, GW9 LEE (H) 1.4, GW10 IPS (A) 1.45, GW11 NFO (H) 1.4, GW12 FUL (A) 1.44, GW13 BHA (H) 1.46, GW14 HUL (H) 1.56, GW15 ARS (A) 1.49, GW16 COV (H) 1.73, GW17 TOT (A) 1.47, GW18 CRY (A) 1.58, GW19 AVL (H) 1.75, GW20 BHA (A) 1.4, GW21 IPS (H) 1.56, GW22 NFO (A) 1.42, GW23 FUL (H) 1.62, GW24 LEE (A) 1.39, GW25 AVL (A) 1.71, GW26 CRY (H) 1.74, GW27 COV (A) 1.71, GW28 TOT (H) 1.61, GW29 NEW (H) 1.42, GW30 BRE (A) 1.44, GW31 MCI (H) 1.39, GW32 EVE (A) 1.48, GW33 ARS (H) 1.56, GW34 HUL (A) 1.54, GW35 MUN (H) 1.39, GW36 SUN (A) 1.47, GW37 CHE (H) 1.63, GW38 LIV (A) 1.36"
Alex Tóth,MID,Bournemouth,4.9,0.65,2.14,2.0,"CHE (A) 0.65, SUN (H) 0.65, MUN (A) 0.69, LEE (H) 0.72, IPS (A) 0.77","GW6 CHE (A) 0.65, GW7 SUN (H) 0.65, GW8 MUN (A) 0.69, GW9 LEE (H) 0.72, GW10 IPS (A) 0.77, GW11 NFO (H) 0.75, GW12 FUL (A) 0.73, GW13 BHA (H) 0.75, GW14 HUL (H) 0.79, GW15 ARS (A) 0.8, GW16 COV (H) 0.92, GW17 TOT (A) 0.77, GW18 CRY (A) 0.83, GW19 AVL (H) 0.94, GW20 BHA (A) 0.73, GW21 IPS (H) 0.79, GW22 NFO (A) 0.76, GW23 FUL (H) 0.79, GW24 LEE (A) 0.71, GW25 AVL (A) 0.94, GW26 CRY (H) 0.9, GW27 COV (A) 0.91, GW28 TOT (H) 0.8, GW29 NEW (H) 0.72, GW30 BRE (A) 0.73, GW31 MCI (H) 0.72, GW32 EVE (A) 0.72, GW33 ARS (H) 0.81, GW34 HUL (A) 0.78, GW35 MUN (H) 0.72, GW36 SUN (A) 0.74, GW37 CHE (H) 0.86, GW38 LIV (A) 0.71"
Amine Adli,MID,Bournemouth,4.9,0.05,0.19,0.0,"CHE (A) 0.05, SUN (H) 0.03, MUN (A) 0.04, LEE (H) 0.08, IPS (A) 0.13","GW6 CHE (A) 0.05, GW7 SUN (H) 0.03, GW8 MUN (A) 0.04, GW9 LEE (H) 0.08, GW10 IPS (A) 0.13, GW11 NFO (H) 0.14, GW12 FUL (A) 0.12, GW13 BHA (H) 0.15, GW14 HUL (H) 0.17, GW15 ARS (A) 0.19, GW16 COV (H) 0.27, GW17 TOT (A) 0.18, GW18 CRY (A) 0.21, GW19 AVL (H) 0.38, GW20 BHA (A) 0.13, GW21 IPS (H) 0.19, GW22 NFO (A) 0.18, GW23 FUL (H) 0.19, GW24 LEE (A) 0.13, GW25 AVL (A) 0.37, GW26 CRY (H) 0.26, GW27 COV (A) 0.27, GW28 TOT (H) 0.2, GW29 NEW (H) 0.15, GW30 BRE (A) 0.15, GW31 MCI (H) 0.13, GW32 EVE (A) 0.14, GW33 ARS (H) 0.23, GW34 HUL (A) 0.17, GW35 MUN (H) 0.13, GW36 SUN (A) 0.16, GW37 CHE (H) 0.24, GW38 LIV (A) 0.12"
Junior Kroupi,MID,Bournemouth,7.4,0.22,1.98,0.0,"CHE (A) 0.22, SUN (H) 0.84, MUN (A) 0.36, LEE (H) 1.02, IPS (A) 0.86","GW6 CHE (A) 0.22, GW7 SUN (H) 0.84, GW8 MUN (A) 0.36, GW9 LEE (H) 1.02, GW10 IPS (A) 0.86, GW11 NFO (H) 0.92, GW12 FUL (A) 0.99, GW13 BHA (H) 0.96, GW14 HUL (H) 1.37, GW15 ARS (A) 0.98, GW16 COV (H) 1.66, GW17 TOT (A) 1.1, GW18 CRY (A) 1.32, GW19 AVL (H) 1.23, GW20 BHA (A) 0.65, GW21 IPS (H) 1.5, GW22 NFO (A) 0.88, GW23 FUL (H) 1.51, GW24 LEE (A) 1.18, GW25 AVL (A) 1.0, GW26 CRY (H) 1.72, GW27 COV (A) 1.35, GW28 TOT (H) 1.19, GW29 NEW (H) 1.1, GW30 BRE (A) 0.82, GW31 MCI (H) 0.93, GW32 EVE (A) 1.16, GW33 ARS (H) 1.33, GW34 HUL (A) 1.1, GW35 MUN (H) 0.95, GW36 SUN (A) 1.13, GW37 CHE (H) 1.08, GW38 LIV (A) 0.9"
Francisco Evanilson de Lima Barbosa,FWD,Bournemouth,6.0,3.44,9.9,18.0,"CHE (A) 3.44, SUN (H) 3.36, MUN (A) 2.75, LEE (H) 3.02, IPS (A) 3.06","GW6 CHE (A) 3.44, GW7 SUN (H) 3.36, GW8 MUN (A) 2.75, GW9 LEE (H) 3.02, GW10 IPS (A) 3.06, GW11 NFO (H) 2.85, GW12 FUL (A) 3.14, GW13 BHA (H) 2.91, GW14 HUL (H) 2.96, GW15 ARS (A) 2.93, GW16 COV (H) 3.5, GW17 TOT (A) 3.03, GW18 CRY (A) 3.49, GW19 AVL (H) 3.25, GW20 BHA (A) 2.79, GW21 IPS (H) 2.98, GW22 NFO (A) 2.87, GW23 FUL (H) 3.1, GW24 LEE (A) 2.86, GW25 AVL (A) 3.24, GW26 CRY (H) 3.5, GW27 COV (A) 3.51, GW28 TOT (H) 2.9, GW29 NEW (H) 2.76, GW30 BRE (A) 2.89, GW31 MCI (H) 2.43, GW32 EVE (A) 3.07, GW33 ARS (H) 3.12, GW34 HUL (A) 2.94, GW35 MUN (H) 2.45, GW36 SUN (A) 3.31, GW37 CHE (H) 3.4, GW38 LIV (A) 2.76"
Enes Ünal,FWD,Bournemouth,5.5,0.11,0.46,0.0,"CHE (A) 0.11, SUN (H) 0.1, MUN (A) 0.12, LEE (H) 0.17, IPS (A) 0.29","GW6 CHE (A) 0.11, GW7 SUN (H) 0.1, GW8 MUN (A) 0.12, GW9 LEE (H) 0.17, GW10 IPS (A) 0.29, GW11 NFO (H) 0.23, GW12 FUL (A) 0.22, GW13 BHA (H) 0.24, GW14 HUL (H) 0.35, GW15 ARS (A) 0.3, GW16 COV (H) 0.45, GW17 TOT (A) 0.28, GW18 CRY (A) 0.32, GW19 AVL (H) 0.48, GW20 BHA (A) 0.24, GW21 IPS (H) 0.37, GW22 NFO (A) 0.29, GW23 FUL (H) 0.37, GW24 LEE (A) 0.24, GW25 AVL (A) 0.48, GW26 CRY (H) 0.45, GW27 COV (A) 0.47, GW28 TOT (H) 0.38, GW29 NEW (H) 0.25, GW30 BRE (A) 0.26, GW31 MCI (H) 0.24, GW32 EVE (A) 0.25, GW33 ARS (H) 0.34, GW34 HUL (A) 0.37, GW35 MUN (H) 0.24, GW36 SUN (A) 0.27, GW37 CHE (H) 0.34, GW38 LIV (A) 0.23"
Álvaro Rodríguez,FWD,Bournemouth,6.0,0.98,3.69,2.0,"CHE (A) 0.98, SUN (H) 1.25, MUN (A) 1.06, LEE (H) 1.27, IPS (A) 1.46","GW6 CHE (A) 0.98, GW7 SUN (H) 1.25, GW8 MUN (A) 1.06, GW9 LEE (H) 1.27, GW10 IPS (A) 1.46, GW11 NFO (H) 1.52, GW12 FUL (A) 1.43, GW13 BHA (H) 1.51, GW14 HUL (H) 1.6, GW15 ARS (A) 1.46, GW16 COV (H) 1.94, GW17 TOT (A) 1.88, GW18 CRY (A) 1.69, GW19 AVL (H) 1.85, GW20 BHA (A) 1.52, GW21 IPS (H) 1.81, GW22 NFO (A) 1.73, GW23 FUL (H) 1.82, GW24 LEE (A) 1.53, GW25 AVL (A) 1.8, GW26 CRY (H) 1.97, GW27 COV (A) 1.88, GW28 TOT (H) 2.0, GW29 NEW (H) 1.75, GW30 BRE (A) 1.58, GW31 MCI (H) 1.48, GW32 EVE (A) 1.61, GW33 ARS (H) 1.62, GW34 HUL (A) 1.64, GW35 MUN (H) 1.48, GW36 SUN (A) 1.94, GW37 CHE (H) 1.86, GW38 LIV (A) 1.51"
António João Pereira de Albuquerque Tavares da Silva,DEF,Bournemouth,5.0,2.71,8.16,13.0,"CHE (A) 2.71, SUN (H) 2.64, MUN (A) 2.28, LEE (H) 2.44, IPS (A) 2.98","GW6 CHE (A) 2.71, GW7 SUN (H) 2.64, GW8 MUN (A) 2.28, GW9 LEE (H) 2.44, GW10 IPS (A) 2.98, GW11 NFO (H) 2.51, GW12 FUL (A) 2.75, GW13 BHA (H) 2.66, GW14 HUL (H) 2.74, GW15 ARS (A) 2.24, GW16 COV (H) 2.94, GW17 TOT (A) 2.67, GW18 CRY (A) 2.77, GW19 AVL (H) 2.78, GW20 BHA (A) 2.39, GW21 IPS (H) 3.04, GW22 NFO (A) 2.43, GW23 FUL (H) 2.72, GW24 LEE (A) 2.24, GW25 AVL (A) 2.71, GW26 CRY (H) 2.86, GW27 COV (A) 3.0, GW28 TOT (H) 2.46, GW29 NEW (H) 2.33, GW30 BRE (A) 2.52, GW31 MCI (H) 2.06, GW32 EVE (A) 2.65, GW33 ARS (H) 2.33, GW34 HUL (A) 2.61, GW35 MUN (H) 2.06, GW36 SUN (A) 2.55, GW37 CHE (H) 2.82, GW38 LIV (A) 2.13"
Juanlu Sánchez,DEF,Bournemouth,4.4,0.16,0.55,0.0,"CHE (A) 0.16, SUN (H) 0.17, MUN (A) 0.09, LEE (H) 0.19, IPS (A) 0.3","GW6 CHE (A) 0.16, GW7 SUN (H) 0.17, GW8 MUN (A) 0.09, GW9 LEE (H) 0.19, GW10 IPS (A) 0.3, GW11 NFO (H) 0.25, GW12 FUL (A) 0.26, GW13 BHA (H) 0.3, GW14 HUL (H) 0.4, GW15 ARS (A) 0.32, GW16 COV (H) 0.59, GW17 TOT (A) 0.38, GW18 CRY (A) 0.4, GW19 AVL (H) 0.55, GW20 BHA (A) 0.27, GW21 IPS (H) 0.43, GW22 NFO (A) 0.3, GW23 FUL (H) 0.44, GW24 LEE (A) 0.27, GW25 AVL (A) 0.5, GW26 CRY (H) 0.55, GW27 COV (A) 0.73, GW28 TOT (H) 0.49, GW29 NEW (H) 0.29, GW30 BRE (A) 0.29, GW31 MCI (H) 0.24, GW32 EVE (A) 0.3, GW33 ARS (H) 0.41, GW34 HUL (A) 0.4, GW35 MUN (H) 0.24, GW36 SUN (A) 0.38, GW37 CHE (H) 0.48, GW38 LIV (A) 0.24"
Daniel Jebbison,FWD,Bournemouth,5.0,0.85,2.62,3.0,"CHE (A) 0.85, SUN (H) 0.8, MUN (A) 0.81, LEE (H) 0.86, IPS (A) 0.9","GW6 CHE (A) 0.85, GW7 SUN (H) 0.8, GW8 MUN (A) 0.81, GW9 LEE (H) 0.86, GW10 IPS (A) 0.9, GW11 NFO (H) 0.89, GW12 FUL (A) 0.98, GW13 BHA (H) 0.94, GW14 HUL (H) 0.93, GW15 ARS (A) 1.02, GW16 COV (H) 1.19, GW17 TOT (A) 0.98, GW18 CRY (A) 1.13, GW19 AVL (H) 1.18, GW20 BHA (A) 0.94, GW21 IPS (H) 0.97, GW22 NFO (A) 0.94, GW23 FUL (H) 1.07, GW24 LEE (A) 0.91, GW25 AVL (A) 1.18, GW26 CRY (H) 1.19, GW27 COV (A) 1.2, GW28 TOT (H) 1.0, GW29 NEW (H) 0.91, GW30 BRE (A) 0.95, GW31 MCI (H) 0.9, GW32 EVE (A) 1.02, GW33 ARS (H) 1.06, GW34 HUL (A) 0.94, GW35 MUN (H) 0.9, GW36 SUN (A) 0.96, GW37 CHE (H) 1.18, GW38 LIV (A) 0.91"
Michele Di Gregorio,GK,Bournemouth,4.5,0.19,0.52,0.0,"CHE (A) 0.19, SUN (H) 0.16, MUN (A) 0.09, LEE (H) 0.18, IPS (A) 0.21","GW6 CHE (A) 0.19, GW7 SUN (H) 0.16, GW8 MUN (A) 0.09, GW9 LEE (H) 0.18, GW10 IPS (A) 0.21, GW11 NFO (H) 0.22, GW12 FUL (A) 0.24, GW13 BHA (H) 0.24, GW14 HUL (H) 0.28, GW15 ARS (A) 0.3, GW16 COV (H) 0.52, GW17 TOT (A) 0.3, GW18 CRY (A) 0.38, GW19 AVL (H) 0.49, GW20 BHA (A) 0.21, GW21 IPS (H) 0.3, GW22 NFO (A) 0.27, GW23 FUL (H) 0.32, GW24 LEE (A) 0.22, GW25 AVL (A) 0.45, GW26 CRY (H) 0.44, GW27 COV (A) 0.73, GW28 TOT (H) 0.31, GW29 NEW (H) 0.25, GW30 BRE (A) 0.25, GW31 MCI (H) 0.2, GW32 EVE (A) 0.28, GW33 ARS (H) 0.37, GW34 HUL (A) 0.27, GW35 MUN (H) 0.2, GW36 SUN (A) 0.31, GW37 CHE (H) 0.47, GW38 LIV (A) 0.2"
Caoimhín Kelleher,GK,Brentford,5.0,3.85,11.78,20.0,"AVL (A) 3.85, LIV (H) 3.27, HUL (A) 3.82, NFO (H) 3.52, BHA (A) 3.35","GW6 AVL (A) 3.85, GW7 LIV (H) 3.27, GW8 HUL (A) 3.82, GW9 NFO (H) 3.52, GW10 BHA (A) 3.35, GW11 EVE (H) 3.74, GW12 MUN (A) 2.67, GW13 ARS (H) 3.3, GW14 MCI (H) 2.68, GW15 FUL (A) 3.59, GW16 NEW (H) 3.16, GW17 IPS (A) 3.67, GW18 COV (A) 4.01, GW19 CRY (H) 4.15, GW20 ARS (A) 2.76, GW21 BHA (H) 3.65, GW22 EVE (A) 3.59, GW23 MUN (H) 2.61, GW24 NFO (A) 3.31, GW25 CRY (A) 3.81, GW26 COV (H) 4.24, GW27 NEW (A) 3.03, GW28 IPS (H) 3.9, GW29 SUN (A) 4.03, GW30 BOU (H) 3.47, GW31 TOT (A) 3.85, GW32 LEE (H) 3.12, GW33 FUL (H) 3.93, GW34 MCI (A) 2.07, GW35 AVL (H) 3.95, GW36 LIV (A) 2.79, GW37 HUL (H) 3.88, GW38 CHE (A) 3.69"
Hákon Rafn Valdimarsson,GK,Brentford,4.5,0.12,0.32,0.0,"AVL (A) 0.12, LIV (H) 0.06, HUL (A) 0.08, NFO (H) 0.11, BHA (A) 0.12","GW6 AVL (A) 0.12, GW7 LIV (H) 0.06, GW8 HUL (A) 0.08, GW9 NFO (H) 0.11, GW10 BHA (A) 0.12, GW11 EVE (H) 0.15, GW12 MUN (A) 0.1, GW13 ARS (H) 0.25, GW14 MCI (H) 0.14, GW15 FUL (A) 0.14, GW16 NEW (H) 0.15, GW17 IPS (A) 0.18, GW18 COV (A) 0.28, GW19 CRY (H) 0.3, GW20 ARS (A) 0.23, GW21 BHA (H) 0.2, GW22 EVE (A) 0.15, GW23 MUN (H) 0.15, GW24 NFO (A) 0.17, GW25 CRY (A) 0.24, GW26 COV (H) 0.33, GW27 NEW (A) 0.12, GW28 IPS (H) 0.22, GW29 SUN (A) 0.17, GW30 BOU (H) 0.2, GW31 TOT (A) 0.2, GW32 LEE (H) 0.18, GW33 FUL (H) 0.22, GW34 MCI (A) 0.11, GW35 AVL (H) 0.39, GW36 LIV (A) 0.14, GW37 HUL (H) 0.21, GW38 CHE (A) 0.26"
Nathan Collins,DEF,Brentford,5.4,0.92,3.91,10.0,"AVL (A) 0.92, LIV (H) 0.96, HUL (A) 1.48, NFO (H) 1.45, BHA (A) 1.52","GW6 AVL (A) 0.92, GW7 LIV (H) 0.96, GW8 HUL (A) 1.48, GW9 NFO (H) 1.45, GW10 BHA (A) 1.52, GW11 EVE (H) 1.73, GW12 MUN (A) 1.6, GW13 ARS (H) 1.76, GW14 MCI (H) 1.71, GW15 FUL (A) 1.91, GW16 NEW (H) 1.85, GW17 IPS (A) 2.14, GW18 COV (A) 2.35, GW19 CRY (H) 2.37, GW20 ARS (A) 1.89, GW21 BHA (H) 2.0, GW22 EVE (A) 2.02, GW23 MUN (H) 1.85, GW24 NFO (A) 1.98, GW25 CRY (A) 2.15, GW26 COV (H) 2.44, GW27 NEW (A) 1.93, GW28 IPS (H) 2.25, GW29 SUN (A) 2.12, GW30 BOU (H) 1.98, GW31 TOT (A) 2.17, GW32 LEE (H) 1.98, GW33 FUL (H) 2.32, GW34 MCI (A) 1.83, GW35 AVL (H) 2.26, GW36 LIV (A) 1.87, GW37 HUL (H) 2.27, GW38 CHE (A) 2.09"
Sepp van den Berg,DEF,Brentford,4.9,0.29,0.99,0.0,"AVL (A) 0.29, LIV (H) 0.17, HUL (A) 0.41, NFO (H) 0.32, BHA (A) 0.33","GW6 AVL (A) 0.29, GW7 LIV (H) 0.17, GW8 HUL (A) 0.41, GW9 NFO (H) 0.32, GW10 BHA (A) 0.33, GW11 EVE (H) 0.4, GW12 MUN (A) 0.3, GW13 ARS (H) 0.49, GW14 MCI (H) 0.35, GW15 FUL (A) 0.41, GW16 NEW (H) 0.41, GW17 IPS (A) 0.6, GW18 COV (A) 0.75, GW19 CRY (H) 0.77, GW20 ARS (A) 0.47, GW21 BHA (H) 0.5, GW22 EVE (A) 0.43, GW23 MUN (H) 0.37, GW24 NFO (A) 0.43, GW25 CRY (A) 0.52, GW26 COV (H) 0.8, GW27 NEW (A) 0.38, GW28 IPS (H) 0.66, GW29 SUN (A) 0.6, GW30 BOU (H) 0.49, GW31 TOT (A) 0.61, GW32 LEE (H) 0.42, GW33 FUL (H) 0.69, GW34 MCI (A) 0.32, GW35 AVL (H) 0.72, GW36 LIV (A) 0.33, GW37 HUL (H) 0.68, GW38 CHE (A) 0.49"
Keane Lewis-Potter,MID,Brentford,5.5,2.73,9.13,22.0,"AVL (A) 2.73, LIV (H) 2.76, HUL (A) 2.91, NFO (H) 2.88, BHA (A) 2.83","GW6 AVL (A) 2.73, GW7 LIV (H) 2.76, GW8 HUL (A) 2.91, GW9 NFO (H) 2.88, GW10 BHA (A) 2.83, GW11 EVE (H) 3.12, GW12 MUN (A) 2.67, GW13 ARS (H) 3.0, GW14 MCI (H) 2.72, GW15 FUL (A) 3.19, GW16 NEW (H) 2.98, GW17 IPS (A) 3.14, GW18 COV (A) 3.4, GW19 CRY (H) 3.45, GW20 ARS (A) 2.94, GW21 BHA (H) 3.06, GW22 EVE (A) 3.22, GW23 MUN (H) 2.78, GW24 NFO (A) 3.0, GW25 CRY (A) 3.38, GW26 COV (H) 3.51, GW27 NEW (A) 2.96, GW28 IPS (H) 3.26, GW29 SUN (A) 3.47, GW30 BOU (H) 2.9, GW31 TOT (A) 3.36, GW32 LEE (H) 3.15, GW33 FUL (H) 3.38, GW34 MCI (A) 2.59, GW35 AVL (H) 3.34, GW36 LIV (A) 3.0, GW37 HUL (H) 3.24, GW38 CHE (A) 3.33"
Kristoffer Ajer,DEF,Brentford,4.5,3.37,10.56,21.0,"AVL (A) 3.37, LIV (H) 3.15, HUL (A) 3.33, NFO (H) 3.34, BHA (A) 2.77","GW6 AVL (A) 3.37, GW7 LIV (H) 3.15, GW8 HUL (A) 3.33, GW9 NFO (H) 3.34, GW10 BHA (A) 2.77, GW11 EVE (H) 3.13, GW12 MUN (A) 2.56, GW13 ARS (H) 2.43, GW14 MCI (H) 2.49, GW15 FUL (A) 2.8, GW16 NEW (H) 2.76, GW17 IPS (A) 2.83, GW18 COV (A) 2.99, GW19 CRY (H) 3.09, GW20 ARS (A) 1.83, GW21 BHA (H) 2.66, GW22 EVE (A) 2.77, GW23 MUN (H) 2.29, GW24 NFO (A) 2.87, GW25 CRY (A) 2.87, GW26 COV (H) 3.11, GW27 NEW (A) 2.6, GW28 IPS (H) 2.93, GW29 SUN (A) 3.45, GW30 BOU (H) 2.47, GW31 TOT (A) 3.33, GW32 LEE (H) 2.79, GW33 FUL (H) 2.96, GW34 MCI (A) 1.85, GW35 AVL (H) 2.87, GW36 LIV (A) 2.45, GW37 HUL (H) 2.91, GW38 CHE (A) 2.68"
Michael Kayode,DEF,Brentford,4.6,2.82,8.98,23.0,"AVL (A) 2.82, LIV (H) 2.66, HUL (A) 2.91, NFO (H) 2.81, BHA (A) 2.4","GW6 AVL (A) 2.82, GW7 LIV (H) 2.66, GW8 HUL (A) 2.91, GW9 NFO (H) 2.81, GW10 BHA (A) 2.4, GW11 EVE (H) 2.61, GW12 MUN (A) 2.26, GW13 ARS (H) 2.34, GW14 MCI (H) 2.17, GW15 FUL (A) 2.59, GW16 NEW (H) 2.34, GW17 IPS (A) 2.66, GW18 COV (A) 2.88, GW19 CRY (H) 2.88, GW20 ARS (A) 2.12, GW21 BHA (H) 2.19, GW22 EVE (A) 2.46, GW23 MUN (H) 2.11, GW24 NFO (A) 2.55, GW25 CRY (A) 2.57, GW26 COV (H) 2.9, GW27 NEW (A) 2.29, GW28 IPS (H) 2.67, GW29 SUN (A) 2.76, GW30 BOU (H) 2.0, GW31 TOT (A) 2.62, GW32 LEE (H) 2.35, GW33 FUL (H) 2.87, GW34 MCI (A) 1.89, GW35 AVL (H) 2.53, GW36 LIV (A) 2.29, GW37 HUL (H) 2.68, GW38 CHE (A) 2.55"
Rico Henry,DEF,Brentford,4.4,0.4,1.46,1.0,"AVL (A) 0.4, LIV (H) 0.36, HUL (A) 0.51, NFO (H) 0.52, BHA (A) 0.53","GW6 AVL (A) 0.4, GW7 LIV (H) 0.36, GW8 HUL (A) 0.51, GW9 NFO (H) 0.52, GW10 BHA (A) 0.53, GW11 EVE (H) 0.62, GW12 MUN (A) 0.55, GW13 ARS (H) 0.73, GW14 MCI (H) 0.64, GW15 FUL (A) 0.65, GW16 NEW (H) 0.67, GW17 IPS (A) 0.79, GW18 COV (A) 0.94, GW19 CRY (H) 0.98, GW20 ARS (A) 0.74, GW21 BHA (H) 0.74, GW22 EVE (A) 0.69, GW23 MUN (H) 0.69, GW24 NFO (A) 0.7, GW25 CRY (A) 0.81, GW26 COV (H) 1.02, GW27 NEW (A) 0.65, GW28 IPS (H) 0.87, GW29 SUN (A) 0.8, GW30 BOU (H) 0.72, GW31 TOT (A) 0.82, GW32 LEE (H) 0.73, GW33 FUL (H) 0.88, GW34 MCI (A) 0.63, GW35 AVL (H) 1.0, GW36 LIV (A) 0.66, GW37 HUL (H) 0.87, GW38 CHE (A) 0.83"
Aaron Hickey,DEF,Brentford,4.5,1.08,3.48,5.0,"AVL (A) 1.08, LIV (H) 1.08, HUL (A) 1.04, NFO (H) 1.06, BHA (A) 1.12","GW6 AVL (A) 1.08, GW7 LIV (H) 1.08, GW8 HUL (A) 1.04, GW9 NFO (H) 1.06, GW10 BHA (A) 1.12, GW11 EVE (H) 1.06, GW12 MUN (A) 1.15, GW13 ARS (H) 1.42, GW14 MCI (H) 1.33, GW15 FUL (A) 1.17, GW16 NEW (H) 1.22, GW17 IPS (A) 1.23, GW18 COV (A) 1.37, GW19 CRY (H) 1.41, GW20 ARS (A) 1.36, GW21 BHA (H) 1.26, GW22 EVE (A) 1.18, GW23 MUN (H) 1.36, GW24 NFO (A) 1.22, GW25 CRY (A) 1.3, GW26 COV (H) 1.44, GW27 NEW (A) 1.17, GW28 IPS (H) 1.3, GW29 SUN (A) 1.2, GW30 BOU (H) 1.23, GW31 TOT (A) 1.22, GW32 LEE (H) 1.23, GW33 FUL (H) 1.3, GW34 MCI (A) 1.27, GW35 AVL (H) 1.51, GW36 LIV (A) 1.3, GW37 HUL (H) 1.3, GW38 CHE (A) 1.46"
Kim Ji-soo,DEF,Brentford,4.4,0.07,0.12,0.0,"AVL (A) 0.07, LIV (H) 0.0, HUL (A) 0.02, NFO (H) 0.05, BHA (A) 0.03","GW6 AVL (A) 0.07, GW7 LIV (H) 0.0, GW8 HUL (A) 0.02, GW9 NFO (H) 0.05, GW10 BHA (A) 0.03, GW11 EVE (H) 0.06, GW12 MUN (A) 0.03, GW13 ARS (H) 0.15, GW14 MCI (H) 0.06, GW15 FUL (A) 0.05, GW16 NEW (H) 0.07, GW17 IPS (A) 0.08, GW18 COV (A) 0.17, GW19 CRY (H) 0.19, GW20 ARS (A) 0.13, GW21 BHA (H) 0.09, GW22 EVE (A) 0.05, GW23 MUN (H) 0.07, GW24 NFO (A) 0.09, GW25 CRY (A) 0.13, GW26 COV (H) 0.21, GW27 NEW (A) 0.04, GW28 IPS (H) 0.11, GW29 SUN (A) 0.08, GW30 BOU (H) 0.08, GW31 TOT (A) 0.09, GW32 LEE (H) 0.07, GW33 FUL (H) 0.11, GW34 MCI (A) 0.04, GW35 AVL (H) 0.27, GW36 LIV (A) 0.04, GW37 HUL (H) 0.12, GW38 CHE (A) 0.15"
Jannik Schuster,DEF,Brentford,4.5,5.29,14.09,21.0,"AVL (A) 5.29, LIV (H) 4.57, HUL (A) 3.88, NFO (H) 3.6, BHA (A) 3.22","GW6 AVL (A) 5.29, GW7 LIV (H) 4.57, GW8 HUL (A) 3.88, GW9 NFO (H) 3.6, GW10 BHA (A) 3.22, GW11 EVE (H) 3.15, GW12 MUN (A) 2.59, GW13 ARS (H) 2.4, GW14 MCI (H) 2.31, GW15 FUL (A) 2.45, GW16 NEW (H) 2.34, GW17 IPS (A) 2.25, GW18 COV (A) 2.62, GW19 CRY (H) 2.47, GW20 ARS (A) 1.53, GW21 BHA (H) 2.24, GW22 EVE (A) 2.2, GW23 MUN (H) 1.94, GW24 NFO (A) 2.12, GW25 CRY (A) 2.33, GW26 COV (H) 2.45, GW27 NEW (A) 2.0, GW28 IPS (H) 2.17, GW29 SUN (A) 2.35, GW30 BOU (H) 1.97, GW31 TOT (A) 2.28, GW32 LEE (H) 2.18, GW33 FUL (H) 2.19, GW34 MCI (A) 1.45, GW35 AVL (H) 2.4, GW36 LIV (A) 2.04, GW37 HUL (H) 2.18, GW38 CHE (A) 2.31"
Kevin Schade,MID,Brentford,6.2,7.78,20.98,39.0,"AVL (A) 7.78, LIV (H) 7.25, HUL (A) 5.49, NFO (H) 5.13, BHA (A) 5.23","GW6 AVL (A) 7.78, GW7 LIV (H) 7.25, GW8 HUL (A) 5.49, GW9 NFO (H) 5.13, GW10 BHA (A) 5.23, GW11 EVE (H) 5.1, GW12 MUN (A) 4.16, GW13 ARS (H) 3.92, GW14 MCI (H) 4.06, GW15 FUL (A) 4.71, GW16 NEW (H) 3.97, GW17 IPS (A) 4.07, GW18 COV (A) 4.73, GW19 CRY (H) 4.66, GW20 ARS (A) 2.81, GW21 BHA (H) 4.17, GW22 EVE (A) 4.3, GW23 MUN (H) 3.56, GW24 NFO (A) 3.82, GW25 CRY (A) 4.8, GW26 COV (H) 4.68, GW27 NEW (A) 3.61, GW28 IPS (H) 3.95, GW29 SUN (A) 3.77, GW30 BOU (H) 3.53, GW31 TOT (A) 3.41, GW32 LEE (H) 4.13, GW33 FUL (H) 4.23, GW34 MCI (A) 2.97, GW35 AVL (H) 4.62, GW36 LIV (A) 4.26, GW37 HUL (H) 3.91, GW38 CHE (A) 5.2"
Dango Ouattara,MID,Brentford,6.3,1.35,4.31,7.0,"AVL (A) 1.35, LIV (H) 1.11, HUL (A) 1.45, NFO (H) 1.34, BHA (A) 1.37","GW6 AVL (A) 1.35, GW7 LIV (H) 1.11, GW8 HUL (A) 1.45, GW9 NFO (H) 1.34, GW10 BHA (A) 1.37, GW11 EVE (H) 1.46, GW12 MUN (A) 1.36, GW13 ARS (H) 1.52, GW14 MCI (H) 1.34, GW15 FUL (A) 1.54, GW16 NEW (H) 1.44, GW17 IPS (A) 1.73, GW18 COV (A) 1.9, GW19 CRY (H) 1.86, GW20 ARS (A) 1.51, GW21 BHA (H) 1.52, GW22 EVE (A) 1.57, GW23 MUN (H) 1.39, GW24 NFO (A) 1.54, GW25 CRY (A) 1.68, GW26 COV (H) 1.9, GW27 NEW (A) 1.49, GW28 IPS (H) 1.74, GW29 SUN (A) 1.72, GW30 BOU (H) 1.48, GW31 TOT (A) 1.78, GW32 LEE (H) 1.5, GW33 FUL (H) 1.77, GW34 MCI (A) 1.32, GW35 AVL (H) 2.02, GW36 LIV (A) 1.46, GW37 HUL (H) 1.72, GW38 CHE (A) 1.64"
Mikkel Damsgaard,MID,Brentford,5.4,3.19,10.24,16.0,"AVL (A) 3.19, LIV (H) 3.09, HUL (A) 3.11, NFO (H) 3.38, BHA (A) 2.91","GW6 AVL (A) 3.19, GW7 LIV (H) 3.09, GW8 HUL (A) 3.11, GW9 NFO (H) 3.38, GW10 BHA (A) 2.91, GW11 EVE (H) 3.16, GW12 MUN (A) 3.0, GW13 ARS (H) 2.55, GW14 MCI (H) 2.81, GW15 FUL (A) 3.04, GW16 NEW (H) 3.34, GW17 IPS (A) 3.03, GW18 COV (A) 3.19, GW19 CRY (H) 3.31, GW20 ARS (A) 2.24, GW21 BHA (H) 3.09, GW22 EVE (A) 3.03, GW23 MUN (H) 3.1, GW24 NFO (A) 3.29, GW25 CRY (A) 3.18, GW26 COV (H) 3.35, GW27 NEW (A) 3.24, GW28 IPS (H) 3.19, GW29 SUN (A) 3.77, GW30 BOU (H) 2.76, GW31 TOT (A) 3.75, GW32 LEE (H) 3.15, GW33 FUL (H) 3.21, GW34 MCI (A) 2.32, GW35 AVL (H) 3.29, GW36 LIV (A) 2.92, GW37 HUL (H) 3.16, GW38 CHE (A) 3.13"
Mathias Jensen,MID,Brentford,5.4,0.59,2.44,6.0,"AVL (A) 0.59, LIV (H) 0.6, HUL (A) 0.88, NFO (H) 0.93, BHA (A) 0.95","GW6 AVL (A) 0.59, GW7 LIV (H) 0.6, GW8 HUL (A) 0.88, GW9 NFO (H) 0.93, GW10 BHA (A) 0.95, GW11 EVE (H) 1.08, GW12 MUN (A) 0.98, GW13 ARS (H) 1.24, GW14 MCI (H) 1.12, GW15 FUL (A) 1.12, GW16 NEW (H) 1.2, GW17 IPS (A) 1.3, GW18 COV (A) 1.49, GW19 CRY (H) 1.58, GW20 ARS (A) 1.25, GW21 BHA (H) 1.32, GW22 EVE (A) 1.19, GW23 MUN (H) 1.21, GW24 NFO (A) 1.21, GW25 CRY (A) 1.35, GW26 COV (H) 1.64, GW27 NEW (A) 1.16, GW28 IPS (H) 1.45, GW29 SUN (A) 1.4, GW30 BOU (H) 1.31, GW31 TOT (A) 1.41, GW32 LEE (H) 1.28, GW33 FUL (H) 1.46, GW34 MCI (A) 1.12, GW35 AVL (H) 1.59, GW36 LIV (A) 1.15, GW37 HUL (H) 1.45, GW38 CHE (A) 1.35"
Vitaly Janelt,MID,Brentford,5.0,5.9,16.35,28.0,"AVL (A) 5.9, LIV (H) 5.02, HUL (A) 4.69, NFO (H) 4.43, BHA (A) 4.16","GW6 AVL (A) 5.9, GW7 LIV (H) 5.02, GW8 HUL (A) 4.69, GW9 NFO (H) 4.43, GW10 BHA (A) 4.16, GW11 EVE (H) 4.39, GW12 MUN (A) 3.62, GW13 ARS (H) 3.17, GW14 MCI (H) 3.18, GW15 FUL (A) 3.72, GW16 NEW (H) 3.4, GW17 IPS (A) 3.47, GW18 COV (A) 3.93, GW19 CRY (H) 4.03, GW20 ARS (A) 2.51, GW21 BHA (H) 3.3, GW22 EVE (A) 3.59, GW23 MUN (H) 2.95, GW24 NFO (A) 3.3, GW25 CRY (A) 3.69, GW26 COV (H) 3.96, GW27 NEW (A) 3.16, GW28 IPS (H) 3.46, GW29 SUN (A) 4.2, GW30 BOU (H) 2.93, GW31 TOT (A) 4.06, GW32 LEE (H) 3.33, GW33 FUL (H) 3.85, GW34 MCI (A) 2.56, GW35 AVL (H) 3.89, GW36 LIV (A) 3.24, GW37 HUL (H) 3.46, GW38 CHE (A) 3.66"
Antoni Milambo,MID,Brentford,5.0,0.01,-0.05,0.0,"AVL (A) 0.01, LIV (H) -0.1, HUL (A) -0.01, NFO (H) 0.02, BHA (A) -0.01","GW6 AVL (A) 0.01, GW7 LIV (H) -0.1, GW8 HUL (A) -0.01, GW9 NFO (H) 0.02, GW10 BHA (A) -0.01, GW11 EVE (H) 0.07, GW12 MUN (A) 0.01, GW13 ARS (H) 0.13, GW14 MCI (H) 0.05, GW15 FUL (A) 0.12, GW16 NEW (H) 0.13, GW17 IPS (A) 0.17, GW18 COV (A) 0.27, GW19 CRY (H) 0.26, GW20 ARS (A) 0.17, GW21 BHA (H) 0.17, GW22 EVE (A) 0.16, GW23 MUN (H) 0.09, GW24 NFO (A) 0.2, GW25 CRY (A) 0.24, GW26 COV (H) 0.3, GW27 NEW (A) 0.15, GW28 IPS (H) 0.2, GW29 SUN (A) 0.18, GW30 BOU (H) 0.17, GW31 TOT (A) 0.21, GW32 LEE (H) 0.16, GW33 FUL (H) 0.21, GW34 MCI (A) 0.09, GW35 AVL (H) 0.37, GW36 LIV (A) 0.09, GW37 HUL (H) 0.21, GW38 CHE (A) 0.2"
Fábio Freitas Gouveia Carvalho,MID,Brentford,5.0,2.14,6.1,6.0,"AVL (A) 2.14, LIV (H) 1.83, HUL (A) 1.8, NFO (H) 1.72, BHA (A) 1.59","GW6 AVL (A) 2.14, GW7 LIV (H) 1.83, GW8 HUL (A) 1.8, GW9 NFO (H) 1.72, GW10 BHA (A) 1.59, GW11 EVE (H) 1.63, GW12 MUN (A) 1.46, GW13 ARS (H) 1.53, GW14 MCI (H) 1.37, GW15 FUL (A) 1.48, GW16 NEW (H) 1.42, GW17 IPS (A) 1.48, GW18 COV (A) 1.69, GW19 CRY (H) 1.69, GW20 ARS (A) 1.49, GW21 BHA (H) 1.44, GW22 EVE (A) 1.48, GW23 MUN (H) 1.36, GW24 NFO (A) 1.42, GW25 CRY (A) 1.59, GW26 COV (H) 1.71, GW27 NEW (A) 1.36, GW28 IPS (H) 1.49, GW29 SUN (A) 1.41, GW30 BOU (H) 1.36, GW31 TOT (A) 1.43, GW32 LEE (H) 1.39, GW33 FUL (H) 1.54, GW34 MCI (A) 1.28, GW35 AVL (H) 1.72, GW36 LIV (A) 1.32, GW37 HUL (H) 1.51, GW38 CHE (A) 1.57"
Yehor Yarmoliuk,MID,Brentford,4.8,2.59,7.97,9.0,"AVL (A) 2.59, LIV (H) 2.4, HUL (A) 2.53, NFO (H) 2.27, BHA (A) 2.24","GW6 AVL (A) 2.59, GW7 LIV (H) 2.4, GW8 HUL (A) 2.53, GW9 NFO (H) 2.27, GW10 BHA (A) 2.24, GW11 EVE (H) 2.32, GW12 MUN (A) 2.09, GW13 ARS (H) 2.11, GW14 MCI (H) 2.13, GW15 FUL (A) 2.35, GW16 NEW (H) 2.21, GW17 IPS (A) 2.5, GW18 COV (A) 2.9, GW19 CRY (H) 2.9, GW20 ARS (A) 2.16, GW21 BHA (H) 2.35, GW22 EVE (A) 2.35, GW23 MUN (H) 2.12, GW24 NFO (A) 2.24, GW25 CRY (A) 2.51, GW26 COV (H) 2.94, GW27 NEW (A) 2.19, GW28 IPS (H) 2.53, GW29 SUN (A) 2.72, GW30 BOU (H) 2.29, GW31 TOT (A) 2.77, GW32 LEE (H) 2.29, GW33 FUL (H) 2.76, GW34 MCI (A) 2.06, GW35 AVL (H) 2.66, GW36 LIV (A) 2.18, GW37 HUL (H) 2.55, GW38 CHE (A) 2.44"
Josh Dasilva,MID,Brentford,4.9,0.12,0.26,0.0,"AVL (A) 0.12, LIV (H) 0.02, HUL (A) 0.07, NFO (H) 0.1, BHA (A) 0.08","GW6 AVL (A) 0.12, GW7 LIV (H) 0.02, GW8 HUL (A) 0.07, GW9 NFO (H) 0.1, GW10 BHA (A) 0.08, GW11 EVE (H) 0.12, GW12 MUN (A) 0.07, GW13 ARS (H) 0.2, GW14 MCI (H) 0.11, GW15 FUL (A) 0.11, GW16 NEW (H) 0.13, GW17 IPS (A) 0.14, GW18 COV (A) 0.24, GW19 CRY (H) 0.25, GW20 ARS (A) 0.18, GW21 BHA (H) 0.15, GW22 EVE (A) 0.11, GW23 MUN (H) 0.12, GW24 NFO (A) 0.16, GW25 CRY (A) 0.19, GW26 COV (H) 0.28, GW27 NEW (A) 0.1, GW28 IPS (H) 0.18, GW29 SUN (A) 0.13, GW30 BOU (H) 0.15, GW31 TOT (A) 0.16, GW32 LEE (H) 0.14, GW33 FUL (H) 0.18, GW34 MCI (A) 0.08, GW35 AVL (H) 0.38, GW36 LIV (A) 0.09, GW37 HUL (H) 0.18, GW38 CHE (A) 0.2"
Jaidon Anthony,MID,Brentford,5.9,3.42,10.57,15.0,"AVL (A) 3.42, LIV (H) 3.36, HUL (A) 3.27, NFO (H) 3.07, BHA (A) 2.79","GW6 AVL (A) 3.42, GW7 LIV (H) 3.36, GW8 HUL (A) 3.27, GW9 NFO (H) 3.07, GW10 BHA (A) 2.79, GW11 EVE (H) 2.99, GW12 MUN (A) 2.6, GW13 ARS (H) 2.61, GW14 MCI (H) 2.51, GW15 FUL (A) 2.69, GW16 NEW (H) 2.58, GW17 IPS (A) 2.8, GW18 COV (A) 2.92, GW19 CRY (H) 3.01, GW20 ARS (A) 1.98, GW21 BHA (H) 2.44, GW22 EVE (A) 2.58, GW23 MUN (H) 2.42, GW24 NFO (A) 2.44, GW25 CRY (A) 2.69, GW26 COV (H) 3.01, GW27 NEW (A) 2.39, GW28 IPS (H) 2.87, GW29 SUN (A) 2.8, GW30 BOU (H) 2.18, GW31 TOT (A) 2.8, GW32 LEE (H) 2.67, GW33 FUL (H) 2.9, GW34 MCI (A) 1.82, GW35 AVL (H) 2.58, GW36 LIV (A) 2.6, GW37 HUL (H) 2.84, GW38 CHE (A) 2.76"
Igor Thiago Nascimento Rodrigues,FWD,Brentford,7.8,3.7,12.44,10.0,"AVL (A) 3.7, LIV (H) 3.87, HUL (A) 3.89, NFO (H) 4.23, BHA (A) 3.38","GW6 AVL (A) 3.7, GW7 LIV (H) 3.87, GW8 HUL (A) 3.89, GW9 NFO (H) 4.23, GW10 BHA (A) 3.38, GW11 EVE (H) 4.77, GW12 MUN (A) 3.98, GW13 ARS (H) 3.63, GW14 MCI (H) 4.39, GW15 FUL (A) 4.43, GW16 NEW (H) 4.59, GW17 IPS (A) 4.9, GW18 COV (A) 4.75, GW19 CRY (H) 5.47, GW20 ARS (A) 2.74, GW21 BHA (H) 3.94, GW22 EVE (A) 4.52, GW23 MUN (H) 4.66, GW24 NFO (A) 4.17, GW25 CRY (A) 4.58, GW26 COV (H) 5.43, GW27 NEW (A) 4.05, GW28 IPS (H) 5.76, GW29 SUN (A) 4.45, GW30 BOU (H) 3.79, GW31 TOT (A) 4.46, GW32 LEE (H) 4.93, GW33 FUL (H) 5.49, GW34 MCI (A) 3.28, GW35 AVL (H) 5.0, GW36 LIV (A) 4.36, GW37 HUL (H) 5.44, GW38 CHE (A) 4.24"
Kaye Furo,FWD,Brentford,4.5,-0.04,-0.15,0.0,"AVL (A) -0.04, LIV (H) -0.12, HUL (A) -0.03, NFO (H) -0.0, BHA (A) -0.02","GW6 AVL (A) -0.04, GW7 LIV (H) -0.12, GW8 HUL (A) -0.03, GW9 NFO (H) -0.0, GW10 BHA (A) -0.02, GW11 EVE (H) 0.11, GW12 MUN (A) 0.0, GW13 ARS (H) 0.13, GW14 MCI (H) 0.06, GW15 FUL (A) 0.15, GW16 NEW (H) 0.1, GW17 IPS (A) 0.17, GW18 COV (A) 0.34, GW19 CRY (H) 0.36, GW20 ARS (A) 0.14, GW21 BHA (H) 0.15, GW22 EVE (A) 0.18, GW23 MUN (H) 0.09, GW24 NFO (A) 0.14, GW25 CRY (A) 0.26, GW26 COV (H) 0.4, GW27 NEW (A) 0.09, GW28 IPS (H) 0.23, GW29 SUN (A) 0.17, GW30 BOU (H) 0.13, GW31 TOT (A) 0.2, GW32 LEE (H) 0.15, GW33 FUL (H) 0.3, GW34 MCI (A) 0.06, GW35 AVL (H) 0.35, GW36 LIV (A) 0.08, GW37 HUL (H) 0.21, GW38 CHE (A) 0.26"
Callum Wilson,FWD,Brentford,5.4,0.66,2.43,3.0,"AVL (A) 0.66, LIV (H) 0.6, HUL (A) 0.87, NFO (H) 0.83, BHA (A) 0.89","GW6 AVL (A) 0.66, GW7 LIV (H) 0.6, GW8 HUL (A) 0.87, GW9 NFO (H) 0.83, GW10 BHA (A) 0.89, GW11 EVE (H) 0.97, GW12 MUN (A) 0.88, GW13 ARS (H) 1.06, GW14 MCI (H) 0.93, GW15 FUL (A) 1.04, GW16 NEW (H) 0.97, GW17 IPS (A) 1.15, GW18 COV (A) 1.35, GW19 CRY (H) 1.35, GW20 ARS (A) 1.11, GW21 BHA (H) 1.08, GW22 EVE (A) 1.08, GW23 MUN (H) 0.98, GW24 NFO (A) 1.04, GW25 CRY (A) 1.21, GW26 COV (H) 1.4, GW27 NEW (A) 0.99, GW28 IPS (H) 1.2, GW29 SUN (A) 1.18, GW30 BOU (H) 1.06, GW31 TOT (A) 1.21, GW32 LEE (H) 1.03, GW33 FUL (H) 1.26, GW34 MCI (A) 0.97, GW35 AVL (H) 1.34, GW36 LIV (A) 1.0, GW37 HUL (H) 1.21, GW38 CHE (A) 1.22"
Mamadou Sangaré,MID,Brentford,5.6,1.83,6.38,22.0,"AVL (A) 1.83, LIV (H) 1.8, HUL (A) 2.19, NFO (H) 2.1, BHA (A) 1.96","GW6 AVL (A) 1.83, GW7 LIV (H) 1.8, GW8 HUL (A) 2.19, GW9 NFO (H) 2.1, GW10 BHA (A) 1.96, GW11 EVE (H) 2.3, GW12 MUN (A) 2.01, GW13 ARS (H) 2.32, GW14 MCI (H) 2.1, GW15 FUL (A) 2.41, GW16 NEW (H) 2.2, GW17 IPS (A) 2.65, GW18 COV (A) 2.96, GW19 CRY (H) 2.88, GW20 ARS (A) 2.21, GW21 BHA (H) 2.21, GW22 EVE (A) 2.4, GW23 MUN (H) 2.16, GW24 NFO (A) 2.32, GW25 CRY (A) 2.56, GW26 COV (H) 2.99, GW27 NEW (A) 2.19, GW28 IPS (H) 2.79, GW29 SUN (A) 2.59, GW30 BOU (H) 2.13, GW31 TOT (A) 2.63, GW32 LEE (H) 2.3, GW33 FUL (H) 2.85, GW34 MCI (A) 1.93, GW35 AVL (H) 2.65, GW36 LIV (A) 2.16, GW37 HUL (H) 2.67, GW38 CHE (A) 2.57"
El Hadji Malick Diouf,DEF,Brentford,4.5,1.04,3.45,2.0,"AVL (A) 1.04, LIV (H) 0.96, HUL (A) 1.12, NFO (H) 1.11, BHA (A) 1.12","GW6 AVL (A) 1.04, GW7 LIV (H) 0.96, GW8 HUL (A) 1.12, GW9 NFO (H) 1.11, GW10 BHA (A) 1.12, GW11 EVE (H) 1.25, GW12 MUN (A) 1.12, GW13 ARS (H) 1.41, GW14 MCI (H) 1.29, GW15 FUL (A) 1.44, GW16 NEW (H) 1.34, GW17 IPS (A) 1.46, GW18 COV (A) 1.7, GW19 CRY (H) 1.7, GW20 ARS (A) 1.46, GW21 BHA (H) 1.41, GW22 EVE (A) 1.48, GW23 MUN (H) 1.33, GW24 NFO (A) 1.41, GW25 CRY (A) 1.61, GW26 COV (H) 1.74, GW27 NEW (A) 1.36, GW28 IPS (H) 1.51, GW29 SUN (A) 1.43, GW30 BOU (H) 1.4, GW31 TOT (A) 1.46, GW32 LEE (H) 1.4, GW33 FUL (H) 1.6, GW34 MCI (A) 1.33, GW35 AVL (H) 1.7, GW36 LIV (A) 1.35, GW37 HUL (H) 1.5, GW38 CHE (A) 1.6"
Gustavo Nunes Fernandes Gomes,MID,Brentford,4.5,0.14,0.23,0.0,"AVL (A) 0.14, LIV (H) 0.02, HUL (A) 0.04, NFO (H) 0.06, BHA (A) 0.06","GW6 AVL (A) 0.14, GW7 LIV (H) 0.02, GW8 HUL (A) 0.04, GW9 NFO (H) 0.06, GW10 BHA (A) 0.06, GW11 EVE (H) 0.09, GW12 MUN (A) 0.02, GW13 ARS (H) 0.17, GW14 MCI (H) 0.03, GW15 FUL (A) 0.08, GW16 NEW (H) 0.05, GW17 IPS (A) 0.05, GW18 COV (A) 0.2, GW19 CRY (H) 0.2, GW20 ARS (A) 0.16, GW21 BHA (H) 0.08, GW22 EVE (A) 0.07, GW23 MUN (H) 0.02, GW24 NFO (A) 0.08, GW25 CRY (A) 0.15, GW26 COV (H) 0.22, GW27 NEW (A) 0.03, GW28 IPS (H) 0.07, GW29 SUN (A) 0.08, GW30 BOU (H) 0.07, GW31 TOT (A) 0.1, GW32 LEE (H) 0.03, GW33 FUL (H) 0.12, GW34 MCI (A) 0.01, GW35 AVL (H) 0.28, GW36 LIV (A) 0.0, GW37 HUL (H) 0.07, GW38 CHE (A) 0.17"
Benjamin Fredrick,DEF,Brentford,4.0,0.63,1.51,0.0,"AVL (A) 0.63, LIV (H) 0.45, HUL (A) 0.4, NFO (H) 0.35, BHA (A) 0.31","GW6 AVL (A) 0.63, GW7 LIV (H) 0.45, GW8 HUL (A) 0.4, GW9 NFO (H) 0.35, GW10 BHA (A) 0.31, GW11 EVE (H) 0.28, GW12 MUN (A) 0.23, GW13 ARS (H) 0.31, GW14 MCI (H) 0.21, GW15 FUL (A) 0.2, GW16 NEW (H) 0.19, GW17 IPS (A) 0.21, GW18 COV (A) 0.3, GW19 CRY (H) 0.28, GW20 ARS (A) 0.25, GW21 BHA (H) 0.18, GW22 EVE (A) 0.16, GW23 MUN (H) 0.15, GW24 NFO (A) 0.19, GW25 CRY (A) 0.23, GW26 COV (H) 0.29, GW27 NEW (A) 0.14, GW28 IPS (H) 0.19, GW29 SUN (A) 0.16, GW30 BOU (H) 0.16, GW31 TOT (A) 0.19, GW32 LEE (H) 0.15, GW33 FUL (H) 0.19, GW34 MCI (A) 0.13, GW35 AVL (H) 0.34, GW36 LIV (A) 0.13, GW37 HUL (H) 0.19, GW38 CHE (A) 0.24"
Ellery Balcombe,GK,Brentford,4.0,0.66,1.57,0.0,"AVL (A) 0.66, LIV (H) 0.45, HUL (A) 0.41, NFO (H) 0.38, BHA (A) 0.34","GW6 AVL (A) 0.66, GW7 LIV (H) 0.45, GW8 HUL (A) 0.41, GW9 NFO (H) 0.38, GW10 BHA (A) 0.34, GW11 EVE (H) 0.31, GW12 MUN (A) 0.25, GW13 ARS (H) 0.35, GW14 MCI (H) 0.22, GW15 FUL (A) 0.22, GW16 NEW (H) 0.21, GW17 IPS (A) 0.23, GW18 COV (A) 0.33, GW19 CRY (H) 0.32, GW20 ARS (A) 0.27, GW21 BHA (H) 0.22, GW22 EVE (A) 0.17, GW23 MUN (H) 0.16, GW24 NFO (A) 0.21, GW25 CRY (A) 0.25, GW26 COV (H) 0.32, GW27 NEW (A) 0.16, GW28 IPS (H) 0.21, GW29 SUN (A) 0.18, GW30 BOU (H) 0.2, GW31 TOT (A) 0.21, GW32 LEE (H) 0.17, GW33 FUL (H) 0.21, GW34 MCI (A) 0.13, GW35 AVL (H) 0.43, GW36 LIV (A) 0.14, GW37 HUL (H) 0.2, GW38 CHE (A) 0.26"
Bart Verbruggen,GK,Brighton,4.5,5.48,15.0,23.0,"SUN (A) 5.48, CRY (H) 5.21, LIV (A) 3.95, MCI (A) 2.84, BRE (H) 3.97","GW6 SUN (A) 5.48, GW7 CRY (H) 5.21, GW8 LIV (A) 3.95, GW9 MCI (A) 2.84, GW10 BRE (H) 3.97, GW11 HUL (A) 4.18, GW12 NEW (H) 3.73, GW13 BOU (A) 3.43, GW14 NFO (A) 3.79, GW15 EVE (H) 3.96, GW16 IPS (H) 4.38, GW17 FUL (A) 3.6, GW18 TOT (A) 4.13, GW19 MUN (H) 2.78, GW20 BOU (H) 3.1, GW21 BRE (A) 3.16, GW22 MCI (H) 2.85, GW23 NEW (A) 3.03, GW24 HUL (H) 4.01, GW25 MUN (A) 2.43, GW26 TOT (H) 4.06, GW27 IPS (A) 3.99, GW28 FUL (H) 4.15, GW29 LEE (A) 3.17, GW30 COV (H) 4.32, GW31 AVL (A) 3.58, GW32 CHE (H) 3.48, GW33 EVE (A) 3.53, GW34 NFO (H) 3.87, GW35 SUN (H) 4.35, GW36 CRY (A) 3.56, GW37 LIV (H) 3.15, GW38 ARS (A) 2.22"
Jason Steele,GK,Brighton,4.0,0.48,2.1,0.0,"SUN (A) 0.48, CRY (H) 0.76, LIV (A) 0.64, MCI (A) 0.7, BRE (H) 0.86","GW6 SUN (A) 0.48, GW7 CRY (H) 0.76, GW8 LIV (A) 0.64, GW9 MCI (A) 0.7, GW10 BRE (H) 0.86, GW11 HUL (A) 1.18, GW12 NEW (H) 1.2, GW13 BOU (A) 1.13, GW14 NFO (A) 1.26, GW15 EVE (H) 1.36, GW16 IPS (H) 1.41, GW17 FUL (A) 1.34, GW18 TOT (A) 1.33, GW19 MUN (H) 1.27, GW20 BOU (H) 1.23, GW21 BRE (A) 1.22, GW22 MCI (H) 1.28, GW23 NEW (A) 1.27, GW24 HUL (H) 1.43, GW25 MUN (A) 1.24, GW26 TOT (H) 1.43, GW27 IPS (A) 1.41, GW28 FUL (H) 1.52, GW29 LEE (A) 1.3, GW30 COV (H) 1.64, GW31 AVL (A) 1.42, GW32 CHE (H) 1.5, GW33 EVE (A) 1.38, GW34 NFO (H) 1.34, GW35 SUN (H) 1.34, GW36 CRY (A) 1.47, GW37 LIV (H) 1.31, GW38 ARS (A) 1.26"
Ferdi Kadıoğlu,DEF,Brighton,4.4,4.11,11.87,13.0,"SUN (A) 4.11, CRY (H) 3.97, LIV (A) 3.4, MCI (A) 2.82, BRE (H) 3.28","GW6 SUN (A) 4.11, GW7 CRY (H) 3.97, GW8 LIV (A) 3.4, GW9 MCI (A) 2.82, GW10 BRE (H) 3.28, GW11 HUL (A) 3.44, GW12 NEW (H) 3.24, GW13 BOU (A) 2.84, GW14 NFO (A) 3.21, GW15 EVE (H) 3.16, GW16 IPS (H) 3.28, GW17 FUL (A) 3.07, GW18 TOT (A) 3.68, GW19 MUN (H) 2.66, GW20 BOU (H) 2.67, GW21 BRE (A) 2.93, GW22 MCI (H) 2.64, GW23 NEW (A) 2.88, GW24 HUL (H) 3.21, GW25 MUN (A) 2.57, GW26 TOT (H) 3.54, GW27 IPS (A) 3.17, GW28 FUL (H) 3.26, GW29 LEE (A) 2.97, GW30 COV (H) 3.4, GW31 AVL (A) 3.16, GW32 CHE (H) 3.06, GW33 EVE (A) 3.02, GW34 NFO (H) 3.14, GW35 SUN (H) 3.55, GW36 CRY (A) 3.13, GW37 LIV (H) 2.88, GW38 ARS (A) 2.39"
Olivier Boscagli,DEF,Brighton,4.5,4.49,11.06,19.0,"SUN (A) 4.49, CRY (H) 3.49, LIV (A) 2.86, MCI (A) 2.16, BRE (H) 2.66","GW6 SUN (A) 4.49, GW7 CRY (H) 3.49, GW8 LIV (A) 2.86, GW9 MCI (A) 2.16, GW10 BRE (H) 2.66, GW11 HUL (A) 2.43, GW12 NEW (H) 2.39, GW13 BOU (A) 2.0, GW14 NFO (A) 2.77, GW15 EVE (H) 2.28, GW16 IPS (H) 2.11, GW17 FUL (A) 2.07, GW18 TOT (A) 3.11, GW19 MUN (H) 1.63, GW20 BOU (H) 1.77, GW21 BRE (A) 1.85, GW22 MCI (H) 1.58, GW23 NEW (A) 1.74, GW24 HUL (H) 1.96, GW25 MUN (A) 1.45, GW26 TOT (H) 2.58, GW27 IPS (A) 1.82, GW28 FUL (H) 2.09, GW29 LEE (A) 1.82, GW30 COV (H) 2.23, GW31 AVL (A) 2.12, GW32 CHE (H) 2.09, GW33 EVE (A) 1.96, GW34 NFO (H) 2.62, GW35 SUN (H) 3.34, GW36 CRY (A) 2.08, GW37 LIV (H) 1.8, GW38 ARS (A) 1.22"
Maxim De Cuyper,DEF,Brighton,5.0,6.66,18.76,38.0,"SUN (A) 6.66, CRY (H) 6.14, LIV (A) 5.28, MCI (A) 4.98, BRE (H) 4.81","GW6 SUN (A) 6.66, GW7 CRY (H) 6.14, GW8 LIV (A) 5.28, GW9 MCI (A) 4.98, GW10 BRE (H) 4.81, GW11 HUL (A) 4.54, GW12 NEW (H) 4.14, GW13 BOU (A) 4.47, GW14 NFO (A) 3.95, GW15 EVE (H) 4.47, GW16 IPS (H) 4.07, GW17 FUL (A) 4.22, GW18 TOT (A) 4.62, GW19 MUN (H) 3.39, GW20 BOU (H) 4.01, GW21 BRE (A) 4.33, GW22 MCI (H) 3.33, GW23 NEW (A) 3.31, GW24 HUL (H) 3.89, GW25 MUN (A) 3.12, GW26 TOT (H) 3.87, GW27 IPS (A) 3.74, GW28 FUL (H) 4.21, GW29 LEE (A) 3.47, GW30 COV (H) 4.69, GW31 AVL (A) 4.82, GW32 CHE (H) 5.09, GW33 EVE (A) 4.11, GW34 NFO (H) 3.77, GW35 SUN (H) 5.59, GW36 CRY (A) 4.82, GW37 LIV (H) 3.78, GW38 ARS (A) 6.08"
Lewis Dunk,DEF,Brighton,4.5,4.62,13.44,22.0,"SUN (A) 4.62, CRY (H) 4.36, LIV (A) 3.87, MCI (A) 3.38, BRE (H) 3.93","GW6 SUN (A) 4.62, GW7 CRY (H) 4.36, GW8 LIV (A) 3.87, GW9 MCI (A) 3.38, GW10 BRE (H) 3.93, GW11 HUL (A) 3.85, GW12 NEW (H) 3.62, GW13 BOU (A) 3.32, GW14 NFO (A) 3.43, GW15 EVE (H) 3.58, GW16 IPS (H) 3.48, GW17 FUL (A) 3.45, GW18 TOT (A) 3.81, GW19 MUN (H) 3.01, GW20 BOU (H) 3.16, GW21 BRE (A) 3.25, GW22 MCI (H) 2.99, GW23 NEW (A) 3.12, GW24 HUL (H) 3.41, GW25 MUN (A) 2.88, GW26 TOT (H) 3.57, GW27 IPS (A) 3.31, GW28 FUL (H) 3.54, GW29 LEE (A) 3.2, GW30 COV (H) 3.69, GW31 AVL (A) 3.54, GW32 CHE (H) 3.58, GW33 EVE (A) 3.39, GW34 NFO (H) 3.38, GW35 SUN (H) 3.93, GW36 CRY (A) 3.52, GW37 LIV (H) 3.24, GW38 ARS (A) 2.37"
Diego Coppola,DEF,Brighton,4.5,-0.03,-0.02,0.0,"SUN (A) -0.03, CRY (H) 0.04, LIV (A) -0.04, MCI (A) -0.03, BRE (H) 0.01","GW6 SUN (A) -0.03, GW7 CRY (H) 0.04, GW8 LIV (A) -0.04, GW9 MCI (A) -0.03, GW10 BRE (H) 0.01, GW11 HUL (A) 0.03, GW12 NEW (H) 0.0, GW13 BOU (A) 0.01, GW14 NFO (A) 0.04, GW15 EVE (H) 0.01, GW16 IPS (H) 0.05, GW17 FUL (A) 0.01, GW18 TOT (A) 0.05, GW19 MUN (H) 0.0, GW20 BOU (H) 0.02, GW21 BRE (A) 0.02, GW22 MCI (H) 0.0, GW23 NEW (A) -0.0, GW24 HUL (H) 0.05, GW25 MUN (A) -0.01, GW26 TOT (H) 0.05, GW27 IPS (A) 0.04, GW28 FUL (H) 0.05, GW29 LEE (A) -0.0, GW30 COV (H) 0.15, GW31 AVL (A) 0.2, GW32 CHE (H) 0.11, GW33 EVE (A) 0.01, GW34 NFO (H) 0.03, GW35 SUN (H) 0.0, GW36 CRY (A) 0.08, GW37 LIV (H) 0.0, GW38 ARS (A) 0.09"
Igor Julio dos Santos de Paulo,DEF,Brighton,4.5,-0.13,-0.26,0.0,"SUN (A) -0.13, CRY (H) -0.01, LIV (A) -0.15, MCI (A) -0.12, BRE (H) -0.02","GW6 SUN (A) -0.13, GW7 CRY (H) -0.01, GW8 LIV (A) -0.15, GW9 MCI (A) -0.12, GW10 BRE (H) -0.02, GW11 HUL (A) 0.09, GW12 NEW (H) 0.01, GW13 BOU (A) 0.01, GW14 NFO (A) 0.06, GW15 EVE (H) 0.06, GW16 IPS (H) 0.2, GW17 FUL (A) 0.05, GW18 TOT (A) 0.17, GW19 MUN (H) 0.06, GW20 BOU (H) 0.09, GW21 BRE (A) 0.07, GW22 MCI (H) 0.07, GW23 NEW (A) 0.06, GW24 HUL (H) 0.24, GW25 MUN (A) 0.04, GW26 TOT (H) 0.33, GW27 IPS (A) 0.21, GW28 FUL (H) 0.24, GW29 LEE (A) 0.06, GW30 COV (H) 0.34, GW31 AVL (A) 0.3, GW32 CHE (H) 0.19, GW33 EVE (A) 0.07, GW34 NFO (H) 0.12, GW35 SUN (H) 0.17, GW36 CRY (A) 0.15, GW37 LIV (H) 0.08, GW38 ARS (A) 0.14"
João Pedro Loureiro da Costa,DEF,Brighton,4.5,0.99,3.35,4.0,"SUN (A) 0.99, CRY (H) 1.13, LIV (A) 1.0, MCI (A) 0.99, BRE (H) 1.11","GW6 SUN (A) 0.99, GW7 CRY (H) 1.13, GW8 LIV (A) 1.0, GW9 MCI (A) 0.99, GW10 BRE (H) 1.11, GW11 HUL (A) 1.08, GW12 NEW (H) 1.07, GW13 BOU (A) 1.03, GW14 NFO (A) 1.08, GW15 EVE (H) 1.1, GW16 IPS (H) 1.14, GW17 FUL (A) 1.06, GW18 TOT (A) 1.1, GW19 MUN (H) 1.04, GW20 BOU (H) 1.1, GW21 BRE (A) 1.07, GW22 MCI (H) 1.04, GW23 NEW (A) 1.03, GW24 HUL (H) 1.15, GW25 MUN (A) 0.99, GW26 TOT (H) 1.15, GW27 IPS (A) 1.1, GW28 FUL (H) 1.15, GW29 LEE (A) 1.03, GW30 COV (H) 1.35, GW31 AVL (A) 1.27, GW32 CHE (H) 1.27, GW33 EVE (A) 1.06, GW34 NFO (H) 1.1, GW35 SUN (H) 1.09, GW36 CRY (A) 1.19, GW37 LIV (H) 1.06, GW38 ARS (A) 1.15"
Michael Svoboda,DEF,Brighton,5.0,0.51,1.97,1.0,"SUN (A) 0.51, CRY (H) 0.68, LIV (A) 0.58, MCI (A) 0.6, BRE (H) 0.79","GW6 SUN (A) 0.51, GW7 CRY (H) 0.68, GW8 LIV (A) 0.58, GW9 MCI (A) 0.6, GW10 BRE (H) 0.79, GW11 HUL (A) 0.74, GW12 NEW (H) 0.73, GW13 BOU (A) 0.75, GW14 NFO (A) 0.77, GW15 EVE (H) 0.83, GW16 IPS (H) 0.95, GW17 FUL (A) 0.79, GW18 TOT (A) 0.83, GW19 MUN (H) 0.73, GW20 BOU (H) 0.87, GW21 BRE (A) 0.83, GW22 MCI (H) 0.74, GW23 NEW (A) 0.75, GW24 HUL (H) 0.88, GW25 MUN (A) 0.7, GW26 TOT (H) 0.86, GW27 IPS (A) 0.94, GW28 FUL (H) 0.88, GW29 LEE (A) 0.75, GW30 COV (H) 1.11, GW31 AVL (A) 1.04, GW32 CHE (H) 1.05, GW33 EVE (A) 0.82, GW34 NFO (H) 0.81, GW35 SUN (H) 0.85, GW36 CRY (A) 0.94, GW37 LIV (H) 0.78, GW38 ARS (A) 0.97"
Mitoma Kaoru,MID,Brighton,5.9,-0.04,0.09,0.0,"SUN (A) -0.04, CRY (H) 0.1, LIV (A) -0.03, MCI (A) -0.03, BRE (H) 0.15","GW6 SUN (A) -0.04, GW7 CRY (H) 0.1, GW8 LIV (A) -0.03, GW9 MCI (A) -0.03, GW10 BRE (H) 0.15, GW11 HUL (A) 0.22, GW12 NEW (H) 0.15, GW13 BOU (A) 0.19, GW14 NFO (A) 0.2, GW15 EVE (H) 0.23, GW16 IPS (H) 0.38, GW17 FUL (A) 0.21, GW18 TOT (A) 0.31, GW19 MUN (H) 0.18, GW20 BOU (H) 0.29, GW21 BRE (A) 0.26, GW22 MCI (H) 0.19, GW23 NEW (A) 0.21, GW24 HUL (H) 0.39, GW25 MUN (A) 0.16, GW26 TOT (H) 0.43, GW27 IPS (A) 0.38, GW28 FUL (H) 0.41, GW29 LEE (A) 0.25, GW30 COV (H) 0.52, GW31 AVL (A) 0.5, GW32 CHE (H) 0.34, GW33 EVE (A) 0.24, GW34 NFO (H) 0.28, GW35 SUN (H) 0.34, GW36 CRY (A) 0.33, GW37 LIV (H) 0.24, GW38 ARS (A) 0.29"
Yankuba Minteh,MID,Brighton,5.8,0.06,0.37,0.0,"SUN (A) 0.06, CRY (H) 0.21, LIV (A) 0.02, MCI (A) 0.05, BRE (H) 0.2","GW6 SUN (A) 0.06, GW7 CRY (H) 0.21, GW8 LIV (A) 0.02, GW9 MCI (A) 0.05, GW10 BRE (H) 0.2, GW11 HUL (A) 0.31, GW12 NEW (H) 0.21, GW13 BOU (A) 0.21, GW14 NFO (A) 0.25, GW15 EVE (H) 0.24, GW16 IPS (H) 0.42, GW17 FUL (A) 0.21, GW18 TOT (A) 0.33, GW19 MUN (H) 0.17, GW20 BOU (H) 0.28, GW21 BRE (A) 0.25, GW22 MCI (H) 0.17, GW23 NEW (A) 0.22, GW24 HUL (H) 0.42, GW25 MUN (A) 0.14, GW26 TOT (H) 0.48, GW27 IPS (A) 0.41, GW28 FUL (H) 0.44, GW29 LEE (A) 0.23, GW30 COV (H) 0.55, GW31 AVL (A) 0.44, GW32 CHE (H) 0.29, GW33 EVE (A) 0.22, GW34 NFO (H) 0.29, GW35 SUN (H) 0.34, GW36 CRY (A) 0.31, GW37 LIV (H) 0.18, GW38 ARS (A) 0.25"
Jack Hinshelwood,MID,Brighton,5.9,0.93,3.81,16.0,"SUN (A) 0.93, CRY (H) 1.3, LIV (A) 1.23, MCI (A) 1.22, BRE (H) 1.53","GW6 SUN (A) 0.93, GW7 CRY (H) 1.3, GW8 LIV (A) 1.23, GW9 MCI (A) 1.22, GW10 BRE (H) 1.53, GW11 HUL (A) 1.79, GW12 NEW (H) 1.66, GW13 BOU (A) 1.62, GW14 NFO (A) 1.69, GW15 EVE (H) 1.86, GW16 IPS (H) 2.07, GW17 FUL (A) 1.83, GW18 TOT (A) 2.0, GW19 MUN (H) 1.73, GW20 BOU (H) 1.8, GW21 BRE (A) 1.76, GW22 MCI (H) 1.73, GW23 NEW (A) 1.77, GW24 HUL (H) 2.13, GW25 MUN (A) 1.69, GW26 TOT (H) 2.29, GW27 IPS (A) 2.09, GW28 FUL (H) 2.19, GW29 LEE (A) 1.85, GW30 COV (H) 2.33, GW31 AVL (A) 2.25, GW32 CHE (H) 2.02, GW33 EVE (A) 1.9, GW34 NFO (H) 1.87, GW35 SUN (H) 2.06, GW36 CRY (A) 2.01, GW37 LIV (H) 1.84, GW38 ARS (A) 1.54"
Pascal Groß,MID,Brighton,5.9,8.74,26.24,47.0,"SUN (A) 8.74, CRY (H) 9.44, LIV (A) 6.94, MCI (A) 6.4, BRE (H) 7.12","GW6 SUN (A) 8.74, GW7 CRY (H) 9.44, GW8 LIV (A) 6.94, GW9 MCI (A) 6.4, GW10 BRE (H) 7.12, GW11 HUL (A) 6.89, GW12 NEW (H) 5.73, GW13 BOU (A) 7.79, GW14 NFO (A) 5.94, GW15 EVE (H) 6.92, GW16 IPS (H) 8.32, GW17 FUL (A) 6.7, GW18 TOT (A) 5.76, GW19 MUN (H) 4.93, GW20 BOU (H) 6.85, GW21 BRE (A) 7.19, GW22 MCI (H) 5.17, GW23 NEW (A) 5.03, GW24 HUL (H) 6.72, GW25 MUN (A) 4.81, GW26 TOT (H) 5.45, GW27 IPS (A) 7.8, GW28 FUL (H) 6.73, GW29 LEE (A) 5.44, GW30 COV (H) 8.61, GW31 AVL (A) 9.55, GW32 CHE (H) 8.58, GW33 EVE (A) 6.49, GW34 NFO (H) 5.54, GW35 SUN (H) 6.74, GW36 CRY (A) 8.3, GW37 LIV (H) 5.73, GW38 ARS (A) 9.14"
Georginio Rutter,FWD,Brighton,5.3,0.97,3.69,6.0,"SUN (A) 0.97, CRY (H) 1.19, LIV (A) 1.23, MCI (A) 1.32, BRE (H) 1.32","GW6 SUN (A) 0.97, GW7 CRY (H) 1.19, GW8 LIV (A) 1.23, GW9 MCI (A) 1.32, GW10 BRE (H) 1.32, GW11 HUL (A) 1.56, GW12 NEW (H) 1.6, GW13 BOU (A) 1.58, GW14 NFO (A) 1.84, GW15 EVE (H) 1.67, GW16 IPS (H) 1.89, GW17 FUL (A) 1.7, GW18 TOT (A) 2.09, GW19 MUN (H) 1.84, GW20 BOU (H) 1.71, GW21 BRE (A) 1.74, GW22 MCI (H) 1.86, GW23 NEW (A) 1.91, GW24 HUL (H) 1.96, GW25 MUN (A) 1.87, GW26 TOT (H) 2.34, GW27 IPS (A) 1.97, GW28 FUL (H) 2.02, GW29 LEE (A) 1.69, GW30 COV (H) 2.2, GW31 AVL (A) 2.01, GW32 CHE (H) 1.89, GW33 EVE (A) 1.77, GW34 NFO (H) 1.96, GW35 SUN (H) 2.1, GW36 CRY (A) 1.92, GW37 LIV (H) 1.91, GW38 ARS (A) 1.92"
Matt O'Riley,MID,Brighton,5.4,0.82,3.0,2.0,"SUN (A) 0.82, CRY (H) 1.0, LIV (A) 0.94, MCI (A) 0.95, BRE (H) 1.08","GW6 SUN (A) 0.82, GW7 CRY (H) 1.0, GW8 LIV (A) 0.94, GW9 MCI (A) 0.95, GW10 BRE (H) 1.08, GW11 HUL (A) 1.08, GW12 NEW (H) 1.1, GW13 BOU (A) 1.07, GW14 NFO (A) 1.13, GW15 EVE (H) 1.17, GW16 IPS (H) 1.2, GW17 FUL (A) 1.13, GW18 TOT (A) 1.19, GW19 MUN (H) 1.13, GW20 BOU (H) 1.18, GW21 BRE (A) 1.15, GW22 MCI (H) 1.14, GW23 NEW (A) 1.12, GW24 HUL (H) 1.23, GW25 MUN (A) 1.09, GW26 TOT (H) 1.25, GW27 IPS (A) 1.18, GW28 FUL (H) 1.24, GW29 LEE (A) 1.15, GW30 COV (H) 1.38, GW31 AVL (A) 1.41, GW32 CHE (H) 1.32, GW33 EVE (A) 1.16, GW34 NFO (H) 1.21, GW35 SUN (H) 1.22, GW36 CRY (A) 1.28, GW37 LIV (H) 1.17, GW38 ARS (A) 1.2"
Diego Gómez Amarilla,MID,Brighton,5.0,3.99,11.59,24.0,"SUN (A) 3.99, CRY (H) 3.86, LIV (A) 3.28, MCI (A) 2.71, BRE (H) 3.38","GW6 SUN (A) 3.99, GW7 CRY (H) 3.86, GW8 LIV (A) 3.28, GW9 MCI (A) 2.71, GW10 BRE (H) 3.38, GW11 HUL (A) 2.97, GW12 NEW (H) 3.0, GW13 BOU (A) 2.83, GW14 NFO (A) 3.01, GW15 EVE (H) 3.23, GW16 IPS (H) 2.84, GW17 FUL (A) 3.12, GW18 TOT (A) 3.51, GW19 MUN (H) 2.55, GW20 BOU (H) 2.78, GW21 BRE (A) 3.02, GW22 MCI (H) 2.53, GW23 NEW (A) 2.7, GW24 HUL (H) 2.8, GW25 MUN (A) 2.47, GW26 TOT (H) 3.02, GW27 IPS (A) 2.7, GW28 FUL (H) 2.93, GW29 LEE (A) 2.85, GW30 COV (H) 3.39, GW31 AVL (A) 3.37, GW32 CHE (H) 3.53, GW33 EVE (A) 3.08, GW34 NFO (H) 2.97, GW35 SUN (H) 3.47, GW36 CRY (A) 3.51, GW37 LIV (H) 2.84, GW38 ARS (A) 3.14"
Facundo Buonanotte,MID,Brighton,5.0,-0.05,0.06,0.0,"SUN (A) -0.05, CRY (H) 0.06, LIV (A) 0.0, MCI (A) 0.04, BRE (H) 0.11","GW6 SUN (A) -0.05, GW7 CRY (H) 0.06, GW8 LIV (A) 0.0, GW9 MCI (A) 0.04, GW10 BRE (H) 0.11, GW11 HUL (A) 0.18, GW12 NEW (H) 0.15, GW13 BOU (A) 0.17, GW14 NFO (A) 0.22, GW15 EVE (H) 0.21, GW16 IPS (H) 0.27, GW17 FUL (A) 0.22, GW18 TOT (A) 0.26, GW19 MUN (H) 0.22, GW20 BOU (H) 0.24, GW21 BRE (A) 0.25, GW22 MCI (H) 0.24, GW23 NEW (A) 0.23, GW24 HUL (H) 0.31, GW25 MUN (A) 0.23, GW26 TOT (H) 0.32, GW27 IPS (A) 0.31, GW28 FUL (H) 0.32, GW29 LEE (A) 0.24, GW30 COV (H) 0.42, GW31 AVL (A) 0.44, GW32 CHE (H) 0.35, GW33 EVE (A) 0.25, GW34 NFO (H) 0.27, GW35 SUN (H) 0.25, GW36 CRY (A) 0.33, GW37 LIV (H) 0.25, GW38 ARS (A) 0.34"
Yasin Ayari,MID,Brighton,5.4,4.11,11.36,15.0,"SUN (A) 4.11, CRY (H) 3.8, LIV (A) 3.13, MCI (A) 2.48, BRE (H) 3.02","GW6 SUN (A) 4.11, GW7 CRY (H) 3.8, GW8 LIV (A) 3.13, GW9 MCI (A) 2.48, GW10 BRE (H) 3.02, GW11 HUL (A) 2.98, GW12 NEW (H) 2.87, GW13 BOU (A) 2.43, GW14 NFO (A) 2.77, GW15 EVE (H) 2.68, GW16 IPS (H) 2.69, GW17 FUL (A) 2.49, GW18 TOT (A) 3.02, GW19 MUN (H) 2.13, GW20 BOU (H) 2.23, GW21 BRE (A) 2.28, GW22 MCI (H) 2.09, GW23 NEW (A) 2.26, GW24 HUL (H) 2.62, GW25 MUN (A) 1.93, GW26 TOT (H) 3.1, GW27 IPS (A) 2.42, GW28 FUL (H) 2.82, GW29 LEE (A) 2.32, GW30 COV (H) 2.93, GW31 AVL (A) 2.94, GW32 CHE (H) 2.51, GW33 EVE (A) 2.37, GW34 NFO (H) 2.58, GW35 SUN (H) 3.26, GW36 CRY (A) 2.5, GW37 LIV (H) 2.31, GW38 ARS (A) 1.81"
Mats Wieffer,DEF,Brighton,4.9,0.72,2.82,7.0,"SUN (A) 0.72, CRY (H) 0.97, LIV (A) 0.84, MCI (A) 0.87, BRE (H) 1.16","GW6 SUN (A) 0.72, GW7 CRY (H) 0.97, GW8 LIV (A) 0.84, GW9 MCI (A) 0.87, GW10 BRE (H) 1.16, GW11 HUL (A) 1.3, GW12 NEW (H) 1.21, GW13 BOU (A) 1.2, GW14 NFO (A) 1.23, GW15 EVE (H) 1.37, GW16 IPS (H) 1.57, GW17 FUL (A) 1.31, GW18 TOT (A) 1.69, GW19 MUN (H) 1.27, GW20 BOU (H) 1.39, GW21 BRE (A) 1.32, GW22 MCI (H) 1.29, GW23 NEW (A) 1.27, GW24 HUL (H) 1.62, GW25 MUN (A) 1.2, GW26 TOT (H) 1.74, GW27 IPS (A) 1.54, GW28 FUL (H) 1.68, GW29 LEE (A) 1.31, GW30 COV (H) 1.82, GW31 AVL (A) 1.59, GW32 CHE (H) 1.53, GW33 EVE (A) 1.36, GW34 NFO (H) 1.4, GW35 SUN (H) 1.72, GW36 CRY (A) 1.48, GW37 LIV (H) 1.34, GW38 ARS (A) 1.3"
Harry Howell,MID,Brighton,4.5,-0.01,0.08,0.0,"SUN (A) -0.01, CRY (H) 0.07, LIV (A) -0.02, MCI (A) -0.0, BRE (H) 0.07","GW6 SUN (A) -0.01, GW7 CRY (H) 0.07, GW8 LIV (A) -0.02, GW9 MCI (A) -0.0, GW10 BRE (H) 0.07, GW11 HUL (A) 0.08, GW12 NEW (H) 0.08, GW13 BOU (A) 0.07, GW14 NFO (A) 0.11, GW15 EVE (H) 0.1, GW16 IPS (H) 0.13, GW17 FUL (A) 0.07, GW18 TOT (A) 0.11, GW19 MUN (H) 0.08, GW20 BOU (H) 0.11, GW21 BRE (A) 0.08, GW22 MCI (H) 0.08, GW23 NEW (A) 0.06, GW24 HUL (H) 0.14, GW25 MUN (A) 0.05, GW26 TOT (H) 0.14, GW27 IPS (A) 0.11, GW28 FUL (H) 0.14, GW29 LEE (A) 0.06, GW30 COV (H) 0.24, GW31 AVL (A) 0.3, GW32 CHE (H) 0.19, GW33 EVE (A) 0.07, GW34 NFO (H) 0.12, GW35 SUN (H) 0.09, GW36 CRY (A) 0.15, GW37 LIV (H) 0.08, GW38 ARS (A) 0.14"
Tom Watson,MID,Brighton,5.0,0.16,0.59,0.0,"SUN (A) 0.16, CRY (H) 0.23, LIV (A) 0.15, MCI (A) 0.16, BRE (H) 0.21","GW6 SUN (A) 0.16, GW7 CRY (H) 0.23, GW8 LIV (A) 0.15, GW9 MCI (A) 0.16, GW10 BRE (H) 0.21, GW11 HUL (A) 0.2, GW12 NEW (H) 0.19, GW13 BOU (A) 0.18, GW14 NFO (A) 0.21, GW15 EVE (H) 0.2, GW16 IPS (H) 0.22, GW17 FUL (A) 0.16, GW18 TOT (A) 0.2, GW19 MUN (H) 0.17, GW20 BOU (H) 0.19, GW21 BRE (A) 0.16, GW22 MCI (H) 0.17, GW23 NEW (A) 0.14, GW24 HUL (H) 0.21, GW25 MUN (A) 0.14, GW26 TOT (H) 0.22, GW27 IPS (A) 0.18, GW28 FUL (H) 0.21, GW29 LEE (A) 0.14, GW30 COV (H) 0.31, GW31 AVL (A) 0.34, GW32 CHE (H) 0.28, GW33 EVE (A) 0.15, GW34 NFO (H) 0.2, GW35 SUN (H) 0.19, GW36 CRY (A) 0.23, GW37 LIV (H) 0.17, GW38 ARS (A) 0.24"
Nehemiah Oriola,MID,Brighton,4.5,-0.02,0.11,0.0,"SUN (A) -0.02, CRY (H) 0.07, LIV (A) 0.01, MCI (A) 0.02, BRE (H) 0.12","GW6 SUN (A) -0.02, GW7 CRY (H) 0.07, GW8 LIV (A) 0.01, GW9 MCI (A) 0.02, GW10 BRE (H) 0.12, GW11 HUL (A) 0.12, GW12 NEW (H) 0.11, GW13 BOU (A) 0.12, GW14 NFO (A) 0.14, GW15 EVE (H) 0.16, GW16 IPS (H) 0.18, GW17 FUL (A) 0.13, GW18 TOT (A) 0.17, GW19 MUN (H) 0.12, GW20 BOU (H) 0.17, GW21 BRE (A) 0.14, GW22 MCI (H) 0.12, GW23 NEW (A) 0.1, GW24 HUL (H) 0.19, GW25 MUN (A) 0.08, GW26 TOT (H) 0.2, GW27 IPS (A) 0.15, GW28 FUL (H) 0.2, GW29 LEE (A) 0.12, GW30 COV (H) 0.31, GW31 AVL (A) 0.36, GW32 CHE (H) 0.27, GW33 EVE (A) 0.14, GW34 NFO (H) 0.16, GW35 SUN (H) 0.17, GW36 CRY (A) 0.22, GW37 LIV (H) 0.14, GW38 ARS (A) 0.2"
Zadok Yohanna,MID,Brighton,4.8,0.61,2.26,1.0,"SUN (A) 0.61, CRY (H) 0.75, LIV (A) 0.68, MCI (A) 0.71, BRE (H) 0.89","GW6 SUN (A) 0.61, GW7 CRY (H) 0.75, GW8 LIV (A) 0.68, GW9 MCI (A) 0.71, GW10 BRE (H) 0.89, GW11 HUL (A) 0.87, GW12 NEW (H) 0.88, GW13 BOU (A) 0.86, GW14 NFO (A) 0.92, GW15 EVE (H) 0.94, GW16 IPS (H) 0.97, GW17 FUL (A) 0.91, GW18 TOT (A) 1.02, GW19 MUN (H) 0.87, GW20 BOU (H) 0.97, GW21 BRE (A) 0.93, GW22 MCI (H) 0.87, GW23 NEW (A) 0.89, GW24 HUL (H) 0.99, GW25 MUN (A) 0.83, GW26 TOT (H) 1.06, GW27 IPS (A) 0.94, GW28 FUL (H) 0.99, GW29 LEE (A) 0.88, GW30 COV (H) 1.19, GW31 AVL (A) 1.17, GW32 CHE (H) 1.13, GW33 EVE (A) 0.92, GW34 NFO (H) 0.96, GW35 SUN (H) 1.04, GW36 CRY (A) 1.05, GW37 LIV (H) 0.9, GW38 ARS (A) 1.0"
Stefanos Tzimas,FWD,Brighton,5.4,0.11,0.46,0.0,"SUN (A) 0.11, CRY (H) 0.19, LIV (A) 0.11, MCI (A) 0.12, BRE (H) 0.18","GW6 SUN (A) 0.11, GW7 CRY (H) 0.19, GW8 LIV (A) 0.11, GW9 MCI (A) 0.12, GW10 BRE (H) 0.18, GW11 HUL (A) 0.16, GW12 NEW (H) 0.16, GW13 BOU (A) 0.14, GW14 NFO (A) 0.18, GW15 EVE (H) 0.17, GW16 IPS (H) 0.19, GW17 FUL (A) 0.13, GW18 TOT (A) 0.17, GW19 MUN (H) 0.15, GW20 BOU (H) 0.16, GW21 BRE (A) 0.14, GW22 MCI (H) 0.15, GW23 NEW (A) 0.12, GW24 HUL (H) 0.18, GW25 MUN (A) 0.11, GW26 TOT (H) 0.19, GW27 IPS (A) 0.15, GW28 FUL (H) 0.18, GW29 LEE (A) 0.12, GW30 COV (H) 0.28, GW31 AVL (A) 0.32, GW32 CHE (H) 0.25, GW33 EVE (A) 0.13, GW34 NFO (H) 0.17, GW35 SUN (H) 0.16, GW36 CRY (A) 0.2, GW37 LIV (H) 0.15, GW38 ARS (A) 0.21"
Charalampos Kostoulas,FWD,Brighton,5.6,5.76,17.01,28.0,"SUN (A) 5.76, CRY (H) 5.75, LIV (A) 5.0, MCI (A) 4.38, BRE (H) 4.45","GW6 SUN (A) 5.76, GW7 CRY (H) 5.75, GW8 LIV (A) 5.0, GW9 MCI (A) 4.38, GW10 BRE (H) 4.45, GW11 HUL (A) 4.06, GW12 NEW (H) 3.74, GW13 BOU (A) 4.2, GW14 NFO (A) 3.58, GW15 EVE (H) 3.89, GW16 IPS (H) 3.63, GW17 FUL (A) 3.79, GW18 TOT (A) 3.04, GW19 MUN (H) 3.13, GW20 BOU (H) 3.92, GW21 BRE (A) 4.07, GW22 MCI (H) 3.07, GW23 NEW (A) 3.22, GW24 HUL (H) 3.43, GW25 MUN (A) 3.15, GW26 TOT (H) 2.86, GW27 IPS (A) 3.42, GW28 FUL (H) 3.55, GW29 LEE (A) 3.38, GW30 COV (H) 4.61, GW31 AVL (A) 4.84, GW32 CHE (H) 4.7, GW33 EVE (A) 3.63, GW34 NFO (H) 3.22, GW35 SUN (H) 3.03, GW36 CRY (A) 4.68, GW37 LIV (H) 3.37, GW38 ARS (A) 4.59"
Evan Ferguson,FWD,Brighton,5.0,-0.09,-0.13,0.0,"SUN (A) -0.09, CRY (H) -0.01, LIV (A) -0.06, MCI (A) -0.04, BRE (H) 0.02","GW6 SUN (A) -0.09, GW7 CRY (H) -0.01, GW8 LIV (A) -0.06, GW9 MCI (A) -0.04, GW10 BRE (H) 0.02, GW11 HUL (A) 0.05, GW12 NEW (H) 0.04, GW13 BOU (A) 0.05, GW14 NFO (A) 0.1, GW15 EVE (H) 0.08, GW16 IPS (H) 0.11, GW17 FUL (A) 0.08, GW18 TOT (A) 0.12, GW19 MUN (H) 0.07, GW20 BOU (H) 0.1, GW21 BRE (A) 0.1, GW22 MCI (H) 0.07, GW23 NEW (A) 0.08, GW24 HUL (H) 0.14, GW25 MUN (A) 0.07, GW26 TOT (H) 0.14, GW27 IPS (A) 0.13, GW28 FUL (H) 0.14, GW29 LEE (A) 0.09, GW30 COV (H) 0.24, GW31 AVL (A) 0.33, GW32 CHE (H) 0.19, GW33 EVE (A) 0.1, GW34 NFO (H) 0.12, GW35 SUN (H) 0.1, GW36 CRY (A) 0.17, GW37 LIV (H) 0.08, GW38 ARS (A) 0.16"
Pascal Struijk,DEF,Brighton,4.9,1.99,6.31,7.0,"SUN (A) 1.99, CRY (H) 2.22, LIV (A) 1.78, MCI (A) 1.62, BRE (H) 1.91","GW6 SUN (A) 1.99, GW7 CRY (H) 2.22, GW8 LIV (A) 1.78, GW9 MCI (A) 1.62, GW10 BRE (H) 1.91, GW11 HUL (A) 1.86, GW12 NEW (H) 1.84, GW13 BOU (A) 1.71, GW14 NFO (A) 1.75, GW15 EVE (H) 1.94, GW16 IPS (H) 2.03, GW17 FUL (A) 1.82, GW18 TOT (A) 1.91, GW19 MUN (H) 1.67, GW20 BOU (H) 1.85, GW21 BRE (A) 1.79, GW22 MCI (H) 1.67, GW23 NEW (A) 1.73, GW24 HUL (H) 2.04, GW25 MUN (A) 1.58, GW26 TOT (H) 2.1, GW27 IPS (A) 1.93, GW28 FUL (H) 2.1, GW29 LEE (A) 1.8, GW30 COV (H) 2.24, GW31 AVL (A) 2.15, GW32 CHE (H) 1.93, GW33 EVE (A) 1.84, GW34 NFO (H) 1.89, GW35 SUN (H) 2.02, GW36 CRY (A) 1.97, GW37 LIV (H) 1.74, GW38 ARS (A) 1.67"
Luka Vušković,DEF,Brighton,5.0,7.84,20.53,32.0,"SUN (A) 7.84, CRY (H) 7.11, LIV (A) 5.29, MCI (A) 4.38, BRE (H) 4.43","GW6 SUN (A) 7.84, GW7 CRY (H) 7.11, GW8 LIV (A) 5.29, GW9 MCI (A) 4.38, GW10 BRE (H) 4.43, GW11 HUL (A) 3.98, GW12 NEW (H) 3.8, GW13 BOU (A) 3.76, GW14 NFO (A) 3.75, GW15 EVE (H) 3.93, GW16 IPS (H) 3.37, GW17 FUL (A) 3.68, GW18 TOT (A) 3.8, GW19 MUN (H) 3.31, GW20 BOU (H) 3.17, GW21 BRE (A) 3.32, GW22 MCI (H) 3.24, GW23 NEW (A) 3.07, GW24 HUL (H) 3.12, GW25 MUN (A) 3.11, GW26 TOT (H) 3.13, GW27 IPS (A) 2.96, GW28 FUL (H) 3.33, GW29 LEE (A) 3.12, GW30 COV (H) 4.29, GW31 AVL (A) 3.56, GW32 CHE (H) 5.23, GW33 EVE (A) 3.46, GW34 NFO (H) 3.32, GW35 SUN (H) 3.93, GW36 CRY (A) 4.09, GW37 LIV (H) 3.43, GW38 ARS (A) 2.91"
Promise David,FWD,Brighton,5.9,0.56,2.06,1.0,"SUN (A) 0.56, CRY (H) 0.72, LIV (A) 0.55, MCI (A) 0.57, BRE (H) 0.85","GW6 SUN (A) 0.56, GW7 CRY (H) 0.72, GW8 LIV (A) 0.55, GW9 MCI (A) 0.57, GW10 BRE (H) 0.85, GW11 HUL (A) 0.88, GW12 NEW (H) 0.74, GW13 BOU (A) 0.82, GW14 NFO (A) 0.78, GW15 EVE (H) 0.89, GW16 IPS (H) 1.13, GW17 FUL (A) 0.84, GW18 TOT (A) 1.05, GW19 MUN (H) 0.7, GW20 BOU (H) 0.95, GW21 BRE (A) 0.88, GW22 MCI (H) 0.71, GW23 NEW (A) 0.75, GW24 HUL (H) 1.03, GW25 MUN (A) 0.67, GW26 TOT (H) 1.2, GW27 IPS (A) 1.1, GW28 FUL (H) 1.05, GW29 LEE (A) 0.78, GW30 COV (H) 1.26, GW31 AVL (A) 1.1, GW32 CHE (H) 1.16, GW33 EVE (A) 0.86, GW34 NFO (H) 0.81, GW35 SUN (H) 1.06, GW36 CRY (A) 0.99, GW37 LIV (H) 0.78, GW38 ARS (A) 0.85"
Ibrahim Osman,MID,Brighton,5.0,0.43,1.74,3.0,"SUN (A) 0.43, CRY (H) 0.62, LIV (A) 0.54, MCI (A) 0.57, BRE (H) 0.64","GW6 SUN (A) 0.43, GW7 CRY (H) 0.62, GW8 LIV (A) 0.54, GW9 MCI (A) 0.57, GW10 BRE (H) 0.64, GW11 HUL (A) 0.67, GW12 NEW (H) 0.66, GW13 BOU (A) 0.63, GW14 NFO (A) 0.69, GW15 EVE (H) 0.7, GW16 IPS (H) 0.77, GW17 FUL (A) 0.67, GW18 TOT (A) 0.71, GW19 MUN (H) 0.71, GW20 BOU (H) 0.7, GW21 BRE (A) 0.69, GW22 MCI (H) 0.71, GW23 NEW (A) 0.67, GW24 HUL (H) 0.79, GW25 MUN (A) 0.67, GW26 TOT (H) 0.8, GW27 IPS (A) 0.74, GW28 FUL (H) 0.79, GW29 LEE (A) 0.68, GW30 COV (H) 0.93, GW31 AVL (A) 0.9, GW32 CHE (H) 0.86, GW33 EVE (A) 0.68, GW34 NFO (H) 0.75, GW35 SUN (H) 0.72, GW36 CRY (A) 0.8, GW37 LIV (H) 0.72, GW38 ARS (A) 0.77"
Malick Yalcouyé,MID,Brighton,4.5,3.49,10.21,20.0,"SUN (A) 3.49, CRY (H) 3.43, LIV (A) 2.86, MCI (A) 2.44, BRE (H) 2.95","GW6 SUN (A) 3.49, GW7 CRY (H) 3.43, GW8 LIV (A) 2.86, GW9 MCI (A) 2.44, GW10 BRE (H) 2.95, GW11 HUL (A) 2.76, GW12 NEW (H) 2.93, GW13 BOU (A) 2.49, GW14 NFO (A) 2.57, GW15 EVE (H) 3.08, GW16 IPS (H) 2.89, GW17 FUL (A) 2.86, GW18 TOT (A) 2.93, GW19 MUN (H) 2.48, GW20 BOU (H) 2.72, GW21 BRE (A) 2.49, GW22 MCI (H) 2.47, GW23 NEW (A) 2.46, GW24 HUL (H) 2.88, GW25 MUN (A) 2.13, GW26 TOT (H) 3.18, GW27 IPS (A) 2.54, GW28 FUL (H) 3.17, GW29 LEE (A) 2.52, GW30 COV (H) 3.21, GW31 AVL (A) 3.04, GW32 CHE (H) 3.18, GW33 EVE (A) 2.74, GW34 NFO (H) 2.81, GW35 SUN (H) 3.41, GW36 CRY (A) 2.86, GW37 LIV (H) 2.82, GW38 ARS (A) 2.29"
Jaouen Hadjam,DEF,Brighton,4.5,0.19,0.81,0.0,"SUN (A) 0.19, CRY (H) 0.32, LIV (A) 0.2, MCI (A) 0.2, BRE (H) 0.37","GW6 SUN (A) 0.19, GW7 CRY (H) 0.32, GW8 LIV (A) 0.2, GW9 MCI (A) 0.2, GW10 BRE (H) 0.37, GW11 HUL (A) 0.33, GW12 NEW (H) 0.33, GW13 BOU (A) 0.33, GW14 NFO (A) 0.37, GW15 EVE (H) 0.41, GW16 IPS (H) 0.42, GW17 FUL (A) 0.38, GW18 TOT (A) 0.42, GW19 MUN (H) 0.31, GW20 BOU (H) 0.44, GW21 BRE (A) 0.39, GW22 MCI (H) 0.32, GW23 NEW (A) 0.34, GW24 HUL (H) 0.44, GW25 MUN (A) 0.28, GW26 TOT (H) 0.44, GW27 IPS (A) 0.4, GW28 FUL (H) 0.46, GW29 LEE (A) 0.35, GW30 COV (H) 0.67, GW31 AVL (A) 0.6, GW32 CHE (H) 0.6, GW33 EVE (A) 0.4, GW34 NFO (H) 0.4, GW35 SUN (H) 0.42, GW36 CRY (A) 0.52, GW37 LIV (H) 0.36, GW38 ARS (A) 0.5"
Amario Cozier-Duberry,MID,Brighton,5.0,-0.12,-0.21,0.0,"SUN (A) -0.12, CRY (H) -0.03, LIV (A) -0.09, MCI (A) -0.05, BRE (H) 0.01","GW6 SUN (A) -0.12, GW7 CRY (H) -0.03, GW8 LIV (A) -0.09, GW9 MCI (A) -0.05, GW10 BRE (H) 0.01, GW11 HUL (A) 0.04, GW12 NEW (H) 0.03, GW13 BOU (A) 0.05, GW14 NFO (A) 0.1, GW15 EVE (H) 0.08, GW16 IPS (H) 0.12, GW17 FUL (A) 0.08, GW18 TOT (A) 0.13, GW19 MUN (H) 0.09, GW20 BOU (H) 0.11, GW21 BRE (A) 0.11, GW22 MCI (H) 0.1, GW23 NEW (A) 0.1, GW24 HUL (H) 0.15, GW25 MUN (A) 0.09, GW26 TOT (H) 0.16, GW27 IPS (A) 0.14, GW28 FUL (H) 0.15, GW29 LEE (A) 0.1, GW30 COV (H) 0.25, GW31 AVL (A) 0.3, GW32 CHE (H) 0.22, GW33 EVE (A) 0.11, GW34 NFO (H) 0.14, GW35 SUN (H) 0.11, GW36 CRY (A) 0.19, GW37 LIV (H) 0.11, GW38 ARS (A) 0.2"
José María Andrés Baixauli,MID,Brighton,5.5,3.27,9.13,12.0,"SUN (A) 3.27, CRY (H) 3.0, LIV (A) 2.56, MCI (A) 2.29, BRE (H) 2.37","GW6 SUN (A) 3.27, GW7 CRY (H) 3.0, GW8 LIV (A) 2.56, GW9 MCI (A) 2.29, GW10 BRE (H) 2.37, GW11 HUL (A) 2.36, GW12 NEW (H) 2.28, GW13 BOU (A) 1.88, GW14 NFO (A) 2.18, GW15 EVE (H) 2.16, GW16 IPS (H) 2.4, GW17 FUL (A) 2.05, GW18 TOT (A) 2.4, GW19 MUN (H) 1.88, GW20 BOU (H) 1.81, GW21 BRE (A) 1.8, GW22 MCI (H) 1.83, GW23 NEW (A) 1.97, GW24 HUL (H) 2.09, GW25 MUN (A) 1.8, GW26 TOT (H) 2.38, GW27 IPS (A) 2.23, GW28 FUL (H) 2.1, GW29 LEE (A) 1.82, GW30 COV (H) 2.42, GW31 AVL (A) 2.31, GW32 CHE (H) 2.29, GW33 EVE (A) 1.95, GW34 NFO (H) 2.01, GW35 SUN (H) 2.41, GW36 CRY (A) 2.1, GW37 LIV (H) 1.88, GW38 ARS (A) 1.68"
Femi Azeez,MID,Brighton,5.5,0.59,2.11,0.0,"SUN (A) 0.59, CRY (H) 0.73, LIV (A) 0.59, MCI (A) 0.64, BRE (H) 0.79","GW6 SUN (A) 0.59, GW7 CRY (H) 0.73, GW8 LIV (A) 0.59, GW9 MCI (A) 0.64, GW10 BRE (H) 0.79, GW11 HUL (A) 0.88, GW12 NEW (H) 0.83, GW13 BOU (A) 0.77, GW14 NFO (A) 0.93, GW15 EVE (H) 1.0, GW16 IPS (H) 1.26, GW17 FUL (A) 0.98, GW18 TOT (A) 1.18, GW19 MUN (H) 0.85, GW20 BOU (H) 0.93, GW21 BRE (A) 0.88, GW22 MCI (H) 0.86, GW23 NEW (A) 0.95, GW24 HUL (H) 1.09, GW25 MUN (A) 0.87, GW26 TOT (H) 1.21, GW27 IPS (A) 1.28, GW28 FUL (H) 1.11, GW29 LEE (A) 0.89, GW30 COV (H) 1.42, GW31 AVL (A) 1.09, GW32 CHE (H) 1.3, GW33 EVE (A) 1.02, GW34 NFO (H) 0.96, GW35 SUN (H) 1.16, GW36 CRY (A) 1.15, GW37 LIV (H) 0.92, GW38 ARS (A) 0.89"
Younes Ibrahim,MID,Brighton,4.5,0.33,1.33,0.0,"SUN (A) 0.33, CRY (H) 0.49, LIV (A) 0.35, MCI (A) 0.34, BRE (H) 0.59","GW6 SUN (A) 0.33, GW7 CRY (H) 0.49, GW8 LIV (A) 0.35, GW9 MCI (A) 0.34, GW10 BRE (H) 0.59, GW11 HUL (A) 0.51, GW12 NEW (H) 0.52, GW13 BOU (A) 0.52, GW14 NFO (A) 0.56, GW15 EVE (H) 0.62, GW16 IPS (H) 0.62, GW17 FUL (A) 0.59, GW18 TOT (A) 0.63, GW19 MUN (H) 0.48, GW20 BOU (H) 0.67, GW21 BRE (A) 0.61, GW22 MCI (H) 0.48, GW23 NEW (A) 0.55, GW24 HUL (H) 0.65, GW25 MUN (A) 0.45, GW26 TOT (H) 0.64, GW27 IPS (A) 0.61, GW28 FUL (H) 0.66, GW29 LEE (A) 0.55, GW30 COV (H) 0.96, GW31 AVL (A) 0.81, GW32 CHE (H) 0.86, GW33 EVE (A) 0.62, GW34 NFO (H) 0.6, GW35 SUN (H) 0.64, GW36 CRY (A) 0.76, GW37 LIV (H) 0.55, GW38 ARS (A) 0.71"
Emiliano Martínez Romero,GK,Chelsea,5.0,2.35,7.88,9.0,"BOU (H) 2.35, EVE (A) 2.43, TOT (H) 2.34, MUN (H) 2.06, SUN (A) 2.31","GW6 BOU (H) 2.35, GW7 EVE (A) 2.43, GW8 TOT (H) 2.34, GW9 MUN (H) 2.06, GW10 SUN (A) 2.31, GW11 LEE (H) 2.19, GW12 NFO (A) 2.13, GW13 CRY (H) 2.4, GW14 LIV (H) 1.98, GW15 MCI (A) 1.66, GW16 AVL (H) 2.17, GW17 COV (A) 2.22, GW18 IPS (A) 2.02, GW19 NEW (H) 1.93, GW20 CRY (A) 2.15, GW21 SUN (H) 2.13, GW22 LEE (A) 1.96, GW23 NFO (H) 1.92, GW24 MUN (A) 1.7, GW25 NEW (A) 1.83, GW26 IPS (H) 2.1, GW27 AVL (A) 2.07, GW28 COV (H) 2.31, GW29 ARS (H) 1.55, GW30 HUL (A) 2.0, GW31 FUL (H) 2.2, GW32 BHA (A) 1.63, GW33 MCI (H) 1.75, GW34 LIV (A) 1.77, GW35 TOT (A) 2.29, GW36 EVE (H) 2.16, GW37 BOU (A) 1.75, GW38 BRE (H) 1.89"
Morgan Rogers,MID,Chelsea,7.7,5.17,16.11,29.0,"BOU (H) 5.17, EVE (A) 5.07, TOT (H) 4.51, MUN (H) 3.7, SUN (A) 4.65","GW6 BOU (H) 5.17, GW7 EVE (A) 5.07, GW8 TOT (H) 4.51, GW9 MUN (H) 3.7, GW10 SUN (A) 4.65, GW11 LEE (H) 4.75, GW12 NFO (A) 3.55, GW13 CRY (H) 5.07, GW14 LIV (H) 4.08, GW15 MCI (A) 3.08, GW16 AVL (H) 5.51, GW17 COV (A) 4.03, GW18 IPS (A) 4.62, GW19 NEW (H) 3.62, GW20 CRY (A) 4.34, GW21 SUN (H) 5.39, GW22 LEE (A) 3.89, GW23 NFO (H) 3.73, GW24 MUN (A) 2.92, GW25 NEW (A) 2.99, GW26 IPS (H) 5.56, GW27 AVL (A) 5.3, GW28 COV (H) 4.79, GW29 ARS (H) 2.9, GW30 HUL (A) 4.2, GW31 FUL (H) 5.41, GW32 BHA (A) 3.27, GW33 MCI (H) 3.06, GW34 LIV (A) 3.9, GW35 TOT (A) 3.91, GW36 EVE (H) 4.99, GW37 BOU (A) 3.68, GW38 BRE (H) 3.68"
Jordan Henderson,MID,Chelsea,4.9,1.06,4.03,2.0,"BOU (H) 1.06, EVE (A) 1.1, TOT (H) 1.39, MUN (H) 1.21, SUN (A) 1.28","GW6 BOU (H) 1.06, GW7 EVE (A) 1.1, GW8 TOT (H) 1.39, GW9 MUN (H) 1.21, GW10 SUN (A) 1.28, GW11 LEE (H) 1.34, GW12 NFO (A) 1.34, GW13 CRY (H) 1.6, GW14 LIV (H) 1.31, GW15 MCI (A) 1.12, GW16 AVL (H) 1.64, GW17 COV (A) 1.56, GW18 IPS (A) 1.46, GW19 NEW (H) 1.46, GW20 CRY (A) 1.44, GW21 SUN (H) 1.48, GW22 LEE (A) 1.34, GW23 NFO (H) 1.48, GW24 MUN (A) 1.26, GW25 NEW (A) 1.35, GW26 IPS (H) 1.62, GW27 AVL (A) 1.55, GW28 COV (H) 1.73, GW29 ARS (H) 1.4, GW30 HUL (A) 1.49, GW31 FUL (H) 1.62, GW32 BHA (A) 1.28, GW33 MCI (H) 1.37, GW34 LIV (A) 1.27, GW35 TOT (A) 1.48, GW36 EVE (H) 1.5, GW37 BOU (A) 1.33, GW38 BRE (H) 1.49"
Danny Welbeck,FWD,Chelsea,5.9,1.51,5.72,4.0,"BOU (H) 1.51, EVE (A) 1.61, TOT (H) 1.91, MUN (H) 1.72, SUN (A) 1.83","GW6 BOU (H) 1.51, GW7 EVE (A) 1.61, GW8 TOT (H) 1.91, GW9 MUN (H) 1.72, GW10 SUN (A) 1.83, GW11 LEE (H) 1.9, GW12 NFO (A) 1.79, GW13 CRY (H) 2.18, GW14 LIV (H) 1.9, GW15 MCI (A) 1.57, GW16 AVL (H) 2.0, GW17 COV (A) 1.99, GW18 IPS (A) 1.85, GW19 NEW (H) 1.87, GW20 CRY (A) 1.89, GW21 SUN (H) 2.01, GW22 LEE (A) 1.75, GW23 NFO (H) 1.88, GW24 MUN (A) 1.63, GW25 NEW (A) 1.73, GW26 IPS (H) 2.02, GW27 AVL (A) 1.89, GW28 COV (H) 2.19, GW29 ARS (H) 1.77, GW30 HUL (A) 1.84, GW31 FUL (H) 2.07, GW32 BHA (A) 1.61, GW33 MCI (H) 1.77, GW34 LIV (A) 1.68, GW35 TOT (A) 1.92, GW36 EVE (H) 1.97, GW37 BOU (A) 1.66, GW38 BRE (H) 1.85"
Robert Lynch Sánchez,GK,Chelsea,4.9,0.25,1.77,2.0,"BOU (H) 0.25, EVE (A) 0.42, TOT (H) 0.65, MUN (H) 0.69, SUN (A) 0.99","GW6 BOU (H) 0.25, GW7 EVE (A) 0.42, GW8 TOT (H) 0.65, GW9 MUN (H) 0.69, GW10 SUN (A) 0.99, GW11 LEE (H) 0.83, GW12 NFO (A) 0.88, GW13 CRY (H) 1.08, GW14 LIV (H) 0.92, GW15 MCI (A) 0.96, GW16 AVL (H) 1.11, GW17 COV (A) 1.16, GW18 IPS (A) 1.06, GW19 NEW (H) 0.98, GW20 CRY (A) 1.08, GW21 SUN (H) 1.26, GW22 LEE (A) 0.99, GW23 NFO (H) 1.0, GW24 MUN (A) 0.96, GW25 NEW (A) 0.98, GW26 IPS (H) 1.11, GW27 AVL (A) 1.15, GW28 COV (H) 1.23, GW29 ARS (H) 0.83, GW30 HUL (A) 1.09, GW31 FUL (H) 1.12, GW32 BHA (A) 0.95, GW33 MCI (H) 0.99, GW34 LIV (A) 0.99, GW35 TOT (A) 1.35, GW36 EVE (H) 1.04, GW37 BOU (A) 0.92, GW38 BRE (H) 0.97"
Filip Jörgensen,GK,Chelsea,5.0,0.12,0.42,0.0,"BOU (H) 0.12, EVE (A) 0.12, TOT (H) 0.14, MUN (H) 0.12, SUN (A) 0.12","GW6 BOU (H) 0.12, GW7 EVE (A) 0.12, GW8 TOT (H) 0.14, GW9 MUN (H) 0.12, GW10 SUN (A) 0.12, GW11 LEE (H) 0.13, GW12 NFO (A) 0.12, GW13 CRY (H) 0.19, GW14 LIV (H) 0.09, GW15 MCI (A) 0.06, GW16 AVL (H) 0.27, GW17 COV (A) 0.18, GW18 IPS (A) 0.11, GW19 NEW (H) 0.08, GW20 CRY (A) 0.12, GW21 SUN (H) 0.05, GW22 LEE (A) 0.06, GW23 NFO (H) 0.07, GW24 MUN (A) 0.04, GW25 NEW (A) 0.05, GW26 IPS (H) 0.11, GW27 AVL (A) 0.24, GW28 COV (H) 0.18, GW29 ARS (H) 0.1, GW30 HUL (A) 0.09, GW31 FUL (H) 0.11, GW32 BHA (A) 0.05, GW33 MCI (H) 0.05, GW34 LIV (A) 0.04, GW35 TOT (A) 0.08, GW36 EVE (H) 0.08, GW37 BOU (A) 0.06, GW38 BRE (H) 0.08"
Reece James,DEF,Chelsea,5.3,0.89,4.34,3.0,"BOU (H) 0.89, EVE (A) 1.18, TOT (H) 1.54, MUN (H) 1.43, SUN (A) 1.79","GW6 BOU (H) 0.89, GW7 EVE (A) 1.18, GW8 TOT (H) 1.54, GW9 MUN (H) 1.43, GW10 SUN (A) 1.79, GW11 LEE (H) 1.61, GW12 NFO (A) 1.6, GW13 CRY (H) 1.93, GW14 LIV (H) 1.64, GW15 MCI (A) 1.43, GW16 AVL (H) 1.76, GW17 COV (A) 1.96, GW18 IPS (A) 1.84, GW19 NEW (H) 1.74, GW20 CRY (A) 1.81, GW21 SUN (H) 2.11, GW22 LEE (A) 1.7, GW23 NFO (H) 1.76, GW24 MUN (A) 1.61, GW25 NEW (A) 1.69, GW26 IPS (H) 1.94, GW27 AVL (A) 1.73, GW28 COV (H) 2.08, GW29 ARS (H) 1.41, GW30 HUL (A) 1.85, GW31 FUL (H) 1.97, GW32 BHA (A) 1.42, GW33 MCI (H) 1.69, GW34 LIV (A) 1.63, GW35 TOT (A) 2.09, GW36 EVE (H) 1.82, GW37 BOU (A) 1.43, GW38 BRE (H) 1.56"
Trevoh Chalobah,DEF,Chelsea,5.5,0.14,0.96,0.0,"BOU (H) 0.14, EVE (A) 0.2, TOT (H) 0.42, MUN (H) 0.37, SUN (A) 0.46","GW6 BOU (H) 0.14, GW7 EVE (A) 0.2, GW8 TOT (H) 0.42, GW9 MUN (H) 0.37, GW10 SUN (A) 0.46, GW11 LEE (H) 0.47, GW12 NFO (A) 0.48, GW13 CRY (H) 0.71, GW14 LIV (H) 0.5, GW15 MCI (A) 0.52, GW16 AVL (H) 0.68, GW17 COV (A) 0.74, GW18 IPS (A) 0.69, GW19 NEW (H) 0.55, GW20 CRY (A) 0.57, GW21 SUN (H) 0.6, GW22 LEE (A) 0.52, GW23 NFO (H) 0.56, GW24 MUN (A) 0.51, GW25 NEW (A) 0.53, GW26 IPS (H) 0.74, GW27 AVL (A) 0.67, GW28 COV (H) 0.81, GW29 ARS (H) 0.55, GW30 HUL (A) 0.68, GW31 FUL (H) 0.73, GW32 BHA (A) 0.48, GW33 MCI (H) 0.55, GW34 LIV (A) 0.51, GW35 TOT (A) 0.61, GW36 EVE (H) 0.57, GW37 BOU (A) 0.5, GW38 BRE (H) 0.54"
Malo Gusto,DEF,Chelsea,4.9,0.85,3.63,4.0,"BOU (H) 0.85, EVE (A) 0.99, TOT (H) 1.18, MUN (H) 1.17, SUN (A) 1.46","GW6 BOU (H) 0.85, GW7 EVE (A) 0.99, GW8 TOT (H) 1.18, GW9 MUN (H) 1.17, GW10 SUN (A) 1.46, GW11 LEE (H) 1.36, GW12 NFO (A) 1.38, GW13 CRY (H) 1.66, GW14 LIV (H) 1.42, GW15 MCI (A) 1.41, GW16 AVL (H) 1.7, GW17 COV (A) 1.76, GW18 IPS (A) 1.63, GW19 NEW (H) 1.5, GW20 CRY (A) 1.65, GW21 SUN (H) 1.73, GW22 LEE (A) 1.53, GW23 NFO (H) 1.52, GW24 MUN (A) 1.46, GW25 NEW (A) 1.5, GW26 IPS (H) 1.69, GW27 AVL (A) 1.75, GW28 COV (H) 1.84, GW29 ARS (H) 1.53, GW30 HUL (A) 1.66, GW31 FUL (H) 1.73, GW32 BHA (A) 1.52, GW33 MCI (H) 1.49, GW34 LIV (A) 1.5, GW35 TOT (A) 1.82, GW36 EVE (H) 1.61, GW37 BOU (A) 1.53, GW38 BRE (H) 1.58"
Wesley Fofana,DEF,Chelsea,5.0,2.51,7.99,8.0,"BOU (H) 2.51, EVE (A) 2.46, TOT (H) 2.35, MUN (H) 2.06, SUN (A) 2.1","GW6 BOU (H) 2.51, GW7 EVE (A) 2.46, GW8 TOT (H) 2.35, GW9 MUN (H) 2.06, GW10 SUN (A) 2.1, GW11 LEE (H) 2.03, GW12 NFO (A) 1.92, GW13 CRY (H) 2.27, GW14 LIV (H) 1.88, GW15 MCI (A) 1.63, GW16 AVL (H) 2.08, GW17 COV (A) 2.2, GW18 IPS (A) 1.9, GW19 NEW (H) 1.83, GW20 CRY (A) 1.99, GW21 SUN (H) 1.96, GW22 LEE (A) 1.85, GW23 NFO (H) 1.82, GW24 MUN (A) 1.7, GW25 NEW (A) 1.77, GW26 IPS (H) 1.94, GW27 AVL (A) 2.01, GW28 COV (H) 2.25, GW29 ARS (H) 1.75, GW30 HUL (A) 1.88, GW31 FUL (H) 2.13, GW32 BHA (A) 1.75, GW33 MCI (H) 1.74, GW34 LIV (A) 1.77, GW35 TOT (A) 2.06, GW36 EVE (H) 1.94, GW37 BOU (A) 1.75, GW38 BRE (H) 1.87"
Benoît Badiashile Mukinayi,DEF,Chelsea,4.5,-0.06,-0.16,0.0,"BOU (H) -0.06, EVE (A) -0.06, TOT (H) -0.03, MUN (H) -0.05, SUN (A) -0.03","GW6 BOU (H) -0.06, GW7 EVE (A) -0.06, GW8 TOT (H) -0.03, GW9 MUN (H) -0.05, GW10 SUN (A) -0.03, GW11 LEE (H) -0.03, GW12 NFO (A) -0.01, GW13 CRY (H) 0.06, GW14 LIV (H) -0.04, GW15 MCI (A) -0.06, GW16 AVL (H) 0.15, GW17 COV (A) 0.07, GW18 IPS (A) 0.01, GW19 NEW (H) -0.03, GW20 CRY (A) 0.02, GW21 SUN (H) -0.05, GW22 LEE (A) -0.03, GW23 NFO (H) -0.03, GW24 MUN (A) -0.05, GW25 NEW (A) -0.04, GW26 IPS (H) 0.02, GW27 AVL (A) 0.15, GW28 COV (H) 0.09, GW29 ARS (H) 0.0, GW30 HUL (A) 0.01, GW31 FUL (H) 0.02, GW32 BHA (A) -0.04, GW33 MCI (H) -0.04, GW34 LIV (A) -0.05, GW35 TOT (A) -0.01, GW36 EVE (H) -0.02, GW37 BOU (A) -0.03, GW38 BRE (H) -0.01"
Jorrel Hato,DEF,Chelsea,4.5,1.15,4.27,8.0,"BOU (H) 1.15, EVE (A) 1.28, TOT (H) 1.28, MUN (H) 1.29, SUN (A) 1.42","GW6 BOU (H) 1.15, GW7 EVE (A) 1.28, GW8 TOT (H) 1.28, GW9 MUN (H) 1.29, GW10 SUN (A) 1.42, GW11 LEE (H) 1.34, GW12 NFO (A) 1.35, GW13 CRY (H) 1.73, GW14 LIV (H) 1.39, GW15 MCI (A) 1.33, GW16 AVL (H) 1.69, GW17 COV (A) 1.78, GW18 IPS (A) 1.52, GW19 NEW (H) 1.39, GW20 CRY (A) 1.72, GW21 SUN (H) 1.54, GW22 LEE (A) 1.41, GW23 NFO (H) 1.4, GW24 MUN (A) 1.38, GW25 NEW (A) 1.38, GW26 IPS (H) 1.55, GW27 AVL (A) 1.71, GW28 COV (H) 1.83, GW29 ARS (H) 1.56, GW30 HUL (A) 1.56, GW31 FUL (H) 1.69, GW32 BHA (A) 1.54, GW33 MCI (H) 1.4, GW34 LIV (A) 1.41, GW35 TOT (A) 1.67, GW36 EVE (H) 1.63, GW37 BOU (A) 1.5, GW38 BRE (H) 1.54"
Levi Samuels Colwill,DEF,Chelsea,4.8,1.15,4.67,3.0,"BOU (H) 1.15, EVE (A) 1.32, TOT (H) 1.54, MUN (H) 1.37, SUN (A) 1.76","GW6 BOU (H) 1.15, GW7 EVE (A) 1.32, GW8 TOT (H) 1.54, GW9 MUN (H) 1.37, GW10 SUN (A) 1.76, GW11 LEE (H) 1.58, GW12 NFO (A) 1.65, GW13 CRY (H) 1.88, GW14 LIV (H) 1.55, GW15 MCI (A) 1.47, GW16 AVL (H) 1.87, GW17 COV (A) 1.93, GW18 IPS (A) 1.81, GW19 NEW (H) 1.73, GW20 CRY (A) 1.84, GW21 SUN (H) 2.01, GW22 LEE (A) 1.72, GW23 NFO (H) 1.74, GW24 MUN (A) 1.57, GW25 NEW (A) 1.7, GW26 IPS (H) 1.89, GW27 AVL (A) 1.88, GW28 COV (H) 2.04, GW29 ARS (H) 1.57, GW30 HUL (A) 1.83, GW31 FUL (H) 1.93, GW32 BHA (A) 1.58, GW33 MCI (H) 1.59, GW34 LIV (A) 1.61, GW35 TOT (A) 2.13, GW36 EVE (H) 1.83, GW37 BOU (A) 1.66, GW38 BRE (H) 1.74"
Mamadou Sarr,DEF,Chelsea,4.5,-0.06,-0.16,0.0,"BOU (H) -0.06, EVE (A) -0.08, TOT (H) -0.01, MUN (H) -0.05, SUN (A) -0.01","GW6 BOU (H) -0.06, GW7 EVE (A) -0.08, GW8 TOT (H) -0.01, GW9 MUN (H) -0.05, GW10 SUN (A) -0.01, GW11 LEE (H) -0.0, GW12 NFO (A) -0.0, GW13 CRY (H) 0.1, GW14 LIV (H) -0.01, GW15 MCI (A) -0.05, GW16 AVL (H) 0.18, GW17 COV (A) 0.1, GW18 IPS (A) 0.03, GW19 NEW (H) 0.0, GW20 CRY (A) 0.03, GW21 SUN (H) 0.01, GW22 LEE (A) -0.03, GW23 NFO (H) 0.0, GW24 MUN (A) -0.05, GW25 NEW (A) -0.03, GW26 IPS (H) 0.07, GW27 AVL (A) 0.16, GW28 COV (H) 0.13, GW29 ARS (H) 0.03, GW30 HUL (A) 0.03, GW31 FUL (H) 0.07, GW32 BHA (A) -0.03, GW33 MCI (H) -0.01, GW34 LIV (A) -0.04, GW35 TOT (A) 0.02, GW36 EVE (H) 0.01, GW37 BOU (A) -0.02, GW38 BRE (H) 0.01"
Josh Acheampong,DEF,Chelsea,4.5,0.41,1.89,5.0,"BOU (H) 0.41, EVE (A) 0.51, TOT (H) 0.6, MUN (H) 0.67, SUN (A) 0.83","GW6 BOU (H) 0.41, GW7 EVE (A) 0.51, GW8 TOT (H) 0.6, GW9 MUN (H) 0.67, GW10 SUN (A) 0.83, GW11 LEE (H) 0.77, GW12 NFO (A) 0.75, GW13 CRY (H) 1.01, GW14 LIV (H) 0.86, GW15 MCI (A) 0.77, GW16 AVL (H) 1.07, GW17 COV (A) 1.06, GW18 IPS (A) 0.93, GW19 NEW (H) 0.89, GW20 CRY (A) 1.01, GW21 SUN (H) 1.09, GW22 LEE (A) 0.89, GW23 NFO (H) 0.91, GW24 MUN (A) 0.85, GW25 NEW (A) 0.86, GW26 IPS (H) 1.01, GW27 AVL (A) 1.08, GW28 COV (H) 1.17, GW29 ARS (H) 1.0, GW30 HUL (A) 0.95, GW31 FUL (H) 1.05, GW32 BHA (A) 0.92, GW33 MCI (H) 0.92, GW34 LIV (A) 0.9, GW35 TOT (A) 1.16, GW36 EVE (H) 1.0, GW37 BOU (A) 0.9, GW38 BRE (H) 0.98"
Marco Palestra,DEF,Chelsea,5.3,0.3,1.42,0.0,"BOU (H) 0.3, EVE (A) 0.37, TOT (H) 0.51, MUN (H) 0.44, SUN (A) 0.62","GW6 BOU (H) 0.3, GW7 EVE (A) 0.37, GW8 TOT (H) 0.51, GW9 MUN (H) 0.44, GW10 SUN (A) 0.62, GW11 LEE (H) 0.55, GW12 NFO (A) 0.6, GW13 CRY (H) 0.76, GW14 LIV (H) 0.56, GW15 MCI (A) 0.56, GW16 AVL (H) 0.8, GW17 COV (A) 0.96, GW18 IPS (A) 0.81, GW19 NEW (H) 0.59, GW20 CRY (A) 0.71, GW21 SUN (H) 0.68, GW22 LEE (A) 0.58, GW23 NFO (H) 0.59, GW24 MUN (A) 0.54, GW25 NEW (A) 0.59, GW26 IPS (H) 0.84, GW27 AVL (A) 0.8, GW28 COV (H) 0.89, GW29 ARS (H) 0.53, GW30 HUL (A) 0.69, GW31 FUL (H) 0.72, GW32 BHA (A) 0.62, GW33 MCI (H) 0.54, GW34 LIV (A) 0.56, GW35 TOT (A) 0.73, GW36 EVE (H) 0.66, GW37 BOU (A) 0.6, GW38 BRE (H) 0.65"
Cole Palmer,MID,Chelsea,9.7,2.92,10.39,28.0,"BOU (H) 2.92, EVE (A) 3.48, TOT (H) 3.03, MUN (H) 2.17, SUN (A) 3.59","GW6 BOU (H) 2.92, GW7 EVE (A) 3.48, GW8 TOT (H) 3.03, GW9 MUN (H) 2.17, GW10 SUN (A) 3.59, GW11 LEE (H) 3.57, GW12 NFO (A) 2.76, GW13 CRY (H) 4.68, GW14 LIV (H) 3.11, GW15 MCI (A) 1.52, GW16 AVL (H) 4.21, GW17 COV (A) 4.48, GW18 IPS (A) 5.53, GW19 NEW (H) 3.01, GW20 CRY (A) 4.33, GW21 SUN (H) 4.53, GW22 LEE (A) 3.55, GW23 NFO (H) 3.03, GW24 MUN (A) 2.2, GW25 NEW (A) 2.75, GW26 IPS (H) 6.11, GW27 AVL (A) 4.19, GW28 COV (H) 5.05, GW29 ARS (H) 2.8, GW30 HUL (A) 4.16, GW31 FUL (H) 5.26, GW32 BHA (A) 2.81, GW33 MCI (H) 2.37, GW34 LIV (A) 3.13, GW35 TOT (A) 3.53, GW36 EVE (H) 4.75, GW37 BOU (A) 3.27, GW38 BRE (H) 3.8"
Pedro Lomba Neto,MID,Chelsea,6.5,2.43,8.51,14.0,"BOU (H) 2.43, EVE (A) 2.61, TOT (H) 2.57, MUN (H) 2.29, SUN (A) 2.63","GW6 BOU (H) 2.43, GW7 EVE (A) 2.61, GW8 TOT (H) 2.57, GW9 MUN (H) 2.29, GW10 SUN (A) 2.63, GW11 LEE (H) 2.55, GW12 NFO (A) 2.4, GW13 CRY (H) 2.82, GW14 LIV (H) 2.34, GW15 MCI (A) 1.91, GW16 AVL (H) 2.36, GW17 COV (A) 2.82, GW18 IPS (A) 2.5, GW19 NEW (H) 2.4, GW20 CRY (A) 2.78, GW21 SUN (H) 2.66, GW22 LEE (A) 2.49, GW23 NFO (H) 2.4, GW24 MUN (A) 2.16, GW25 NEW (A) 2.34, GW26 IPS (H) 2.55, GW27 AVL (A) 2.3, GW28 COV (H) 2.89, GW29 ARS (H) 1.84, GW30 HUL (A) 2.48, GW31 FUL (H) 2.64, GW32 BHA (A) 2.0, GW33 MCI (H) 2.18, GW34 LIV (A) 2.3, GW35 TOT (A) 2.76, GW36 EVE (H) 2.63, GW37 BOU (A) 2.16, GW38 BRE (H) 2.24"
Estêvão Almeida de Oliveira Gonçalves,MID,Chelsea,6.3,0.82,3.21,4.0,"BOU (H) 0.82, EVE (A) 0.9, TOT (H) 1.07, MUN (H) 0.96, SUN (A) 1.12","GW6 BOU (H) 0.82, GW7 EVE (A) 0.9, GW8 TOT (H) 1.07, GW9 MUN (H) 0.96, GW10 SUN (A) 1.12, GW11 LEE (H) 1.04, GW12 NFO (A) 1.07, GW13 CRY (H) 1.25, GW14 LIV (H) 1.04, GW15 MCI (A) 1.01, GW16 AVL (H) 1.27, GW17 COV (A) 1.32, GW18 IPS (A) 1.19, GW19 NEW (H) 1.05, GW20 CRY (A) 1.23, GW21 SUN (H) 1.15, GW22 LEE (A) 1.1, GW23 NFO (H) 1.05, GW24 MUN (A) 1.06, GW25 NEW (A) 1.08, GW26 IPS (H) 1.18, GW27 AVL (A) 1.32, GW28 COV (H) 1.32, GW29 ARS (H) 1.07, GW30 HUL (A) 1.18, GW31 FUL (H) 1.2, GW32 BHA (A) 1.1, GW33 MCI (H) 1.01, GW34 LIV (A) 1.09, GW35 TOT (A) 1.23, GW36 EVE (H) 1.12, GW37 BOU (A) 1.09, GW38 BRE (H) 1.1"
Jamie Bynoe-Gittens,MID,Chelsea,5.8,-0.06,-0.07,0.0,"BOU (H) -0.06, EVE (A) -0.06, TOT (H) 0.04, MUN (H) 0.0, SUN (A) 0.02","GW6 BOU (H) -0.06, GW7 EVE (A) -0.06, GW8 TOT (H) 0.04, GW9 MUN (H) 0.0, GW10 SUN (A) 0.02, GW11 LEE (H) 0.06, GW12 NFO (A) 0.06, GW13 CRY (H) 0.2, GW14 LIV (H) 0.07, GW15 MCI (A) -0.02, GW16 AVL (H) 0.27, GW17 COV (A) 0.21, GW18 IPS (A) 0.15, GW19 NEW (H) 0.1, GW20 CRY (A) 0.13, GW21 SUN (H) 0.08, GW22 LEE (A) 0.07, GW23 NFO (H) 0.11, GW24 MUN (A) 0.06, GW25 NEW (A) 0.08, GW26 IPS (H) 0.19, GW27 AVL (A) 0.26, GW28 COV (H) 0.26, GW29 ARS (H) 0.14, GW30 HUL (A) 0.16, GW31 FUL (H) 0.2, GW32 BHA (A) 0.07, GW33 MCI (H) 0.09, GW34 LIV (A) 0.06, GW35 TOT (A) 0.1, GW36 EVE (H) 0.12, GW37 BOU (A) 0.08, GW38 BRE (H) 0.12"
Moisés Caicedo Corozo,MID,Chelsea,5.3,0.47,2.79,1.0,"BOU (H) 0.47, EVE (A) 0.68, TOT (H) 1.06, MUN (H) 1.07, SUN (A) 1.27","GW6 BOU (H) 0.47, GW7 EVE (A) 0.68, GW8 TOT (H) 1.06, GW9 MUN (H) 1.07, GW10 SUN (A) 1.27, GW11 LEE (H) 1.24, GW12 NFO (A) 1.29, GW13 CRY (H) 1.44, GW14 LIV (H) 1.34, GW15 MCI (A) 1.37, GW16 AVL (H) 1.44, GW17 COV (A) 1.54, GW18 IPS (A) 1.55, GW19 NEW (H) 1.44, GW20 CRY (A) 1.44, GW21 SUN (H) 1.53, GW22 LEE (A) 1.46, GW23 NFO (H) 1.46, GW24 MUN (A) 1.4, GW25 NEW (A) 1.45, GW26 IPS (H) 1.61, GW27 AVL (A) 1.49, GW28 COV (H) 1.62, GW29 ARS (H) 1.27, GW30 HUL (A) 1.57, GW31 FUL (H) 1.61, GW32 BHA (A) 1.28, GW33 MCI (H) 1.43, GW34 LIV (A) 1.44, GW35 TOT (A) 1.58, GW36 EVE (H) 1.4, GW37 BOU (A) 1.27, GW38 BRE (H) 1.32"
Roméo Lavia,MID,Chelsea,5.0,1.12,4.27,11.0,"BOU (H) 1.12, EVE (A) 1.21, TOT (H) 1.39, MUN (H) 1.29, SUN (A) 1.42","GW6 BOU (H) 1.12, GW7 EVE (A) 1.21, GW8 TOT (H) 1.39, GW9 MUN (H) 1.29, GW10 SUN (A) 1.42, GW11 LEE (H) 1.35, GW12 NFO (A) 1.35, GW13 CRY (H) 1.58, GW14 LIV (H) 1.36, GW15 MCI (A) 1.25, GW16 AVL (H) 1.6, GW17 COV (A) 1.59, GW18 IPS (A) 1.42, GW19 NEW (H) 1.42, GW20 CRY (A) 1.54, GW21 SUN (H) 1.55, GW22 LEE (A) 1.37, GW23 NFO (H) 1.43, GW24 MUN (A) 1.34, GW25 NEW (A) 1.38, GW26 IPS (H) 1.49, GW27 AVL (A) 1.58, GW28 COV (H) 1.66, GW29 ARS (H) 1.39, GW30 HUL (A) 1.46, GW31 FUL (H) 1.55, GW32 BHA (A) 1.36, GW33 MCI (H) 1.35, GW34 LIV (A) 1.34, GW35 TOT (A) 1.69, GW36 EVE (H) 1.51, GW37 BOU (A) 1.36, GW38 BRE (H) 1.45"
Dário Luís Essugo,MID,Chelsea,4.5,-0.11,-0.19,0.0,"BOU (H) -0.11, EVE (A) -0.1, TOT (H) 0.01, MUN (H) -0.05, SUN (A) 0.04","GW6 BOU (H) -0.11, GW7 EVE (A) -0.1, GW8 TOT (H) 0.01, GW9 MUN (H) -0.05, GW10 SUN (A) 0.04, GW11 LEE (H) 0.03, GW12 NFO (A) 0.02, GW13 CRY (H) 0.15, GW14 LIV (H) 0.01, GW15 MCI (A) 0.03, GW16 AVL (H) 0.21, GW17 COV (A) 0.16, GW18 IPS (A) 0.08, GW19 NEW (H) 0.01, GW20 CRY (A) 0.09, GW21 SUN (H) 0.06, GW22 LEE (A) 0.02, GW23 NFO (H) 0.01, GW24 MUN (A) -0.02, GW25 NEW (A) -0.0, GW26 IPS (H) 0.1, GW27 AVL (A) 0.21, GW28 COV (H) 0.19, GW29 ARS (H) 0.06, GW30 HUL (A) 0.08, GW31 FUL (H) 0.1, GW32 BHA (A) 0.01, GW33 MCI (H) -0.01, GW34 LIV (A) 0.0, GW35 TOT (A) 0.1, GW36 EVE (H) 0.05, GW37 BOU (A) 0.03, GW38 BRE (H) 0.05"
Geovany Quenda,MID,Chelsea,5.3,0.57,2.27,2.0,"BOU (H) 0.57, EVE (A) 0.64, TOT (H) 0.75, MUN (H) 0.69, SUN (A) 0.81","GW6 BOU (H) 0.57, GW7 EVE (A) 0.64, GW8 TOT (H) 0.75, GW9 MUN (H) 0.69, GW10 SUN (A) 0.81, GW11 LEE (H) 0.8, GW12 NFO (A) 0.84, GW13 CRY (H) 1.0, GW14 LIV (H) 0.82, GW15 MCI (A) 0.78, GW16 AVL (H) 1.11, GW17 COV (A) 1.2, GW18 IPS (A) 1.03, GW19 NEW (H) 0.89, GW20 CRY (A) 1.0, GW21 SUN (H) 0.92, GW22 LEE (A) 0.85, GW23 NFO (H) 0.9, GW24 MUN (A) 0.81, GW25 NEW (A) 0.88, GW26 IPS (H) 1.09, GW27 AVL (A) 1.11, GW28 COV (H) 1.17, GW29 ARS (H) 0.85, GW30 HUL (A) 0.94, GW31 FUL (H) 0.98, GW32 BHA (A) 0.89, GW33 MCI (H) 0.84, GW34 LIV (A) 0.83, GW35 TOT (A) 0.97, GW36 EVE (H) 0.96, GW37 BOU (A) 0.88, GW38 BRE (H) 0.96"
João Pedro Junqueira de Jesus,FWD,Chelsea,7.7,3.08,12.38,33.0,"BOU (H) 3.08, EVE (A) 3.47, TOT (H) 4.42, MUN (H) 3.4, SUN (A) 4.25","GW6 BOU (H) 3.08, GW7 EVE (A) 3.47, GW8 TOT (H) 4.42, GW9 MUN (H) 3.4, GW10 SUN (A) 4.25, GW11 LEE (H) 4.37, GW12 NFO (A) 2.51, GW13 CRY (H) 5.14, GW14 LIV (H) 3.97, GW15 MCI (A) 1.94, GW16 AVL (H) 3.36, GW17 COV (A) 3.09, GW18 IPS (A) 4.16, GW19 NEW (H) 2.77, GW20 CRY (A) 2.96, GW21 SUN (H) 4.98, GW22 LEE (A) 3.05, GW23 NFO (H) 2.87, GW24 MUN (A) 2.18, GW25 NEW (A) 1.86, GW26 IPS (H) 6.19, GW27 AVL (A) 2.9, GW28 COV (H) 4.94, GW29 ARS (H) 2.08, GW30 HUL (A) 3.8, GW31 FUL (H) 6.09, GW32 BHA (A) 2.42, GW33 MCI (H) 2.82, GW34 LIV (A) 3.39, GW35 TOT (A) 2.49, GW36 EVE (H) 3.93, GW37 BOU (A) 1.88, GW38 BRE (H) 2.64"
Marc Guiu Paz,FWD,Chelsea,5.0,-0.06,0.12,0.0,"BOU (H) -0.06, EVE (A) -0.03, TOT (H) 0.13, MUN (H) 0.08, SUN (A) 0.17","GW6 BOU (H) -0.06, GW7 EVE (A) -0.03, GW8 TOT (H) 0.13, GW9 MUN (H) 0.08, GW10 SUN (A) 0.17, GW11 LEE (H) 0.17, GW12 NFO (A) 0.15, GW13 CRY (H) 0.33, GW14 LIV (H) 0.17, GW15 MCI (A) 0.17, GW16 AVL (H) 0.38, GW17 COV (A) 0.34, GW18 IPS (A) 0.26, GW19 NEW (H) 0.18, GW20 CRY (A) 0.24, GW21 SUN (H) 0.24, GW22 LEE (A) 0.17, GW23 NFO (H) 0.18, GW24 MUN (A) 0.12, GW25 NEW (A) 0.14, GW26 IPS (H) 0.31, GW27 AVL (A) 0.37, GW28 COV (H) 0.39, GW29 ARS (H) 0.24, GW30 HUL (A) 0.25, GW31 FUL (H) 0.31, GW32 BHA (A) 0.17, GW33 MCI (H) 0.16, GW34 LIV (A) 0.15, GW35 TOT (A) 0.25, GW36 EVE (H) 0.22, GW37 BOU (A) 0.19, GW38 BRE (H) 0.23"
Shumaira Mheuka,FWD,Chelsea,4.5,0.0,-0.0,0.0,"BOU (H) 0.0, EVE (A) 0.02, TOT (H) 0.01, MUN (H) -0.06, SUN (A) -0.01","GW6 BOU (H) 0.0, GW7 EVE (A) 0.02, GW8 TOT (H) 0.01, GW9 MUN (H) -0.06, GW10 SUN (A) -0.01, GW11 LEE (H) -0.04, GW12 NFO (A) -0.05, GW13 CRY (H) 0.13, GW14 LIV (H) -0.05, GW15 MCI (A) -0.11, GW16 AVL (H) 0.15, GW17 COV (A) 0.11, GW18 IPS (A) -0.07, GW19 NEW (H) -0.07, GW20 CRY (A) 0.06, GW21 SUN (H) -0.03, GW22 LEE (A) -0.11, GW23 NFO (H) -0.07, GW24 MUN (A) -0.13, GW25 NEW (A) -0.11, GW26 IPS (H) -0.04, GW27 AVL (A) 0.11, GW28 COV (H) 0.14, GW29 ARS (H) 0.19, GW30 HUL (A) -0.09, GW31 FUL (H) 0.06, GW32 BHA (A) -0.06, GW33 MCI (H) -0.1, GW34 LIV (A) -0.11, GW35 TOT (A) -0.04, GW36 EVE (H) 0.04, GW37 BOU (A) -0.06, GW38 BRE (H) -0.02"
Emmanuel Emegha,FWD,Chelsea,4.9,0.11,0.58,0.0,"BOU (H) 0.11, EVE (A) 0.11, TOT (H) 0.25, MUN (H) 0.16, SUN (A) 0.3","GW6 BOU (H) 0.11, GW7 EVE (A) 0.11, GW8 TOT (H) 0.25, GW9 MUN (H) 0.16, GW10 SUN (A) 0.3, GW11 LEE (H) 0.26, GW12 NFO (A) 0.28, GW13 CRY (H) 0.4, GW14 LIV (H) 0.26, GW15 MCI (A) 0.2, GW16 AVL (H) 0.51, GW17 COV (A) 0.6, GW18 IPS (A) 0.32, GW19 NEW (H) 0.3, GW20 CRY (A) 0.37, GW21 SUN (H) 0.36, GW22 LEE (A) 0.28, GW23 NFO (H) 0.3, GW24 MUN (A) 0.22, GW25 NEW (A) 0.28, GW26 IPS (H) 0.35, GW27 AVL (A) 0.5, GW28 COV (H) 0.54, GW29 ARS (H) 0.32, GW30 HUL (A) 0.33, GW31 FUL (H) 0.36, GW32 BHA (A) 0.31, GW33 MCI (H) 0.24, GW34 LIV (A) 0.26, GW35 TOT (A) 0.39, GW36 EVE (H) 0.32, GW37 BOU (A) 0.3, GW38 BRE (H) 0.36"
Maxence Lacroix,DEF,Chelsea,5.9,1.9,6.73,13.0,"BOU (H) 1.9, EVE (A) 2.05, TOT (H) 2.12, MUN (H) 1.77, SUN (A) 2.05","GW6 BOU (H) 1.9, GW7 EVE (A) 2.05, GW8 TOT (H) 2.12, GW9 MUN (H) 1.77, GW10 SUN (A) 2.05, GW11 LEE (H) 2.0, GW12 NFO (A) 1.88, GW13 CRY (H) 2.26, GW14 LIV (H) 1.82, GW15 MCI (A) 1.14, GW16 AVL (H) 1.86, GW17 COV (A) 2.08, GW18 IPS (A) 1.92, GW19 NEW (H) 1.76, GW20 CRY (A) 1.96, GW21 SUN (H) 2.0, GW22 LEE (A) 1.81, GW23 NFO (H) 1.77, GW24 MUN (A) 1.53, GW25 NEW (A) 1.66, GW26 IPS (H) 2.04, GW27 AVL (A) 1.77, GW28 COV (H) 2.21, GW29 ARS (H) 1.17, GW30 HUL (A) 1.91, GW31 FUL (H) 2.07, GW32 BHA (A) 1.36, GW33 MCI (H) 1.6, GW34 LIV (A) 1.64, GW35 TOT (A) 2.19, GW36 EVE (H) 1.96, GW37 BOU (A) 1.44, GW38 BRE (H) 1.64"
Mike Penders,GK,Chelsea,4.4,0.06,0.17,0.0,"BOU (H) 0.06, EVE (A) 0.04, TOT (H) 0.07, MUN (H) 0.02, SUN (A) 0.04","GW6 BOU (H) 0.06, GW7 EVE (A) 0.04, GW8 TOT (H) 0.07, GW9 MUN (H) 0.02, GW10 SUN (A) 0.04, GW11 LEE (H) 0.03, GW12 NFO (A) 0.03, GW13 CRY (H) 0.1, GW14 LIV (H) -0.01, GW15 MCI (A) -0.05, GW16 AVL (H) 0.19, GW17 COV (A) 0.08, GW18 IPS (A) -0.01, GW19 NEW (H) 0.0, GW20 CRY (A) 0.02, GW21 SUN (H) -0.01, GW22 LEE (A) -0.05, GW23 NFO (H) -0.0, GW24 MUN (A) -0.07, GW25 NEW (A) -0.04, GW26 IPS (H) 0.01, GW27 AVL (A) 0.15, GW28 COV (H) 0.1, GW29 ARS (H) 0.02, GW30 HUL (A) -0.02, GW31 FUL (H) 0.03, GW32 BHA (A) -0.04, GW33 MCI (H) -0.04, GW34 LIV (A) -0.07, GW35 TOT (A) -0.01, GW36 EVE (H) 0.0, GW37 BOU (A) -0.03, GW38 BRE (H) 0.0"
Aaron Anselmino,DEF,Chelsea,4.5,-0.05,-0.13,0.0,"BOU (H) -0.05, EVE (A) -0.04, TOT (H) -0.02, MUN (H) -0.04, SUN (A) -0.03","GW6 BOU (H) -0.05, GW7 EVE (A) -0.04, GW8 TOT (H) -0.02, GW9 MUN (H) -0.04, GW10 SUN (A) -0.03, GW11 LEE (H) -0.02, GW12 NFO (A) 0.03, GW13 CRY (H) 0.04, GW14 LIV (H) -0.04, GW15 MCI (A) -0.01, GW16 AVL (H) 0.1, GW17 COV (A) 0.06, GW18 IPS (A) -0.01, GW19 NEW (H) -0.04, GW20 CRY (A) 0.01, GW21 SUN (H) -0.06, GW22 LEE (A) -0.05, GW23 NFO (H) -0.04, GW24 MUN (A) -0.05, GW25 NEW (A) -0.05, GW26 IPS (H) 0.0, GW27 AVL (A) 0.1, GW28 COV (H) 0.07, GW29 ARS (H) 0.0, GW30 HUL (A) -0.01, GW31 FUL (H) 0.0, GW32 BHA (A) -0.04, GW33 MCI (H) -0.04, GW34 LIV (A) -0.05, GW35 TOT (A) -0.02, GW36 EVE (H) -0.03, GW37 BOU (A) -0.04, GW38 BRE (H) -0.03"
Valentín Barco,MID,Chelsea,5.4,1.48,5.81,3.0,"BOU (H) 1.48, EVE (A) 1.61, TOT (H) 1.98, MUN (H) 1.77, SUN (A) 1.95","GW6 BOU (H) 1.48, GW7 EVE (A) 1.61, GW8 TOT (H) 1.98, GW9 MUN (H) 1.77, GW10 SUN (A) 1.95, GW11 LEE (H) 1.98, GW12 NFO (A) 1.91, GW13 CRY (H) 2.41, GW14 LIV (H) 1.97, GW15 MCI (A) 1.76, GW16 AVL (H) 2.31, GW17 COV (A) 2.4, GW18 IPS (A) 2.13, GW19 NEW (H) 2.12, GW20 CRY (A) 2.14, GW21 SUN (H) 2.3, GW22 LEE (A) 2.02, GW23 NFO (H) 2.14, GW24 MUN (A) 1.92, GW25 NEW (A) 2.01, GW26 IPS (H) 2.3, GW27 AVL (A) 2.24, GW28 COV (H) 2.59, GW29 ARS (H) 2.09, GW30 HUL (A) 2.14, GW31 FUL (H) 2.48, GW32 BHA (A) 1.95, GW33 MCI (H) 2.03, GW34 LIV (A) 1.95, GW35 TOT (A) 2.23, GW36 EVE (H) 2.2, GW37 BOU (A) 2.01, GW38 BRE (H) 2.17"
Pep Chavarría,DEF,Chelsea,4.9,1.08,3.94,5.0,"BOU (H) 1.08, EVE (A) 1.11, TOT (H) 1.28, MUN (H) 1.11, SUN (A) 1.31","GW6 BOU (H) 1.08, GW7 EVE (A) 1.11, GW8 TOT (H) 1.28, GW9 MUN (H) 1.11, GW10 SUN (A) 1.31, GW11 LEE (H) 1.28, GW12 NFO (A) 1.31, GW13 CRY (H) 1.49, GW14 LIV (H) 1.26, GW15 MCI (A) 1.12, GW16 AVL (H) 1.62, GW17 COV (A) 1.68, GW18 IPS (A) 1.36, GW19 NEW (H) 1.39, GW20 CRY (A) 1.47, GW21 SUN (H) 1.49, GW22 LEE (A) 1.34, GW23 NFO (H) 1.4, GW24 MUN (A) 1.22, GW25 NEW (A) 1.33, GW26 IPS (H) 1.46, GW27 AVL (A) 1.59, GW28 COV (H) 1.7, GW29 ARS (H) 1.37, GW30 HUL (A) 1.39, GW31 FUL (H) 1.47, GW32 BHA (A) 1.34, GW33 MCI (H) 1.28, GW34 LIV (A) 1.27, GW35 TOT (A) 1.56, GW36 EVE (H) 1.46, GW37 BOU (A) 1.36, GW38 BRE (H) 1.49"
Mahdi Nicoll-Jazuli,MID,Chelsea,4.5,0.77,2.55,1.0,"BOU (H) 0.77, EVE (A) 0.79, TOT (H) 0.78, MUN (H) 0.63, SUN (A) 0.72","GW6 BOU (H) 0.77, GW7 EVE (A) 0.79, GW8 TOT (H) 0.78, GW9 MUN (H) 0.63, GW10 SUN (A) 0.72, GW11 LEE (H) 0.68, GW12 NFO (A) 0.7, GW13 CRY (H) 0.85, GW14 LIV (H) 0.61, GW15 MCI (A) 0.52, GW16 AVL (H) 0.79, GW17 COV (A) 1.41, GW18 IPS (A) 0.69, GW19 NEW (H) 0.63, GW20 CRY (A) 0.79, GW21 SUN (H) 0.62, GW22 LEE (A) 0.61, GW23 NFO (H) 0.62, GW24 MUN (A) 0.5, GW25 NEW (A) 0.61, GW26 IPS (H) 0.7, GW27 AVL (A) 0.74, GW28 COV (H) 1.0, GW29 ARS (H) 0.46, GW30 HUL (A) 0.68, GW31 FUL (H) 0.7, GW32 BHA (A) 0.59, GW33 MCI (H) 0.51, GW34 LIV (A) 0.56, GW35 TOT (A) 0.7, GW36 EVE (H) 0.67, GW37 BOU (A) 0.5, GW38 BRE (H) 0.6"
Ethan Pinnock,DEF,Coventry City,4.5,3.79,12.23,14.0,"NEW (H) 3.79, TOT (A) 3.76, FUL (H) 3.29, SUN (H) 3.31, EVE (A) 2.96","GW6 NEW (H) 3.79, GW7 TOT (A) 3.76, GW8 FUL (H) 3.29, GW9 SUN (H) 3.31, GW10 EVE (A) 2.96, GW11 CRY (H) 3.1, GW12 LEE (A) 2.81, GW13 IPS (H) 2.8, GW14 MUN (A) 2.14, GW15 AVL (H) 2.89, GW16 BOU (A) 2.33, GW17 CHE (H) 2.59, GW18 BRE (H) 2.61, GW19 LIV (A) 2.3, GW20 IPS (A) 2.51, GW21 EVE (H) 2.64, GW22 SUN (A) 2.75, GW23 LEE (H) 2.58, GW24 CRY (A) 2.58, GW25 LIV (H) 2.38, GW26 BRE (A) 2.43, GW27 BOU (H) 2.34, GW28 CHE (A) 2.43, GW29 MCI (H) 2.1, GW30 BHA (A) 2.26, GW31 ARS (H) 2.13, GW32 HUL (A) 2.49, GW33 AVL (A) 2.73, GW34 MUN (H) 2.1, GW35 NEW (A) 2.32, GW36 TOT (H) 2.74, GW37 FUL (A) 2.43, GW38 NFO (H) 2.46"
Frank Onyeka,MID,Coventry City,4.9,2.33,7.82,9.0,"NEW (H) 2.33, TOT (A) 2.39, FUL (H) 2.23, SUN (H) 2.1, EVE (A) 1.94","GW6 NEW (H) 2.33, GW7 TOT (A) 2.39, GW8 FUL (H) 2.23, GW9 SUN (H) 2.1, GW10 EVE (A) 1.94, GW11 CRY (H) 2.05, GW12 LEE (A) 1.88, GW13 IPS (H) 1.93, GW14 MUN (A) 1.63, GW15 AVL (H) 2.08, GW16 BOU (A) 1.69, GW17 CHE (H) 1.84, GW18 BRE (H) 1.81, GW19 LIV (A) 1.67, GW20 IPS (A) 1.79, GW21 EVE (H) 1.85, GW22 SUN (A) 1.79, GW23 LEE (H) 1.83, GW24 CRY (A) 1.86, GW25 LIV (H) 1.7, GW26 BRE (A) 1.73, GW27 BOU (H) 1.74, GW28 CHE (A) 1.78, GW29 MCI (H) 1.62, GW30 BHA (A) 1.62, GW31 ARS (H) 1.64, GW32 HUL (A) 1.77, GW33 AVL (A) 1.99, GW34 MUN (H) 1.61, GW35 NEW (A) 1.68, GW36 TOT (H) 1.77, GW37 FUL (A) 1.76, GW38 NFO (H) 1.75"
Carl Rushworth,GK,Coventry City,4.5,3.48,11.77,16.0,"NEW (H) 3.48, TOT (A) 3.65, FUL (H) 3.34, SUN (H) 3.11, EVE (A) 2.96","GW6 NEW (H) 3.48, GW7 TOT (A) 3.65, GW8 FUL (H) 3.34, GW9 SUN (H) 3.11, GW10 EVE (A) 2.96, GW11 CRY (H) 3.11, GW12 LEE (A) 2.75, GW13 IPS (H) 2.79, GW14 MUN (A) 2.16, GW15 AVL (H) 2.94, GW16 BOU (A) 2.37, GW17 CHE (H) 2.67, GW18 BRE (H) 2.62, GW19 LIV (A) 2.32, GW20 IPS (A) 2.56, GW21 EVE (H) 2.69, GW22 SUN (A) 2.54, GW23 LEE (H) 2.57, GW24 CRY (A) 2.69, GW25 LIV (H) 2.36, GW26 BRE (A) 2.46, GW27 BOU (H) 2.34, GW28 CHE (A) 2.54, GW29 MCI (H) 2.06, GW30 BHA (A) 2.31, GW31 ARS (H) 2.17, GW32 HUL (A) 2.55, GW33 AVL (A) 2.81, GW34 MUN (H) 2.05, GW35 NEW (A) 2.22, GW36 TOT (H) 2.58, GW37 FUL (A) 2.52, GW38 NFO (H) 2.33"
Oliver Dovin,GK,Coventry City,4.0,0.19,0.98,0.0,"NEW (H) 0.19, TOT (A) 0.27, FUL (H) 0.34, SUN (H) 0.34, EVE (A) 0.35","GW6 NEW (H) 0.19, GW7 TOT (A) 0.27, GW8 FUL (H) 0.34, GW9 SUN (H) 0.34, GW10 EVE (A) 0.35, GW11 CRY (H) 0.49, GW12 LEE (A) 0.35, GW13 IPS (H) 0.44, GW14 MUN (A) 0.28, GW15 AVL (H) 0.54, GW16 BOU (A) 0.32, GW17 CHE (H) 0.46, GW18 BRE (H) 0.37, GW19 LIV (A) 0.3, GW20 IPS (A) 0.43, GW21 EVE (H) 0.39, GW22 SUN (A) 0.4, GW23 LEE (H) 0.36, GW24 CRY (A) 0.44, GW25 LIV (H) 0.31, GW26 BRE (A) 0.33, GW27 BOU (H) 0.34, GW28 CHE (A) 0.44, GW29 MCI (H) 0.28, GW30 BHA (A) 0.33, GW31 ARS (H) 0.25, GW32 HUL (A) 0.41, GW33 AVL (A) 0.5, GW34 MUN (H) 0.27, GW35 NEW (A) 0.33, GW36 TOT (H) 0.42, GW37 FUL (A) 0.37, GW38 NFO (H) 0.34"
Ben Wilson,GK,Coventry City,4.4,0.05,0.52,0.0,"NEW (H) 0.05, TOT (A) 0.14, FUL (H) 0.18, SUN (H) 0.22, EVE (A) 0.25","GW6 NEW (H) 0.05, GW7 TOT (A) 0.14, GW8 FUL (H) 0.18, GW9 SUN (H) 0.22, GW10 EVE (A) 0.25, GW11 CRY (H) 0.4, GW12 LEE (A) 0.28, GW13 IPS (H) 0.38, GW14 MUN (A) 0.25, GW15 AVL (H) 0.55, GW16 BOU (A) 0.32, GW17 CHE (H) 0.49, GW18 BRE (H) 0.4, GW19 LIV (A) 0.32, GW20 IPS (A) 0.41, GW21 EVE (H) 0.41, GW22 SUN (A) 0.43, GW23 LEE (H) 0.39, GW24 CRY (A) 0.47, GW25 LIV (H) 0.36, GW26 BRE (A) 0.38, GW27 BOU (H) 0.4, GW28 CHE (A) 0.49, GW29 MCI (H) 0.32, GW30 BHA (A) 0.39, GW31 ARS (H) 0.5, GW32 HUL (A) 0.42, GW33 AVL (A) 0.56, GW34 MUN (H) 0.33, GW35 NEW (A) 0.36, GW36 TOT (H) 0.48, GW37 FUL (A) 0.4, GW38 NFO (H) 0.38"
Bobby Thomas,DEF,Coventry City,4.0,3.73,13.69,24.0,"NEW (H) 3.73, TOT (A) 4.1, FUL (H) 4.11, SUN (H) 3.88, EVE (A) 3.75","GW6 NEW (H) 3.73, GW7 TOT (A) 4.1, GW8 FUL (H) 4.11, GW9 SUN (H) 3.88, GW10 EVE (A) 3.75, GW11 CRY (H) 4.09, GW12 LEE (A) 3.24, GW13 IPS (H) 3.7, GW14 MUN (A) 2.22, GW15 AVL (H) 3.36, GW16 BOU (A) 2.87, GW17 CHE (H) 3.23, GW18 BRE (H) 3.18, GW19 LIV (A) 2.4, GW20 IPS (A) 3.33, GW21 EVE (H) 3.46, GW22 SUN (A) 3.25, GW23 LEE (H) 2.94, GW24 CRY (A) 3.49, GW25 LIV (H) 2.48, GW26 BRE (A) 3.0, GW27 BOU (H) 2.92, GW28 CHE (A) 3.08, GW29 MCI (H) 2.17, GW30 BHA (A) 2.59, GW31 ARS (H) 2.55, GW32 HUL (A) 3.33, GW33 AVL (A) 3.22, GW34 MUN (H) 2.06, GW35 NEW (A) 2.54, GW36 TOT (H) 3.32, GW37 FUL (A) 3.29, GW38 NFO (H) 2.88"
Liam Kitching,DEF,Coventry City,4.0,0.17,0.83,0.0,"NEW (H) 0.17, TOT (A) 0.22, FUL (H) 0.29, SUN (H) 0.29, EVE (A) 0.28","GW6 NEW (H) 0.17, GW7 TOT (A) 0.22, GW8 FUL (H) 0.29, GW9 SUN (H) 0.29, GW10 EVE (A) 0.28, GW11 CRY (H) 0.42, GW12 LEE (A) 0.26, GW13 IPS (H) 0.35, GW14 MUN (A) 0.2, GW15 AVL (H) 0.49, GW16 BOU (A) 0.24, GW17 CHE (H) 0.41, GW18 BRE (H) 0.32, GW19 LIV (A) 0.21, GW20 IPS (A) 0.3, GW21 EVE (H) 0.31, GW22 SUN (A) 0.29, GW23 LEE (H) 0.28, GW24 CRY (A) 0.34, GW25 LIV (H) 0.25, GW26 BRE (A) 0.25, GW27 BOU (H) 0.29, GW28 CHE (A) 0.36, GW29 MCI (H) 0.21, GW30 BHA (A) 0.26, GW31 ARS (H) 0.28, GW32 HUL (A) 0.28, GW33 AVL (A) 0.42, GW34 MUN (H) 0.21, GW35 NEW (A) 0.22, GW36 TOT (H) 0.33, GW37 FUL (A) 0.26, GW38 NFO (H) 0.26"
Milan van Ewijk,DEF,Coventry City,4.0,0.94,3.89,6.0,"NEW (H) 0.94, TOT (A) 1.09, FUL (H) 1.22, SUN (H) 1.29, EVE (A) 1.18","GW6 NEW (H) 0.94, GW7 TOT (A) 1.09, GW8 FUL (H) 1.22, GW9 SUN (H) 1.29, GW10 EVE (A) 1.18, GW11 CRY (H) 1.45, GW12 LEE (A) 1.21, GW13 IPS (H) 1.42, GW14 MUN (A) 1.19, GW15 AVL (H) 1.36, GW16 BOU (A) 1.21, GW17 CHE (H) 1.49, GW18 BRE (H) 1.18, GW19 LIV (A) 1.24, GW20 IPS (A) 1.3, GW21 EVE (H) 1.51, GW22 SUN (A) 1.39, GW23 LEE (H) 1.47, GW24 CRY (A) 1.44, GW25 LIV (H) 1.43, GW26 BRE (A) 1.09, GW27 BOU (H) 1.23, GW28 CHE (A) 1.44, GW29 MCI (H) 1.4, GW30 BHA (A) 1.14, GW31 ARS (H) 1.15, GW32 HUL (A) 1.29, GW33 AVL (A) 1.39, GW34 MUN (H) 1.4, GW35 NEW (A) 1.23, GW36 TOT (H) 1.41, GW37 FUL (A) 1.34, GW38 NFO (H) 1.41"
Jay Dasilva,DEF,Coventry City,4.0,4.54,14.33,20.0,"NEW (H) 4.54, TOT (A) 4.16, FUL (H) 4.19, SUN (H) 3.43, EVE (A) 3.63","GW6 NEW (H) 4.54, GW7 TOT (A) 4.16, GW8 FUL (H) 4.19, GW9 SUN (H) 3.43, GW10 EVE (A) 3.63, GW11 CRY (H) 3.8, GW12 LEE (A) 3.02, GW13 IPS (H) 3.35, GW14 MUN (A) 2.15, GW15 AVL (H) 3.29, GW16 BOU (A) 2.77, GW17 CHE (H) 3.21, GW18 BRE (H) 2.96, GW19 LIV (A) 2.38, GW20 IPS (A) 2.78, GW21 EVE (H) 2.99, GW22 SUN (A) 2.16, GW23 LEE (H) 2.54, GW24 CRY (A) 2.94, GW25 LIV (H) 2.39, GW26 BRE (A) 2.64, GW27 BOU (H) 2.77, GW28 CHE (A) 2.9, GW29 MCI (H) 2.15, GW30 BHA (A) 2.55, GW31 ARS (H) 2.45, GW32 HUL (A) 2.71, GW33 AVL (A) 2.89, GW34 MUN (H) 1.87, GW35 NEW (A) 1.93, GW36 TOT (H) 2.18, GW37 FUL (A) 2.72, GW38 NFO (H) 2.05"
Kaine Kesler-Hayden,DEF,Coventry City,3.9,0.05,0.26,0.0,"NEW (H) 0.05, TOT (A) 0.06, FUL (H) 0.11, SUN (H) 0.07, EVE (A) 0.09","GW6 NEW (H) 0.05, GW7 TOT (A) 0.06, GW8 FUL (H) 0.11, GW9 SUN (H) 0.07, GW10 EVE (A) 0.09, GW11 CRY (H) 0.19, GW12 LEE (A) 0.09, GW13 IPS (H) 0.15, GW14 MUN (A) 0.07, GW15 AVL (H) 0.29, GW16 BOU (A) 0.09, GW17 CHE (H) 0.18, GW18 BRE (H) 0.13, GW19 LIV (A) 0.07, GW20 IPS (A) 0.13, GW21 EVE (H) 0.13, GW22 SUN (A) 0.09, GW23 LEE (H) 0.12, GW24 CRY (A) 0.14, GW25 LIV (H) 0.1, GW26 BRE (A) 0.1, GW27 BOU (H) 0.12, GW28 CHE (A) 0.15, GW29 MCI (H) 0.1, GW30 BHA (A) 0.08, GW31 ARS (H) 0.14, GW32 HUL (A) 0.13, GW33 AVL (A) 0.27, GW34 MUN (H) 0.1, GW35 NEW (A) 0.08, GW36 TOT (H) 0.14, GW37 FUL (A) 0.09, GW38 NFO (H) 0.12"
Jake Bidwell,DEF,Coventry City,4.0,0.19,0.75,0.0,"NEW (H) 0.19, TOT (A) 0.21, FUL (H) 0.26, SUN (H) 0.2, EVE (A) 0.22","GW6 NEW (H) 0.19, GW7 TOT (A) 0.21, GW8 FUL (H) 0.26, GW9 SUN (H) 0.2, GW10 EVE (A) 0.22, GW11 CRY (H) 0.33, GW12 LEE (A) 0.2, GW13 IPS (H) 0.27, GW14 MUN (A) 0.13, GW15 AVL (H) 0.39, GW16 BOU (A) 0.15, GW17 CHE (H) 0.32, GW18 BRE (H) 0.22, GW19 LIV (A) 0.14, GW20 IPS (A) 0.21, GW21 EVE (H) 0.22, GW22 SUN (A) 0.17, GW23 LEE (H) 0.2, GW24 CRY (A) 0.26, GW25 LIV (H) 0.17, GW26 BRE (A) 0.15, GW27 BOU (H) 0.19, GW28 CHE (A) 0.28, GW29 MCI (H) 0.13, GW30 BHA (A) 0.16, GW31 ARS (H) 0.18, GW32 HUL (A) 0.2, GW33 AVL (A) 0.32, GW34 MUN (H) 0.13, GW35 NEW (A) 0.14, GW36 TOT (H) 0.2, GW37 FUL (A) 0.18, GW38 NFO (H) 0.18"
Joel Latibeaudiere,DEF,Coventry City,4.0,0.26,0.99,1.0,"NEW (H) 0.26, TOT (A) 0.27, FUL (H) 0.34, SUN (H) 0.26, EVE (A) 0.3","GW6 NEW (H) 0.26, GW7 TOT (A) 0.27, GW8 FUL (H) 0.34, GW9 SUN (H) 0.26, GW10 EVE (A) 0.3, GW11 CRY (H) 0.44, GW12 LEE (A) 0.28, GW13 IPS (H) 0.37, GW14 MUN (A) 0.24, GW15 AVL (H) 0.51, GW16 BOU (A) 0.27, GW17 CHE (H) 0.46, GW18 BRE (H) 0.36, GW19 LIV (A) 0.26, GW20 IPS (A) 0.33, GW21 EVE (H) 0.35, GW22 SUN (A) 0.25, GW23 LEE (H) 0.33, GW24 CRY (A) 0.4, GW25 LIV (H) 0.3, GW26 BRE (A) 0.29, GW27 BOU (H) 0.34, GW28 CHE (A) 0.42, GW29 MCI (H) 0.28, GW30 BHA (A) 0.3, GW31 ARS (H) 0.33, GW32 HUL (A) 0.33, GW33 AVL (A) 0.46, GW34 MUN (H) 0.28, GW35 NEW (A) 0.28, GW36 TOT (H) 0.34, GW37 FUL (A) 0.3, GW38 NFO (H) 0.33"
Luke Woolfenden,DEF,Coventry City,3.9,-0.01,0.13,0.0,"NEW (H) -0.01, TOT (A) 0.02, FUL (H) 0.08, SUN (H) 0.06, EVE (A) 0.08","GW6 NEW (H) -0.01, GW7 TOT (A) 0.02, GW8 FUL (H) 0.08, GW9 SUN (H) 0.06, GW10 EVE (A) 0.08, GW11 CRY (H) 0.22, GW12 LEE (A) 0.09, GW13 IPS (H) 0.18, GW14 MUN (A) 0.06, GW15 AVL (H) 0.32, GW16 BOU (A) 0.11, GW17 CHE (H) 0.21, GW18 BRE (H) 0.16, GW19 LIV (A) 0.08, GW20 IPS (A) 0.16, GW21 EVE (H) 0.15, GW22 SUN (A) 0.13, GW23 LEE (H) 0.14, GW24 CRY (A) 0.17, GW25 LIV (H) 0.12, GW26 BRE (A) 0.13, GW27 BOU (H) 0.16, GW28 CHE (A) 0.18, GW29 MCI (H) 0.1, GW30 BHA (A) 0.11, GW31 ARS (H) 0.18, GW32 HUL (A) 0.15, GW33 AVL (A) 0.3, GW34 MUN (H) 0.1, GW35 NEW (A) 0.08, GW36 TOT (H) 0.2, GW37 FUL (A) 0.12, GW38 NFO (H) 0.12"
Miguel Brau,DEF,Coventry City,4.0,0.06,0.33,0.0,"NEW (H) 0.06, TOT (A) 0.08, FUL (H) 0.13, SUN (H) 0.11, EVE (A) 0.13","GW6 NEW (H) 0.06, GW7 TOT (A) 0.08, GW8 FUL (H) 0.13, GW9 SUN (H) 0.11, GW10 EVE (A) 0.13, GW11 CRY (H) 0.25, GW12 LEE (A) 0.13, GW13 IPS (H) 0.21, GW14 MUN (A) 0.1, GW15 AVL (H) 0.36, GW16 BOU (A) 0.13, GW17 CHE (H) 0.29, GW18 BRE (H) 0.21, GW19 LIV (A) 0.12, GW20 IPS (A) 0.19, GW21 EVE (H) 0.21, GW22 SUN (A) 0.17, GW23 LEE (H) 0.19, GW24 CRY (A) 0.25, GW25 LIV (H) 0.16, GW26 BRE (A) 0.16, GW27 BOU (H) 0.19, GW28 CHE (A) 0.27, GW29 MCI (H) 0.14, GW30 BHA (A) 0.17, GW31 ARS (H) 0.19, GW32 HUL (A) 0.19, GW33 AVL (A) 0.33, GW34 MUN (H) 0.14, GW35 NEW (A) 0.15, GW36 TOT (H) 0.2, GW37 FUL (A) 0.17, GW38 NFO (H) 0.19"
Aurèle Amenda,DEF,Coventry City,4.0,0.32,1.98,4.0,"NEW (H) 0.32, TOT (A) 0.55, FUL (H) 0.7, SUN (H) 0.71, EVE (A) 0.78","GW6 NEW (H) 0.32, GW7 TOT (A) 0.55, GW8 FUL (H) 0.7, GW9 SUN (H) 0.71, GW10 EVE (A) 0.78, GW11 CRY (H) 0.99, GW12 LEE (A) 0.83, GW13 IPS (H) 0.96, GW14 MUN (A) 0.82, GW15 AVL (H) 1.12, GW16 BOU (A) 0.99, GW17 CHE (H) 1.12, GW18 BRE (H) 1.0, GW19 LIV (A) 0.92, GW20 IPS (A) 1.03, GW21 EVE (H) 1.03, GW22 SUN (A) 1.02, GW23 LEE (H) 0.99, GW24 CRY (A) 1.12, GW25 LIV (H) 0.96, GW26 BRE (A) 0.99, GW27 BOU (H) 1.1, GW28 CHE (A) 1.15, GW29 MCI (H) 0.93, GW30 BHA (A) 1.0, GW31 ARS (H) 0.99, GW32 HUL (A) 1.05, GW33 AVL (A) 1.17, GW34 MUN (H) 0.93, GW35 NEW (A) 0.9, GW36 TOT (H) 0.92, GW37 FUL (A) 1.03, GW38 NFO (H) 0.92"
Jack Rudoni,MID,Coventry City,4.9,2.89,9.67,13.0,"NEW (H) 2.89, TOT (A) 2.94, FUL (H) 2.54, SUN (H) 2.75, EVE (A) 2.6","GW6 NEW (H) 2.89, GW7 TOT (A) 2.94, GW8 FUL (H) 2.54, GW9 SUN (H) 2.75, GW10 EVE (A) 2.6, GW11 CRY (H) 2.53, GW12 LEE (A) 2.56, GW13 IPS (H) 2.39, GW14 MUN (A) 2.54, GW15 AVL (H) 2.92, GW16 BOU (A) 2.54, GW17 CHE (H) 2.64, GW18 BRE (H) 2.71, GW19 LIV (A) 2.44, GW20 IPS (A) 2.36, GW21 EVE (H) 2.5, GW22 SUN (A) 2.73, GW23 LEE (H) 2.44, GW24 CRY (A) 2.63, GW25 LIV (H) 2.4, GW26 BRE (A) 2.73, GW27 BOU (H) 2.5, GW28 CHE (A) 2.67, GW29 MCI (H) 2.34, GW30 BHA (A) 2.7, GW31 ARS (H) 2.4, GW32 HUL (A) 2.37, GW33 AVL (A) 2.96, GW34 MUN (H) 2.48, GW35 NEW (A) 2.68, GW36 TOT (H) 2.25, GW37 FUL (A) 2.53, GW38 NFO (H) 2.62"
Matt Grimes,MID,Coventry City,4.9,2.15,7.63,11.0,"NEW (H) 2.15, TOT (A) 2.21, FUL (H) 2.31, SUN (H) 2.12, EVE (A) 2.09","GW6 NEW (H) 2.15, GW7 TOT (A) 2.21, GW8 FUL (H) 2.31, GW9 SUN (H) 2.12, GW10 EVE (A) 2.09, GW11 CRY (H) 2.34, GW12 LEE (A) 1.84, GW13 IPS (H) 2.17, GW14 MUN (A) 1.62, GW15 AVL (H) 2.53, GW16 BOU (A) 2.07, GW17 CHE (H) 2.35, GW18 BRE (H) 2.28, GW19 LIV (A) 1.66, GW20 IPS (A) 2.02, GW21 EVE (H) 2.2, GW22 SUN (A) 1.98, GW23 LEE (H) 1.85, GW24 CRY (A) 2.23, GW25 LIV (H) 1.7, GW26 BRE (A) 2.13, GW27 BOU (H) 2.22, GW28 CHE (A) 2.23, GW29 MCI (H) 1.62, GW30 BHA (A) 2.02, GW31 ARS (H) 1.98, GW32 HUL (A) 2.01, GW33 AVL (A) 2.41, GW34 MUN (H) 1.62, GW35 NEW (A) 1.7, GW36 TOT (H) 1.84, GW37 FUL (A) 2.05, GW38 NFO (H) 1.77"
Tatsuhiro Sakamoto,MID,Coventry City,4.8,0.47,2.24,1.0,"NEW (H) 0.47, TOT (A) 0.6, FUL (H) 0.72, SUN (H) 0.8, EVE (A) 0.81","GW6 NEW (H) 0.47, GW7 TOT (A) 0.6, GW8 FUL (H) 0.72, GW9 SUN (H) 0.8, GW10 EVE (A) 0.81, GW11 CRY (H) 1.0, GW12 LEE (A) 0.86, GW13 IPS (H) 0.99, GW14 MUN (A) 0.87, GW15 AVL (H) 1.19, GW16 BOU (A) 0.93, GW17 CHE (H) 1.16, GW18 BRE (H) 1.04, GW19 LIV (A) 0.94, GW20 IPS (A) 1.03, GW21 EVE (H) 1.07, GW22 SUN (A) 1.07, GW23 LEE (H) 1.04, GW24 CRY (A) 1.12, GW25 LIV (H) 1.01, GW26 BRE (A) 1.01, GW27 BOU (H) 1.04, GW28 CHE (A) 1.15, GW29 MCI (H) 1.0, GW30 BHA (A) 1.01, GW31 ARS (H) 1.03, GW32 HUL (A) 1.05, GW33 AVL (A) 1.21, GW34 MUN (H) 1.0, GW35 NEW (A) 1.01, GW36 TOT (H) 1.12, GW37 FUL (A) 1.04, GW38 NFO (H) 1.07"
Ephron Mason-Clark,MID,Coventry City,5.3,1.34,5.14,5.0,"NEW (H) 1.34, TOT (A) 1.47, FUL (H) 1.54, SUN (H) 1.55, EVE (A) 1.59","GW6 NEW (H) 1.34, GW7 TOT (A) 1.47, GW8 FUL (H) 1.54, GW9 SUN (H) 1.55, GW10 EVE (A) 1.59, GW11 CRY (H) 1.77, GW12 LEE (A) 1.58, GW13 IPS (H) 1.83, GW14 MUN (A) 1.61, GW15 AVL (H) 1.92, GW16 BOU (A) 1.68, GW17 CHE (H) 1.91, GW18 BRE (H) 1.77, GW19 LIV (A) 1.64, GW20 IPS (A) 1.89, GW21 EVE (H) 1.79, GW22 SUN (A) 1.8, GW23 LEE (H) 1.71, GW24 CRY (A) 1.88, GW25 LIV (H) 1.68, GW26 BRE (A) 1.76, GW27 BOU (H) 1.76, GW28 CHE (A) 1.92, GW29 MCI (H) 1.68, GW30 BHA (A) 1.74, GW31 ARS (H) 1.69, GW32 HUL (A) 1.81, GW33 AVL (A) 1.96, GW34 MUN (H) 1.68, GW35 NEW (A) 1.74, GW36 TOT (H) 1.83, GW37 FUL (A) 1.78, GW38 NFO (H) 1.75"
Josh Eccles,MID,Coventry City,4.8,0.33,1.42,0.0,"NEW (H) 0.33, TOT (A) 0.41, FUL (H) 0.45, SUN (H) 0.46, EVE (A) 0.45","GW6 NEW (H) 0.33, GW7 TOT (A) 0.41, GW8 FUL (H) 0.45, GW9 SUN (H) 0.46, GW10 EVE (A) 0.45, GW11 CRY (H) 0.56, GW12 LEE (A) 0.42, GW13 IPS (H) 0.51, GW14 MUN (A) 0.37, GW15 AVL (H) 0.64, GW16 BOU (A) 0.42, GW17 CHE (H) 0.58, GW18 BRE (H) 0.48, GW19 LIV (A) 0.39, GW20 IPS (A) 0.47, GW21 EVE (H) 0.48, GW22 SUN (A) 0.49, GW23 LEE (H) 0.44, GW24 CRY (A) 0.52, GW25 LIV (H) 0.42, GW26 BRE (A) 0.43, GW27 BOU (H) 0.45, GW28 CHE (A) 0.54, GW29 MCI (H) 0.39, GW30 BHA (A) 0.42, GW31 ARS (H) 0.43, GW32 HUL (A) 0.47, GW33 AVL (A) 0.61, GW34 MUN (H) 0.39, GW35 NEW (A) 0.42, GW36 TOT (H) 0.52, GW37 FUL (A) 0.45, GW38 NFO (H) 0.46"
Victor Torp,MID,Coventry City,5.3,0.78,3.58,3.0,"NEW (H) 0.78, TOT (A) 0.98, FUL (H) 1.2, SUN (H) 1.19, EVE (A) 1.18","GW6 NEW (H) 0.78, GW7 TOT (A) 0.98, GW8 FUL (H) 1.2, GW9 SUN (H) 1.19, GW10 EVE (A) 1.18, GW11 CRY (H) 1.53, GW12 LEE (A) 1.22, GW13 IPS (H) 1.52, GW14 MUN (A) 1.23, GW15 AVL (H) 1.59, GW16 BOU (A) 1.32, GW17 CHE (H) 1.58, GW18 BRE (H) 1.44, GW19 LIV (A) 1.31, GW20 IPS (A) 1.58, GW21 EVE (H) 1.46, GW22 SUN (A) 1.51, GW23 LEE (H) 1.41, GW24 CRY (A) 1.52, GW25 LIV (H) 1.39, GW26 BRE (A) 1.41, GW27 BOU (H) 1.44, GW28 CHE (A) 1.57, GW29 MCI (H) 1.35, GW30 BHA (A) 1.41, GW31 ARS (H) 1.38, GW32 HUL (A) 1.49, GW33 AVL (A) 1.61, GW34 MUN (H) 1.35, GW35 NEW (A) 1.37, GW36 TOT (H) 1.6, GW37 FUL (A) 1.42, GW38 NFO (H) 1.41"
George Shepherd,MID,Coventry City,4.4,0.13,0.7,0.0,"NEW (H) 0.13, TOT (A) 0.19, FUL (H) 0.24, SUN (H) 0.24, EVE (A) 0.28","GW6 NEW (H) 0.13, GW7 TOT (A) 0.19, GW8 FUL (H) 0.24, GW9 SUN (H) 0.24, GW10 EVE (A) 0.28, GW11 CRY (H) 0.41, GW12 LEE (A) 0.29, GW13 IPS (H) 0.37, GW14 MUN (A) 0.25, GW15 AVL (H) 0.54, GW16 BOU (A) 0.31, GW17 CHE (H) 0.47, GW18 BRE (H) 0.39, GW19 LIV (A) 0.3, GW20 IPS (A) 0.37, GW21 EVE (H) 0.39, GW22 SUN (A) 0.36, GW23 LEE (H) 0.36, GW24 CRY (A) 0.44, GW25 LIV (H) 0.34, GW26 BRE (A) 0.34, GW27 BOU (H) 0.38, GW28 CHE (A) 0.46, GW29 MCI (H) 0.3, GW30 BHA (A) 0.35, GW31 ARS (H) 0.37, GW32 HUL (A) 0.37, GW33 AVL (A) 0.52, GW34 MUN (H) 0.3, GW35 NEW (A) 0.32, GW36 TOT (H) 0.4, GW37 FUL (A) 0.36, GW38 NFO (H) 0.35"
Loum Tchaouna,MID,Coventry City,5.4,0.98,4.14,5.0,"NEW (H) 0.98, TOT (A) 1.14, FUL (H) 1.31, SUN (H) 1.33, EVE (A) 1.36","GW6 NEW (H) 0.98, GW7 TOT (A) 1.14, GW8 FUL (H) 1.31, GW9 SUN (H) 1.33, GW10 EVE (A) 1.36, GW11 CRY (H) 1.62, GW12 LEE (A) 1.46, GW13 IPS (H) 1.63, GW14 MUN (A) 1.47, GW15 AVL (H) 1.79, GW16 BOU (A) 1.55, GW17 CHE (H) 1.72, GW18 BRE (H) 1.65, GW19 LIV (A) 1.57, GW20 IPS (A) 1.7, GW21 EVE (H) 1.68, GW22 SUN (A) 1.64, GW23 LEE (H) 1.68, GW24 CRY (A) 1.73, GW25 LIV (H) 1.65, GW26 BRE (A) 1.64, GW27 BOU (H) 1.67, GW28 CHE (A) 1.73, GW29 MCI (H) 1.63, GW30 BHA (A) 1.61, GW31 ARS (H) 1.69, GW32 HUL (A) 1.73, GW33 AVL (A) 1.85, GW34 MUN (H) 1.63, GW35 NEW (A) 1.61, GW36 TOT (H) 1.75, GW37 FUL (A) 1.65, GW38 NFO (H) 1.66"
Raphael Borges Rodrigues,MID,Coventry City,4.5,0.1,0.68,0.0,"NEW (H) 0.1, TOT (A) 0.17, FUL (H) 0.24, SUN (H) 0.28, EVE (A) 0.28","GW6 NEW (H) 0.1, GW7 TOT (A) 0.17, GW8 FUL (H) 0.24, GW9 SUN (H) 0.28, GW10 EVE (A) 0.28, GW11 CRY (H) 0.43, GW12 LEE (A) 0.29, GW13 IPS (H) 0.39, GW14 MUN (A) 0.25, GW15 AVL (H) 0.53, GW16 BOU (A) 0.3, GW17 CHE (H) 0.48, GW18 BRE (H) 0.37, GW19 LIV (A) 0.3, GW20 IPS (A) 0.39, GW21 EVE (H) 0.4, GW22 SUN (A) 0.4, GW23 LEE (H) 0.37, GW24 CRY (A) 0.44, GW25 LIV (H) 0.35, GW26 BRE (A) 0.34, GW27 BOU (H) 0.36, GW28 CHE (A) 0.46, GW29 MCI (H) 0.31, GW30 BHA (A) 0.32, GW31 ARS (H) 0.34, GW32 HUL (A) 0.39, GW33 AVL (A) 0.52, GW34 MUN (H) 0.31, GW35 NEW (A) 0.33, GW36 TOT (H) 0.46, GW37 FUL (A) 0.36, GW38 NFO (H) 0.36"
Kai Andrews,MID,Coventry City,4.5,0.11,0.8,0.0,"NEW (H) 0.11, TOT (A) 0.22, FUL (H) 0.28, SUN (H) 0.31, EVE (A) 0.34","GW6 NEW (H) 0.11, GW7 TOT (A) 0.22, GW8 FUL (H) 0.28, GW9 SUN (H) 0.31, GW10 EVE (A) 0.34, GW11 CRY (H) 0.48, GW12 LEE (A) 0.36, GW13 IPS (H) 0.44, GW14 MUN (A) 0.32, GW15 AVL (H) 0.59, GW16 BOU (A) 0.38, GW17 CHE (H) 0.53, GW18 BRE (H) 0.43, GW19 LIV (A) 0.37, GW20 IPS (A) 0.46, GW21 EVE (H) 0.45, GW22 SUN (A) 0.47, GW23 LEE (H) 0.42, GW24 CRY (A) 0.52, GW25 LIV (H) 0.4, GW26 BRE (A) 0.43, GW27 BOU (H) 0.43, GW28 CHE (A) 0.54, GW29 MCI (H) 0.36, GW30 BHA (A) 0.41, GW31 ARS (H) 0.41, GW32 HUL (A) 0.46, GW33 AVL (A) 0.61, GW34 MUN (H) 0.36, GW35 NEW (A) 0.4, GW36 TOT (H) 0.52, GW37 FUL (A) 0.44, GW38 NFO (H) 0.41"
Haji Wright,FWD,Coventry City,5.3,0.23,1.25,0.0,"NEW (H) 0.23, TOT (A) 0.35, FUL (H) 0.41, SUN (H) 0.46, EVE (A) 0.47","GW6 NEW (H) 0.23, GW7 TOT (A) 0.35, GW8 FUL (H) 0.41, GW9 SUN (H) 0.46, GW10 EVE (A) 0.47, GW11 CRY (H) 0.64, GW12 LEE (A) 0.47, GW13 IPS (H) 0.71, GW14 MUN (A) 0.48, GW15 AVL (H) 0.78, GW16 BOU (A) 0.56, GW17 CHE (H) 0.74, GW18 BRE (H) 0.63, GW19 LIV (A) 0.51, GW20 IPS (A) 0.74, GW21 EVE (H) 0.63, GW22 SUN (A) 0.67, GW23 LEE (H) 0.58, GW24 CRY (A) 0.68, GW25 LIV (H) 0.55, GW26 BRE (A) 0.61, GW27 BOU (H) 0.63, GW28 CHE (A) 0.73, GW29 MCI (H) 0.53, GW30 BHA (A) 0.6, GW31 ARS (H) 0.56, GW32 HUL (A) 0.64, GW33 AVL (A) 0.79, GW34 MUN (H) 0.53, GW35 NEW (A) 0.57, GW36 TOT (H) 0.7, GW37 FUL (A) 0.61, GW38 NFO (H) 0.59"
Brandon Thomas-Asante,FWD,Coventry City,5.0,2.07,7.2,9.0,"NEW (H) 2.07, TOT (A) 2.15, FUL (H) 2.11, SUN (H) 1.96, EVE (A) 1.91","GW6 NEW (H) 2.07, GW7 TOT (A) 2.15, GW8 FUL (H) 2.11, GW9 SUN (H) 1.96, GW10 EVE (A) 1.91, GW11 CRY (H) 2.03, GW12 LEE (A) 1.74, GW13 IPS (H) 1.97, GW14 MUN (A) 1.55, GW15 AVL (H) 1.87, GW16 BOU (A) 1.59, GW17 CHE (H) 1.82, GW18 BRE (H) 1.7, GW19 LIV (A) 1.51, GW20 IPS (A) 1.8, GW21 EVE (H) 1.74, GW22 SUN (A) 1.68, GW23 LEE (H) 1.62, GW24 CRY (A) 1.8, GW25 LIV (H) 1.52, GW26 BRE (A) 1.63, GW27 BOU (H) 1.63, GW28 CHE (A) 1.79, GW29 MCI (H) 1.43, GW30 BHA (A) 1.57, GW31 ARS (H) 1.4, GW32 HUL (A) 1.7, GW33 AVL (A) 1.8, GW34 MUN (H) 1.43, GW35 NEW (A) 1.53, GW36 TOT (H) 1.67, GW37 FUL (A) 1.69, GW38 NFO (H) 1.57"
Ellis Simms,FWD,Coventry City,4.9,0.73,3.29,4.0,"NEW (H) 0.73, TOT (A) 0.87, FUL (H) 1.08, SUN (H) 1.09, EVE (A) 1.16","GW6 NEW (H) 0.73, GW7 TOT (A) 0.87, GW8 FUL (H) 1.08, GW9 SUN (H) 1.09, GW10 EVE (A) 1.16, GW11 CRY (H) 1.35, GW12 LEE (A) 1.21, GW13 IPS (H) 1.32, GW14 MUN (A) 1.22, GW15 AVL (H) 1.51, GW16 BOU (A) 1.29, GW17 CHE (H) 1.48, GW18 BRE (H) 1.36, GW19 LIV (A) 1.3, GW20 IPS (A) 1.39, GW21 EVE (H) 1.42, GW22 SUN (A) 1.39, GW23 LEE (H) 1.36, GW24 CRY (A) 1.49, GW25 LIV (H) 1.35, GW26 BRE (A) 1.37, GW27 BOU (H) 1.36, GW28 CHE (A) 1.5, GW29 MCI (H) 1.33, GW30 BHA (A) 1.37, GW31 ARS (H) 1.37, GW32 HUL (A) 1.42, GW33 AVL (A) 1.57, GW34 MUN (H) 1.33, GW35 NEW (A) 1.33, GW36 TOT (H) 1.47, GW37 FUL (A) 1.42, GW38 NFO (H) 1.35"
Jahnoah Markelo,FWD,Coventry City,5.0,0.1,0.78,0.0,"NEW (H) 0.1, TOT (A) 0.19, FUL (H) 0.29, SUN (H) 0.3, EVE (A) 0.37","GW6 NEW (H) 0.1, GW7 TOT (A) 0.19, GW8 FUL (H) 0.29, GW9 SUN (H) 0.3, GW10 EVE (A) 0.37, GW11 CRY (H) 0.52, GW12 LEE (A) 0.38, GW13 IPS (H) 0.62, GW14 MUN (A) 0.38, GW15 AVL (H) 0.71, GW16 BOU (A) 0.49, GW17 CHE (H) 0.68, GW18 BRE (H) 0.58, GW19 LIV (A) 0.46, GW20 IPS (A) 0.68, GW21 EVE (H) 0.59, GW22 SUN (A) 0.56, GW23 LEE (H) 0.54, GW24 CRY (A) 0.64, GW25 LIV (H) 0.51, GW26 BRE (A) 0.57, GW27 BOU (H) 0.59, GW28 CHE (A) 0.69, GW29 MCI (H) 0.48, GW30 BHA (A) 0.56, GW31 ARS (H) 0.56, GW32 HUL (A) 0.6, GW33 AVL (A) 0.75, GW34 MUN (H) 0.48, GW35 NEW (A) 0.52, GW36 TOT (H) 0.6, GW37 FUL (A) 0.58, GW38 NFO (H) 0.54"
Norman Bassette,FWD,Coventry City,4.5,0.12,0.6,0.0,"NEW (H) 0.12, TOT (A) 0.16, FUL (H) 0.21, SUN (H) 0.2, EVE (A) 0.22","GW6 NEW (H) 0.12, GW7 TOT (A) 0.16, GW8 FUL (H) 0.21, GW9 SUN (H) 0.2, GW10 EVE (A) 0.22, GW11 CRY (H) 0.34, GW12 LEE (A) 0.23, GW13 IPS (H) 0.3, GW14 MUN (A) 0.2, GW15 AVL (H) 0.45, GW16 BOU (A) 0.23, GW17 CHE (H) 0.4, GW18 BRE (H) 0.3, GW19 LIV (A) 0.23, GW20 IPS (A) 0.3, GW21 EVE (H) 0.32, GW22 SUN (A) 0.29, GW23 LEE (H) 0.29, GW24 CRY (A) 0.35, GW25 LIV (H) 0.27, GW26 BRE (A) 0.26, GW27 BOU (H) 0.29, GW28 CHE (A) 0.38, GW29 MCI (H) 0.25, GW30 BHA (A) 0.25, GW31 ARS (H) 0.27, GW32 HUL (A) 0.3, GW33 AVL (A) 0.44, GW34 MUN (H) 0.25, GW35 NEW (A) 0.26, GW36 TOT (H) 0.33, GW37 FUL (A) 0.29, GW38 NFO (H) 0.3"
Taiwo Awoniyi,FWD,Coventry City,5.4,0.44,2.45,3.0,"NEW (H) 0.44, TOT (A) 0.59, FUL (H) 0.9, SUN (H) 0.88, EVE (A) 0.96","GW6 NEW (H) 0.44, GW7 TOT (A) 0.59, GW8 FUL (H) 0.9, GW9 SUN (H) 0.88, GW10 EVE (A) 0.96, GW11 CRY (H) 1.26, GW12 LEE (A) 1.04, GW13 IPS (H) 1.27, GW14 MUN (A) 1.11, GW15 AVL (H) 1.34, GW16 BOU (A) 1.13, GW17 CHE (H) 1.34, GW18 BRE (H) 1.19, GW19 LIV (A) 1.2, GW20 IPS (A) 1.36, GW21 EVE (H) 1.23, GW22 SUN (A) 1.2, GW23 LEE (H) 1.19, GW24 CRY (A) 1.3, GW25 LIV (H) 1.24, GW26 BRE (A) 1.21, GW27 BOU (H) 1.2, GW28 CHE (A) 1.38, GW29 MCI (H) 1.22, GW30 BHA (A) 1.27, GW31 ARS (H) 1.45, GW32 HUL (A) 1.39, GW33 AVL (A) 1.41, GW34 MUN (H) 1.22, GW35 NEW (A) 1.16, GW36 TOT (H) 1.37, GW37 FUL (A) 1.23, GW38 NFO (H) 1.17"
Caleb Yirenkyi,MID,Coventry City,4.8,1.58,5.91,9.0,"NEW (H) 1.58, TOT (A) 1.85, FUL (H) 1.66, SUN (H) 1.82, EVE (A) 1.56","GW6 NEW (H) 1.58, GW7 TOT (A) 1.85, GW8 FUL (H) 1.66, GW9 SUN (H) 1.82, GW10 EVE (A) 1.56, GW11 CRY (H) 1.73, GW12 LEE (A) 1.54, GW13 IPS (H) 1.66, GW14 MUN (A) 1.38, GW15 AVL (H) 1.8, GW16 BOU (A) 1.46, GW17 CHE (H) 1.65, GW18 BRE (H) 1.58, GW19 LIV (A) 1.44, GW20 IPS (A) 1.6, GW21 EVE (H) 1.62, GW22 SUN (A) 1.9, GW23 LEE (H) 1.58, GW24 CRY (A) 1.68, GW25 LIV (H) 1.46, GW26 BRE (A) 1.53, GW27 BOU (H) 1.52, GW28 CHE (A) 1.64, GW29 MCI (H) 1.4, GW30 BHA (A) 1.45, GW31 ARS (H) 1.44, GW32 HUL (A) 1.6, GW33 AVL (A) 1.77, GW34 MUN (H) 1.4, GW35 NEW (A) 1.51, GW36 TOT (H) 1.61, GW37 FUL (A) 1.57, GW38 NFO (H) 1.71"
Gustavo Hamer,MID,Coventry City,5.4,0.54,2.43,3.0,"NEW (H) 0.54, TOT (A) 0.66, FUL (H) 0.8, SUN (H) 0.79, EVE (A) 0.84","GW6 NEW (H) 0.54, GW7 TOT (A) 0.66, GW8 FUL (H) 0.8, GW9 SUN (H) 0.79, GW10 EVE (A) 0.84, GW11 CRY (H) 1.04, GW12 LEE (A) 0.9, GW13 IPS (H) 1.01, GW14 MUN (A) 0.89, GW15 AVL (H) 1.18, GW16 BOU (A) 0.94, GW17 CHE (H) 1.11, GW18 BRE (H) 1.02, GW19 LIV (A) 0.96, GW20 IPS (A) 1.04, GW21 EVE (H) 1.03, GW22 SUN (A) 0.97, GW23 LEE (H) 1.03, GW24 CRY (A) 1.09, GW25 LIV (H) 1.01, GW26 BRE (A) 1.0, GW27 BOU (H) 1.01, GW28 CHE (A) 1.1, GW29 MCI (H) 0.98, GW30 BHA (A) 0.99, GW31 ARS (H) 1.05, GW32 HUL (A) 1.06, GW33 AVL (A) 1.2, GW34 MUN (H) 0.98, GW35 NEW (A) 0.96, GW36 TOT (H) 1.05, GW37 FUL (A) 1.01, GW38 NFO (H) 1.0"
Sidiki Cherif,FWD,Coventry City,5.0,0.63,2.75,1.0,"NEW (H) 0.63, TOT (A) 0.76, FUL (H) 0.88, SUN (H) 0.89, EVE (A) 0.92","GW6 NEW (H) 0.63, GW7 TOT (A) 0.76, GW8 FUL (H) 0.88, GW9 SUN (H) 0.89, GW10 EVE (A) 0.92, GW11 CRY (H) 1.09, GW12 LEE (A) 0.91, GW13 IPS (H) 1.15, GW14 MUN (A) 0.89, GW15 AVL (H) 1.23, GW16 BOU (A) 0.99, GW17 CHE (H) 1.25, GW18 BRE (H) 1.1, GW19 LIV (A) 0.97, GW20 IPS (A) 1.17, GW21 EVE (H) 1.12, GW22 SUN (A) 1.08, GW23 LEE (H) 1.04, GW24 CRY (A) 1.18, GW25 LIV (H) 1.03, GW26 BRE (A) 1.07, GW27 BOU (H) 1.09, GW28 CHE (A) 1.24, GW29 MCI (H) 0.98, GW30 BHA (A) 1.07, GW31 ARS (H) 1.08, GW32 HUL (A) 1.08, GW33 AVL (A) 1.24, GW34 MUN (H) 0.98, GW35 NEW (A) 1.01, GW36 TOT (H) 1.12, GW37 FUL (A) 1.09, GW38 NFO (H) 1.05"
Dan Bentley,GK,Coventry City,4.0,0.06,0.39,0.0,"NEW (H) 0.06, TOT (A) 0.1, FUL (H) 0.17, SUN (H) 0.1, EVE (A) 0.17","GW6 NEW (H) 0.06, GW7 TOT (A) 0.1, GW8 FUL (H) 0.17, GW9 SUN (H) 0.1, GW10 EVE (A) 0.17, GW11 CRY (H) 0.3, GW12 LEE (A) 0.12, GW13 IPS (H) 0.19, GW14 MUN (A) 0.07, GW15 AVL (H) 0.37, GW16 BOU (A) 0.13, GW17 CHE (H) 0.37, GW18 BRE (H) 0.22, GW19 LIV (A) 0.11, GW20 IPS (A) 0.18, GW21 EVE (H) 0.25, GW22 SUN (A) 0.17, GW23 LEE (H) 0.16, GW24 CRY (A) 0.31, GW25 LIV (H) 0.14, GW26 BRE (A) 0.16, GW27 BOU (H) 0.2, GW28 CHE (A) 0.35, GW29 MCI (H) 0.1, GW30 BHA (A) 0.19, GW31 ARS (H) 0.46, GW32 HUL (A) 0.17, GW33 AVL (A) 0.33, GW34 MUN (H) 0.1, GW35 NEW (A) 0.14, GW36 TOT (H) 0.19, GW37 FUL (A) 0.22, GW38 NFO (H) 0.16"
Yann Gboho,MID,Coventry City,5.5,0.71,3.34,0.0,"NEW (H) 0.71, TOT (A) 1.02, FUL (H) 1.01, SUN (H) 1.17, EVE (A) 1.07","GW6 NEW (H) 0.71, GW7 TOT (A) 1.02, GW8 FUL (H) 1.01, GW9 SUN (H) 1.17, GW10 EVE (A) 1.07, GW11 CRY (H) 1.28, GW12 LEE (A) 1.0, GW13 IPS (H) 1.49, GW14 MUN (A) 1.02, GW15 AVL (H) 1.28, GW16 BOU (A) 1.01, GW17 CHE (H) 1.48, GW18 BRE (H) 1.13, GW19 LIV (A) 1.07, GW20 IPS (A) 1.52, GW21 EVE (H) 1.28, GW22 SUN (A) 1.48, GW23 LEE (H) 1.13, GW24 CRY (A) 1.35, GW25 LIV (H) 1.12, GW26 BRE (A) 1.08, GW27 BOU (H) 1.11, GW28 CHE (A) 1.46, GW29 MCI (H) 1.06, GW30 BHA (A) 1.08, GW31 ARS (H) 0.9, GW32 HUL (A) 1.25, GW33 AVL (A) 1.26, GW34 MUN (H) 1.07, GW35 NEW (A) 1.18, GW36 TOT (H) 1.48, GW37 FUL (A) 1.24, GW38 NFO (H) 1.18"
Stephen Mfuni,DEF,Coventry City,4.0,2.39,7.34,6.0,"NEW (H) 2.39, TOT (A) 2.31, FUL (H) 1.98, SUN (H) 1.76, EVE (A) 1.67","GW6 NEW (H) 2.39, GW7 TOT (A) 2.31, GW8 FUL (H) 1.98, GW9 SUN (H) 1.76, GW10 EVE (A) 1.67, GW11 CRY (H) 1.75, GW12 LEE (A) 1.51, GW13 IPS (H) 1.6, GW14 MUN (A) 1.32, GW15 AVL (H) 1.74, GW16 BOU (A) 1.35, GW17 CHE (H) 1.54, GW18 BRE (H) 1.45, GW19 LIV (A) 1.32, GW20 IPS (A) 1.42, GW21 EVE (H) 1.53, GW22 SUN (A) 1.38, GW23 LEE (H) 1.46, GW24 CRY (A) 1.52, GW25 LIV (H) 1.34, GW26 BRE (A) 1.34, GW27 BOU (H) 1.38, GW28 CHE (A) 1.46, GW29 MCI (H) 1.27, GW30 BHA (A) 1.25, GW31 ARS (H) 1.36, GW32 HUL (A) 1.39, GW33 AVL (A) 1.61, GW34 MUN (H) 1.27, GW35 NEW (A) 1.33, GW36 TOT (H) 1.48, GW37 FUL (A) 1.44, GW38 NFO (H) 1.41"
Evann Guessand,MID,Crystal Palace,5.4,0.31,1.33,2.0,"NFO (H) 0.31, BHA (A) 0.38, NEW (H) 0.48, TOT (A) 0.55, LIV (H) 0.56","GW6 NFO (H) 0.31, GW7 BHA (A) 0.38, GW8 NEW (H) 0.48, GW9 TOT (A) 0.55, GW10 LIV (H) 0.56, GW11 COV (A) 0.74, GW12 HUL (H) 0.68, GW13 CHE (A) 0.72, GW14 AVL (A) 0.84, GW15 MUN (H) 0.65, GW16 SUN (A) 0.66, GW17 ARS (H) 0.7, GW18 BOU (H) 0.67, GW19 BRE (A) 0.69, GW20 CHE (H) 0.78, GW21 LIV (A) 0.67, GW22 TOT (H) 0.75, GW23 HUL (A) 0.76, GW24 COV (H) 0.87, GW25 BRE (H) 0.71, GW26 BOU (A) 0.67, GW27 SUN (H) 0.67, GW28 ARS (A) 0.71, GW29 FUL (H) 0.77, GW30 IPS (A) 0.76, GW31 EVE (H) 0.71, GW32 MCI (A) 0.67, GW33 MUN (A) 0.68, GW34 AVL (H) 0.91, GW35 NFO (A) 0.72, GW36 BHA (H) 0.71, GW37 NEW (A) 0.69, GW38 LEE (H) 0.7"
Axel Disasi,DEF,Crystal Palace,4.5,0.36,1.6,1.0,"NFO (H) 0.36, BHA (A) 0.44, NEW (H) 0.59, TOT (A) 0.7, LIV (H) 0.68","GW6 NFO (H) 0.36, GW7 BHA (A) 0.44, GW8 NEW (H) 0.59, GW9 TOT (A) 0.7, GW10 LIV (H) 0.68, GW11 COV (A) 0.9, GW12 HUL (H) 0.83, GW13 CHE (A) 0.89, GW14 AVL (A) 0.97, GW15 MUN (H) 0.79, GW16 SUN (A) 0.81, GW17 ARS (H) 0.91, GW18 BOU (H) 0.87, GW19 BRE (A) 0.87, GW20 CHE (H) 0.99, GW21 LIV (A) 0.83, GW22 TOT (H) 0.89, GW23 HUL (A) 0.93, GW24 COV (H) 1.09, GW25 BRE (H) 0.91, GW26 BOU (A) 0.88, GW27 SUN (H) 0.84, GW28 ARS (A) 0.94, GW29 FUL (H) 0.98, GW30 IPS (A) 0.94, GW31 EVE (H) 0.92, GW32 MCI (A) 0.84, GW33 MUN (A) 0.84, GW34 AVL (H) 1.07, GW35 NFO (A) 0.89, GW36 BHA (H) 0.91, GW37 NEW (A) 0.86, GW38 LEE (H) 0.89"
Dean Henderson,GK,Crystal Palace,4.9,0.71,3.24,5.0,"NFO (H) 0.71, BHA (A) 0.84, NEW (H) 1.16, TOT (A) 1.56, LIV (H) 1.39","GW6 NFO (H) 0.71, GW7 BHA (A) 0.84, GW8 NEW (H) 1.16, GW9 TOT (A) 1.56, GW10 LIV (H) 1.39, GW11 COV (A) 1.61, GW12 HUL (H) 1.62, GW13 CHE (A) 1.65, GW14 AVL (A) 1.71, GW15 MUN (H) 1.62, GW16 SUN (A) 1.94, GW17 ARS (H) 1.63, GW18 BOU (H) 1.66, GW19 BRE (A) 1.62, GW20 CHE (H) 1.87, GW21 LIV (A) 1.66, GW22 TOT (H) 1.87, GW23 HUL (A) 1.76, GW24 COV (H) 2.0, GW25 BRE (H) 1.73, GW26 BOU (A) 1.62, GW27 SUN (H) 2.09, GW28 ARS (A) 1.56, GW29 FUL (H) 1.9, GW30 IPS (A) 1.79, GW31 EVE (H) 1.85, GW32 MCI (A) 1.6, GW33 MUN (A) 1.65, GW34 AVL (H) 1.94, GW35 NFO (A) 1.72, GW36 BHA (H) 1.76, GW37 NEW (A) 1.69, GW38 LEE (H) 1.81"
Walter Benítez,GK,Crystal Palace,4.5,2.79,7.92,8.0,"NFO (H) 2.79, BHA (A) 2.5, NEW (H) 2.45, TOT (A) 2.49, LIV (H) 2.09","GW6 NFO (H) 2.79, GW7 BHA (A) 2.5, GW8 NEW (H) 2.45, GW9 TOT (A) 2.49, GW10 LIV (H) 2.09, GW11 COV (A) 2.34, GW12 HUL (H) 2.14, GW13 CHE (A) 2.05, GW14 AVL (A) 2.17, GW15 MUN (H) 1.83, GW16 SUN (A) 2.08, GW17 ARS (H) 1.8, GW18 BOU (H) 1.88, GW19 BRE (A) 1.85, GW20 CHE (H) 1.98, GW21 LIV (A) 1.77, GW22 TOT (H) 2.07, GW23 HUL (A) 1.92, GW24 COV (H) 2.29, GW25 BRE (H) 1.91, GW26 BOU (A) 1.76, GW27 SUN (H) 2.01, GW28 ARS (A) 1.57, GW29 FUL (H) 2.17, GW30 IPS (A) 1.9, GW31 EVE (H) 1.97, GW32 MCI (A) 1.48, GW33 MUN (A) 1.68, GW34 AVL (H) 2.16, GW35 NFO (A) 1.9, GW36 BHA (H) 1.9, GW37 NEW (A) 1.8, GW38 LEE (H) 1.94"
Chris Richards,DEF,Crystal Palace,4.9,3.42,10.04,14.0,"NFO (H) 3.42, BHA (A) 3.16, NEW (H) 3.04, TOT (A) 3.45, LIV (H) 2.71","GW6 NFO (H) 3.42, GW7 BHA (A) 3.16, GW8 NEW (H) 3.04, GW9 TOT (A) 3.45, GW10 LIV (H) 2.71, GW11 COV (A) 3.08, GW12 HUL (H) 2.9, GW13 CHE (A) 2.7, GW14 AVL (A) 3.02, GW15 MUN (H) 2.19, GW16 SUN (A) 2.89, GW17 ARS (H) 2.29, GW18 BOU (H) 2.56, GW19 BRE (A) 2.59, GW20 CHE (H) 2.57, GW21 LIV (A) 2.41, GW22 TOT (H) 2.74, GW23 HUL (A) 2.7, GW24 COV (H) 2.89, GW25 BRE (H) 2.59, GW26 BOU (A) 2.5, GW27 SUN (H) 2.78, GW28 ARS (A) 2.03, GW29 FUL (H) 2.76, GW30 IPS (A) 2.7, GW31 EVE (H) 2.69, GW32 MCI (A) 1.81, GW33 MUN (A) 2.09, GW34 AVL (H) 2.98, GW35 NFO (A) 2.49, GW36 BHA (H) 2.58, GW37 NEW (A) 2.39, GW38 LEE (H) 2.63"
Jaydee Canvot,DEF,Crystal Palace,4.8,2.9,8.34,10.0,"NFO (H) 2.9, BHA (A) 2.62, NEW (H) 2.54, TOT (A) 2.73, LIV (H) 2.25","GW6 NFO (H) 2.9, GW7 BHA (A) 2.62, GW8 NEW (H) 2.54, GW9 TOT (A) 2.73, GW10 LIV (H) 2.25, GW11 COV (A) 2.39, GW12 HUL (H) 2.3, GW13 CHE (A) 2.21, GW14 AVL (A) 2.29, GW15 MUN (H) 1.93, GW16 SUN (A) 2.26, GW17 ARS (H) 1.94, GW18 BOU (H) 2.03, GW19 BRE (A) 2.0, GW20 CHE (H) 2.15, GW21 LIV (A) 1.94, GW22 TOT (H) 2.05, GW23 HUL (A) 2.05, GW24 COV (H) 2.3, GW25 BRE (H) 2.06, GW26 BOU (A) 1.91, GW27 SUN (H) 2.21, GW28 ARS (A) 1.68, GW29 FUL (H) 2.18, GW30 IPS (A) 2.06, GW31 EVE (H) 2.16, GW32 MCI (A) 1.56, GW33 MUN (A) 1.8, GW34 AVL (H) 2.32, GW35 NFO (A) 2.0, GW36 BHA (H) 2.06, GW37 NEW (A) 1.9, GW38 LEE (H) 2.11"
Tyrick Mitchell,DEF,Crystal Palace,4.5,8.17,21.09,24.0,"NFO (H) 8.17, BHA (A) 7.12, NEW (H) 5.83, TOT (A) 5.78, LIV (H) 5.09","GW6 NFO (H) 8.17, GW7 BHA (A) 7.12, GW8 NEW (H) 5.83, GW9 TOT (A) 5.78, GW10 LIV (H) 5.09, GW11 COV (A) 5.92, GW12 HUL (H) 5.18, GW13 CHE (A) 5.41, GW14 AVL (A) 5.51, GW15 MUN (H) 3.91, GW16 SUN (A) 4.86, GW17 ARS (H) 4.29, GW18 BOU (H) 4.78, GW19 BRE (A) 4.42, GW20 CHE (H) 5.45, GW21 LIV (A) 3.79, GW22 TOT (H) 4.6, GW23 HUL (A) 4.54, GW24 COV (H) 5.93, GW25 BRE (H) 4.77, GW26 BOU (A) 4.26, GW27 SUN (H) 5.02, GW28 ARS (A) 3.4, GW29 FUL (H) 5.3, GW30 IPS (A) 4.5, GW31 EVE (H) 5.28, GW32 MCI (A) 2.88, GW33 MUN (A) 3.25, GW34 AVL (H) 5.72, GW35 NFO (A) 4.03, GW36 BHA (H) 4.73, GW37 NEW (A) 3.93, GW38 LEE (H) 4.59"
Borna Sosa,DEF,Crystal Palace,4.5,-0.12,-0.27,0.0,"NFO (H) -0.12, BHA (A) -0.11, NEW (H) -0.08, TOT (A) -0.04, LIV (H) -0.03","GW6 NFO (H) -0.12, GW7 BHA (A) -0.11, GW8 NEW (H) -0.08, GW9 TOT (A) -0.04, GW10 LIV (H) -0.03, GW11 COV (A) 0.08, GW12 HUL (H) 0.05, GW13 CHE (A) 0.07, GW14 AVL (A) 0.2, GW15 MUN (H) 0.03, GW16 SUN (A) 0.04, GW17 ARS (H) 0.08, GW18 BOU (H) 0.06, GW19 BRE (A) 0.06, GW20 CHE (H) 0.12, GW21 LIV (A) 0.04, GW22 TOT (H) 0.09, GW23 HUL (A) 0.1, GW24 COV (H) 0.18, GW25 BRE (H) 0.08, GW26 BOU (A) 0.07, GW27 SUN (H) 0.04, GW28 ARS (A) 0.08, GW29 FUL (H) 0.11, GW30 IPS (A) 0.11, GW31 EVE (H) 0.08, GW32 MCI (A) 0.04, GW33 MUN (A) 0.05, GW34 AVL (H) 0.26, GW35 NFO (A) 0.09, GW36 BHA (H) 0.08, GW37 NEW (A) 0.06, GW38 LEE (H) 0.07"
Chadi Riad Dnanou,DEF,Crystal Palace,4.3,0.38,1.56,1.0,"NFO (H) 0.38, BHA (A) 0.44, NEW (H) 0.58, TOT (A) 0.58, LIV (H) 0.71","GW6 NFO (H) 0.38, GW7 BHA (A) 0.44, GW8 NEW (H) 0.58, GW9 TOT (A) 0.58, GW10 LIV (H) 0.71, GW11 COV (A) 0.85, GW12 HUL (H) 0.84, GW13 CHE (A) 0.87, GW14 AVL (A) 1.0, GW15 MUN (H) 0.84, GW16 SUN (A) 0.71, GW17 ARS (H) 0.91, GW18 BOU (H) 0.88, GW19 BRE (A) 0.87, GW20 CHE (H) 1.01, GW21 LIV (A) 0.85, GW22 TOT (H) 0.8, GW23 HUL (A) 0.91, GW24 COV (H) 1.07, GW25 BRE (H) 0.94, GW26 BOU (A) 0.86, GW27 SUN (H) 0.77, GW28 ARS (A) 0.89, GW29 FUL (H) 0.97, GW30 IPS (A) 0.92, GW31 EVE (H) 0.94, GW32 MCI (A) 0.85, GW33 MUN (A) 0.85, GW34 AVL (H) 1.14, GW35 NFO (A) 0.89, GW36 BHA (H) 0.94, GW37 NEW (A) 0.87, GW38 LEE (H) 0.93"
Oscar Mingueza,DEF,Crystal Palace,4.4,0.42,1.51,2.0,"NFO (H) 0.42, BHA (A) 0.45, NEW (H) 0.53, TOT (A) 0.56, LIV (H) 0.55","GW6 NFO (H) 0.42, GW7 BHA (A) 0.45, GW8 NEW (H) 0.53, GW9 TOT (A) 0.56, GW10 LIV (H) 0.55, GW11 COV (A) 0.85, GW12 HUL (H) 0.64, GW13 CHE (A) 0.7, GW14 AVL (A) 0.76, GW15 MUN (H) 0.58, GW16 SUN (A) 0.62, GW17 ARS (H) 0.63, GW18 BOU (H) 0.63, GW19 BRE (A) 0.6, GW20 CHE (H) 0.78, GW21 LIV (A) 0.57, GW22 TOT (H) 0.67, GW23 HUL (A) 0.64, GW24 COV (H) 0.85, GW25 BRE (H) 0.67, GW26 BOU (A) 0.57, GW27 SUN (H) 0.65, GW28 ARS (A) 0.57, GW29 FUL (H) 0.69, GW30 IPS (A) 0.64, GW31 EVE (H) 0.67, GW32 MCI (A) 0.55, GW33 MUN (A) 0.56, GW34 AVL (H) 0.87, GW35 NFO (A) 0.64, GW36 BHA (H) 0.67, GW37 NEW (A) 0.61, GW38 LEE (H) 0.65"
Ismaïla Sarr,MID,Crystal Palace,6.2,0.6,2.66,1.0,"NFO (H) 0.6, BHA (A) 0.75, NEW (H) 0.94, TOT (A) 1.16, LIV (H) 1.17","GW6 NFO (H) 0.6, GW7 BHA (A) 0.75, GW8 NEW (H) 0.94, GW9 TOT (A) 1.16, GW10 LIV (H) 1.17, GW11 COV (A) 1.4, GW12 HUL (H) 1.37, GW13 CHE (A) 1.43, GW14 AVL (A) 1.44, GW15 MUN (H) 1.31, GW16 SUN (A) 1.45, GW17 ARS (H) 1.29, GW18 BOU (H) 1.3, GW19 BRE (A) 1.32, GW20 CHE (H) 1.55, GW21 LIV (A) 1.42, GW22 TOT (H) 1.55, GW23 HUL (A) 1.52, GW24 COV (H) 1.66, GW25 BRE (H) 1.36, GW26 BOU (A) 1.32, GW27 SUN (H) 1.5, GW28 ARS (A) 1.24, GW29 FUL (H) 1.56, GW30 IPS (A) 1.56, GW31 EVE (H) 1.5, GW32 MCI (A) 1.28, GW33 MUN (A) 1.38, GW34 AVL (H) 1.56, GW35 NFO (A) 1.43, GW36 BHA (H) 1.45, GW37 NEW (A) 1.4, GW38 LEE (H) 1.48"
Adam Wharton,MID,Crystal Palace,5.4,1.98,5.92,12.0,"NFO (H) 1.98, BHA (A) 1.84, NEW (H) 1.82, TOT (A) 2.02, LIV (H) 1.73","GW6 NFO (H) 1.98, GW7 BHA (A) 1.84, GW8 NEW (H) 1.82, GW9 TOT (A) 2.02, GW10 LIV (H) 1.73, GW11 COV (A) 1.99, GW12 HUL (H) 1.91, GW13 CHE (A) 1.88, GW14 AVL (A) 2.21, GW15 MUN (H) 1.65, GW16 SUN (A) 1.95, GW17 ARS (H) 1.75, GW18 BOU (H) 1.99, GW19 BRE (A) 1.86, GW20 CHE (H) 1.92, GW21 LIV (A) 1.72, GW22 TOT (H) 1.67, GW23 HUL (A) 1.9, GW24 COV (H) 2.11, GW25 BRE (H) 1.91, GW26 BOU (A) 1.95, GW27 SUN (H) 1.93, GW28 ARS (A) 1.67, GW29 FUL (H) 2.0, GW30 IPS (A) 1.93, GW31 EVE (H) 1.99, GW32 MCI (A) 1.49, GW33 MUN (A) 1.64, GW34 AVL (H) 2.33, GW35 NFO (A) 1.75, GW36 BHA (H) 1.92, GW37 NEW (A) 1.65, GW38 LEE (H) 1.91"
Yéremy Pino Santos,MID,Crystal Palace,5.5,2.63,7.81,14.0,"NFO (H) 2.63, BHA (A) 2.41, NEW (H) 2.35, TOT (A) 2.73, LIV (H) 2.24","GW6 NFO (H) 2.63, GW7 BHA (A) 2.41, GW8 NEW (H) 2.35, GW9 TOT (A) 2.73, GW10 LIV (H) 2.24, GW11 COV (A) 2.76, GW12 HUL (H) 2.37, GW13 CHE (A) 2.49, GW14 AVL (A) 2.4, GW15 MUN (H) 2.01, GW16 SUN (A) 2.46, GW17 ARS (H) 2.51, GW18 BOU (H) 1.91, GW19 BRE (A) 2.08, GW20 CHE (H) 2.39, GW21 LIV (A) 2.15, GW22 TOT (H) 2.3, GW23 HUL (A) 2.35, GW24 COV (H) 2.69, GW25 BRE (H) 2.01, GW26 BOU (A) 1.95, GW27 SUN (H) 2.36, GW28 ARS (A) 2.43, GW29 FUL (H) 2.55, GW30 IPS (A) 2.37, GW31 EVE (H) 2.29, GW32 MCI (A) 1.81, GW33 MUN (A) 2.03, GW34 AVL (H) 2.31, GW35 NFO (A) 2.11, GW36 BHA (H) 2.02, GW37 NEW (A) 2.08, GW38 LEE (H) 2.13"
Will Hughes,MID,Crystal Palace,4.4,1.01,3.58,2.0,"NFO (H) 1.01, BHA (A) 0.83, NEW (H) 1.3, TOT (A) 1.47, LIV (H) 1.39","GW6 NFO (H) 1.01, GW7 BHA (A) 0.83, GW8 NEW (H) 1.3, GW9 TOT (A) 1.47, GW10 LIV (H) 1.39, GW11 COV (A) 1.85, GW12 HUL (H) 1.65, GW13 CHE (A) 1.6, GW14 AVL (A) 1.31, GW15 MUN (H) 1.49, GW16 SUN (A) 1.71, GW17 ARS (H) 0.99, GW18 BOU (H) 1.04, GW19 BRE (A) 1.07, GW20 CHE (H) 1.66, GW21 LIV (A) 1.5, GW22 TOT (H) 1.82, GW23 HUL (A) 1.72, GW24 COV (H) 2.04, GW25 BRE (H) 1.09, GW26 BOU (A) 1.02, GW27 SUN (H) 1.73, GW28 ARS (A) 0.95, GW29 FUL (H) 1.94, GW30 IPS (A) 1.74, GW31 EVE (H) 1.61, GW32 MCI (A) 1.48, GW33 MUN (A) 1.5, GW34 AVL (H) 1.34, GW35 NFO (A) 1.57, GW36 BHA (H) 1.11, GW37 NEW (A) 1.54, GW38 LEE (H) 1.57"
Jefferson Lerma Solís,MID,Crystal Palace,4.8,0.78,2.96,1.0,"NFO (H) 0.78, BHA (A) 0.86, NEW (H) 1.06, TOT (A) 1.11, LIV (H) 1.17","GW6 NFO (H) 0.78, GW7 BHA (A) 0.86, GW8 NEW (H) 1.06, GW9 TOT (A) 1.11, GW10 LIV (H) 1.17, GW11 COV (A) 1.33, GW12 HUL (H) 1.36, GW13 CHE (A) 1.32, GW14 AVL (A) 1.47, GW15 MUN (H) 1.34, GW16 SUN (A) 1.33, GW17 ARS (H) 1.42, GW18 BOU (H) 1.4, GW19 BRE (A) 1.34, GW20 CHE (H) 1.51, GW21 LIV (A) 1.3, GW22 TOT (H) 1.52, GW23 HUL (A) 1.41, GW24 COV (H) 1.62, GW25 BRE (H) 1.46, GW26 BOU (A) 1.34, GW27 SUN (H) 1.45, GW28 ARS (A) 1.36, GW29 FUL (H) 1.52, GW30 IPS (A) 1.42, GW31 EVE (H) 1.46, GW32 MCI (A) 1.31, GW33 MUN (A) 1.32, GW34 AVL (H) 1.67, GW35 NFO (A) 1.38, GW36 BHA (H) 1.47, GW37 NEW (A) 1.35, GW38 LEE (H) 1.45"
Daichi Kamada,MID,Crystal Palace,5.0,4.19,11.97,21.0,"NFO (H) 4.19, BHA (A) 4.18, NEW (H) 3.38, TOT (A) 3.83, LIV (H) 2.99","GW6 NFO (H) 4.19, GW7 BHA (A) 4.18, GW8 NEW (H) 3.38, GW9 TOT (A) 3.83, GW10 LIV (H) 2.99, GW11 COV (A) 3.7, GW12 HUL (H) 3.2, GW13 CHE (A) 3.87, GW14 AVL (A) 4.04, GW15 MUN (H) 2.18, GW16 SUN (A) 3.22, GW17 ARS (H) 3.56, GW18 BOU (H) 3.46, GW19 BRE (A) 3.61, GW20 CHE (H) 3.67, GW21 LIV (A) 2.55, GW22 TOT (H) 2.56, GW23 HUL (A) 2.97, GW24 COV (H) 3.76, GW25 BRE (H) 3.53, GW26 BOU (A) 3.51, GW27 SUN (H) 2.96, GW28 ARS (A) 3.42, GW29 FUL (H) 3.07, GW30 IPS (A) 2.91, GW31 EVE (H) 3.13, GW32 MCI (A) 1.78, GW33 MUN (A) 2.2, GW34 AVL (H) 3.7, GW35 NFO (A) 2.35, GW36 BHA (H) 3.52, GW37 NEW (A) 2.25, GW38 LEE (H) 2.44"
Justin Devenny,MID,Crystal Palace,5.0,0.21,0.89,0.0,"NFO (H) 0.21, BHA (A) 0.25, NEW (H) 0.32, TOT (A) 0.36, LIV (H) 0.41","GW6 NFO (H) 0.21, GW7 BHA (A) 0.25, GW8 NEW (H) 0.32, GW9 TOT (A) 0.36, GW10 LIV (H) 0.41, GW11 COV (A) 0.51, GW12 HUL (H) 0.49, GW13 CHE (A) 0.51, GW14 AVL (A) 0.65, GW15 MUN (H) 0.49, GW16 SUN (A) 0.47, GW17 ARS (H) 0.56, GW18 BOU (H) 0.55, GW19 BRE (A) 0.52, GW20 CHE (H) 0.6, GW21 LIV (A) 0.47, GW22 TOT (H) 0.55, GW23 HUL (A) 0.52, GW24 COV (H) 0.65, GW25 BRE (H) 0.57, GW26 BOU (A) 0.52, GW27 SUN (H) 0.51, GW28 ARS (A) 0.54, GW29 FUL (H) 0.58, GW30 IPS (A) 0.54, GW31 EVE (H) 0.54, GW32 MCI (A) 0.47, GW33 MUN (A) 0.48, GW34 AVL (H) 0.75, GW35 NFO (A) 0.53, GW36 BHA (H) 0.57, GW37 NEW (A) 0.5, GW38 LEE (H) 0.54"
Romain Esse,MID,Crystal Palace,5.0,0.05,0.29,0.0,"NFO (H) 0.05, BHA (A) 0.06, NEW (H) 0.12, TOT (A) 0.14, LIV (H) 0.15","GW6 NFO (H) 0.05, GW7 BHA (A) 0.06, GW8 NEW (H) 0.12, GW9 TOT (A) 0.14, GW10 LIV (H) 0.15, GW11 COV (A) 0.24, GW12 HUL (H) 0.22, GW13 CHE (A) 0.22, GW14 AVL (A) 0.34, GW15 MUN (H) 0.19, GW16 SUN (A) 0.19, GW17 ARS (H) 0.24, GW18 BOU (H) 0.22, GW19 BRE (A) 0.19, GW20 CHE (H) 0.27, GW21 LIV (A) 0.17, GW22 TOT (H) 0.23, GW23 HUL (A) 0.22, GW24 COV (H) 0.32, GW25 BRE (H) 0.23, GW26 BOU (A) 0.19, GW27 SUN (H) 0.21, GW28 ARS (A) 0.21, GW29 FUL (H) 0.25, GW30 IPS (A) 0.22, GW31 EVE (H) 0.23, GW32 MCI (A) 0.16, GW33 MUN (A) 0.17, GW34 AVL (H) 0.4, GW35 NFO (A) 0.21, GW36 BHA (H) 0.23, GW37 NEW (A) 0.19, GW38 LEE (H) 0.22"
Matheus França de Oliveira,MID,Crystal Palace,4.9,0.06,0.27,0.0,"NFO (H) 0.06, BHA (A) 0.01, NEW (H) 0.12, TOT (A) 0.15, LIV (H) 0.16","GW6 NFO (H) 0.06, GW7 BHA (A) 0.01, GW8 NEW (H) 0.12, GW9 TOT (A) 0.15, GW10 LIV (H) 0.16, GW11 COV (A) 0.17, GW12 HUL (H) 0.22, GW13 CHE (A) 0.15, GW14 AVL (A) 0.27, GW15 MUN (H) 0.2, GW16 SUN (A) 0.12, GW17 ARS (H) 0.16, GW18 BOU (H) 0.14, GW19 BRE (A) 0.12, GW20 CHE (H) 0.2, GW21 LIV (A) 0.18, GW22 TOT (H) 0.24, GW23 HUL (A) 0.23, GW24 COV (H) 0.24, GW25 BRE (H) 0.15, GW26 BOU (A) 0.11, GW27 SUN (H) 0.13, GW28 ARS (A) 0.13, GW29 FUL (H) 0.26, GW30 IPS (A) 0.23, GW31 EVE (H) 0.15, GW32 MCI (A) 0.17, GW33 MUN (A) 0.18, GW34 AVL (H) 0.33, GW35 NFO (A) 0.22, GW36 BHA (H) 0.15, GW37 NEW (A) 0.19, GW38 LEE (H) 0.23"
Cheick Doucouré,MID,Crystal Palace,4.8,0.1,0.36,0.0,"NFO (H) 0.1, BHA (A) 0.11, NEW (H) 0.12, TOT (A) 0.15, LIV (H) 0.12","GW6 NFO (H) 0.1, GW7 BHA (A) 0.11, GW8 NEW (H) 0.12, GW9 TOT (A) 0.15, GW10 LIV (H) 0.12, GW11 COV (A) 0.22, GW12 HUL (H) 0.15, GW13 CHE (A) 0.18, GW14 AVL (A) 0.28, GW15 MUN (H) 0.08, GW16 SUN (A) 0.11, GW17 ARS (H) 0.12, GW18 BOU (H) 0.09, GW19 BRE (A) 0.11, GW20 CHE (H) 0.15, GW21 LIV (A) 0.08, GW22 TOT (H) 0.11, GW23 HUL (A) 0.13, GW24 COV (H) 0.19, GW25 BRE (H) 0.09, GW26 BOU (A) 0.09, GW27 SUN (H) 0.05, GW28 ARS (A) 0.11, GW29 FUL (H) 0.12, GW30 IPS (A) 0.13, GW31 EVE (H) 0.09, GW32 MCI (A) 0.06, GW33 MUN (A) 0.07, GW34 AVL (H) 0.26, GW35 NFO (A) 0.11, GW36 BHA (H) 0.09, GW37 NEW (A) 0.09, GW38 LEE (H) 0.08"
Jesurun Rak-Sakyi,MID,Crystal Palace,4.9,0.05,0.18,0.0,"NFO (H) 0.05, BHA (A) 0.04, NEW (H) 0.07, TOT (A) 0.07, LIV (H) 0.08","GW6 NFO (H) 0.05, GW7 BHA (A) 0.04, GW8 NEW (H) 0.07, GW9 TOT (A) 0.07, GW10 LIV (H) 0.08, GW11 COV (A) 0.14, GW12 HUL (H) 0.11, GW13 CHE (A) 0.11, GW14 AVL (A) 0.17, GW15 MUN (H) 0.06, GW16 SUN (A) 0.03, GW17 ARS (H) 0.1, GW18 BOU (H) 0.06, GW19 BRE (A) 0.03, GW20 CHE (H) 0.12, GW21 LIV (A) 0.02, GW22 TOT (H) 0.07, GW23 HUL (A) 0.06, GW24 COV (H) 0.16, GW25 BRE (H) 0.06, GW26 BOU (A) 0.02, GW27 SUN (H) 0.02, GW28 ARS (A) 0.06, GW29 FUL (H) 0.09, GW30 IPS (A) 0.06, GW31 EVE (H) 0.05, GW32 MCI (A) 0.01, GW33 MUN (A) 0.01, GW34 AVL (H) 0.19, GW35 NFO (A) 0.04, GW36 BHA (H) 0.06, GW37 NEW (A) 0.01, GW38 LEE (H) 0.05"
Rio Cardines,DEF,Crystal Palace,4.5,0.16,0.68,0.0,"NFO (H) 0.16, BHA (A) 0.18, NEW (H) 0.25, TOT (A) 0.28, LIV (H) 0.32","GW6 NFO (H) 0.16, GW7 BHA (A) 0.18, GW8 NEW (H) 0.25, GW9 TOT (A) 0.28, GW10 LIV (H) 0.32, GW11 COV (A) 0.42, GW12 HUL (H) 0.42, GW13 CHE (A) 0.41, GW14 AVL (A) 0.48, GW15 MUN (H) 0.39, GW16 SUN (A) 0.38, GW17 ARS (H) 0.44, GW18 BOU (H) 0.41, GW19 BRE (A) 0.38, GW20 CHE (H) 0.48, GW21 LIV (A) 0.37, GW22 TOT (H) 0.46, GW23 HUL (A) 0.44, GW24 COV (H) 0.55, GW25 BRE (H) 0.43, GW26 BOU (A) 0.38, GW27 SUN (H) 0.4, GW28 ARS (A) 0.42, GW29 FUL (H) 0.48, GW30 IPS (A) 0.44, GW31 EVE (H) 0.43, GW32 MCI (A) 0.38, GW33 MUN (A) 0.38, GW34 AVL (H) 0.56, GW35 NFO (A) 0.41, GW36 BHA (H) 0.43, GW37 NEW (A) 0.38, GW38 LEE (H) 0.42"
Joél Drakes-Thomas,MID,Crystal Palace,4.5,0.01,0.11,0.0,"NFO (H) 0.01, BHA (A) 0.01, NEW (H) 0.05, TOT (A) 0.07, LIV (H) 0.08","GW6 NFO (H) 0.01, GW7 BHA (A) 0.01, GW8 NEW (H) 0.05, GW9 TOT (A) 0.07, GW10 LIV (H) 0.08, GW11 COV (A) 0.16, GW12 HUL (H) 0.14, GW13 CHE (A) 0.14, GW14 AVL (A) 0.25, GW15 MUN (H) 0.1, GW16 SUN (A) 0.09, GW17 ARS (H) 0.14, GW18 BOU (H) 0.12, GW19 BRE (A) 0.1, GW20 CHE (H) 0.18, GW21 LIV (A) 0.07, GW22 TOT (H) 0.14, GW23 HUL (A) 0.13, GW24 COV (H) 0.23, GW25 BRE (H) 0.13, GW26 BOU (A) 0.09, GW27 SUN (H) 0.09, GW28 ARS (A) 0.11, GW29 FUL (H) 0.16, GW30 IPS (A) 0.13, GW31 EVE (H) 0.13, GW32 MCI (A) 0.07, GW33 MUN (A) 0.07, GW34 AVL (H) 0.31, GW35 NFO (A) 0.12, GW36 BHA (H) 0.13, GW37 NEW (A) 0.09, GW38 LEE (H) 0.12"
Jørgen Strand Larsen,FWD,Crystal Palace,6.0,3.52,10.49,14.0,"NFO (H) 3.52, BHA (A) 3.24, NEW (H) 3.26, TOT (A) 3.53, LIV (H) 3.05","GW6 NFO (H) 3.52, GW7 BHA (A) 3.24, GW8 NEW (H) 3.26, GW9 TOT (A) 3.53, GW10 LIV (H) 3.05, GW11 COV (A) 3.2, GW12 HUL (H) 3.0, GW13 CHE (A) 3.01, GW14 AVL (A) 2.91, GW15 MUN (H) 2.54, GW16 SUN (A) 3.31, GW17 ARS (H) 2.23, GW18 BOU (H) 2.58, GW19 BRE (A) 2.61, GW20 CHE (H) 2.97, GW21 LIV (A) 2.69, GW22 TOT (H) 3.13, GW23 HUL (A) 2.76, GW24 COV (H) 3.03, GW25 BRE (H) 2.64, GW26 BOU (A) 2.49, GW27 SUN (H) 3.3, GW28 ARS (A) 1.98, GW29 FUL (H) 2.94, GW30 IPS (A) 2.77, GW31 EVE (H) 2.88, GW32 MCI (A) 2.19, GW33 MUN (A) 2.39, GW34 AVL (H) 2.87, GW35 NFO (A) 2.64, GW36 BHA (H) 2.63, GW37 NEW (A) 2.61, GW38 LEE (H) 2.76"
Jean-Philippe Mateta,FWD,Crystal Palace,6.3,0.37,1.9,2.0,"NFO (H) 0.37, BHA (A) 0.43, NEW (H) 0.73, TOT (A) 0.95, LIV (H) 0.93","GW6 NFO (H) 0.37, GW7 BHA (A) 0.43, GW8 NEW (H) 0.73, GW9 TOT (A) 0.95, GW10 LIV (H) 0.93, GW11 COV (A) 1.16, GW12 HUL (H) 1.13, GW13 CHE (A) 1.15, GW14 AVL (A) 1.09, GW15 MUN (H) 1.09, GW16 SUN (A) 1.26, GW17 ARS (H) 0.94, GW18 BOU (H) 0.98, GW19 BRE (A) 1.0, GW20 CHE (H) 1.27, GW21 LIV (A) 1.18, GW22 TOT (H) 1.31, GW23 HUL (A) 1.27, GW24 COV (H) 1.41, GW25 BRE (H) 1.04, GW26 BOU (A) 1.0, GW27 SUN (H) 1.31, GW28 ARS (A) 0.89, GW29 FUL (H) 1.32, GW30 IPS (A) 1.31, GW31 EVE (H) 1.28, GW32 MCI (A) 1.05, GW33 MUN (A) 1.15, GW34 AVL (H) 1.2, GW35 NFO (A) 1.22, GW36 BHA (H) 1.13, GW37 NEW (A) 1.19, GW38 LEE (H) 1.26"
Eddie Nketiah,FWD,Crystal Palace,5.5,1.64,5.1,8.0,"NFO (H) 1.64, BHA (A) 1.63, NEW (H) 1.63, TOT (A) 1.63, LIV (H) 1.65","GW6 NFO (H) 1.64, GW7 BHA (A) 1.63, GW8 NEW (H) 1.63, GW9 TOT (A) 1.63, GW10 LIV (H) 1.65, GW11 COV (A) 1.91, GW12 HUL (H) 1.75, GW13 CHE (A) 1.81, GW14 AVL (A) 1.76, GW15 MUN (H) 1.55, GW16 SUN (A) 1.5, GW17 ARS (H) 1.77, GW18 BOU (H) 1.59, GW19 BRE (A) 1.56, GW20 CHE (H) 1.84, GW21 LIV (A) 1.53, GW22 TOT (H) 1.69, GW23 HUL (A) 1.65, GW24 COV (H) 1.96, GW25 BRE (H) 1.6, GW26 BOU (A) 1.51, GW27 SUN (H) 1.5, GW28 ARS (A) 1.69, GW29 FUL (H) 1.82, GW30 IPS (A) 1.67, GW31 EVE (H) 1.7, GW32 MCI (A) 1.44, GW33 MUN (A) 1.45, GW34 AVL (H) 1.79, GW35 NFO (A) 1.48, GW36 BHA (H) 1.62, GW37 NEW (A) 1.45, GW38 LEE (H) 1.58"
Christantus Uche,FWD,Crystal Palace,5.0,-0.02,-0.01,0.0,"NFO (H) -0.02, BHA (A) -0.01, NEW (H) -0.01, TOT (A) 0.03, LIV (H) 0.02","GW6 NFO (H) -0.02, GW7 BHA (A) -0.01, GW8 NEW (H) -0.01, GW9 TOT (A) 0.03, GW10 LIV (H) 0.02, GW11 COV (A) 0.12, GW12 HUL (H) 0.06, GW13 CHE (A) 0.1, GW14 AVL (A) 0.17, GW15 MUN (H) 0.03, GW16 SUN (A) 0.04, GW17 ARS (H) 0.07, GW18 BOU (H) 0.03, GW19 BRE (A) 0.05, GW20 CHE (H) 0.1, GW21 LIV (A) 0.04, GW22 TOT (H) 0.05, GW23 HUL (A) 0.08, GW24 COV (H) 0.14, GW25 BRE (H) 0.04, GW26 BOU (A) 0.05, GW27 SUN (H) 0.0, GW28 ARS (A) 0.08, GW29 FUL (H) 0.07, GW30 IPS (A) 0.08, GW31 EVE (H) 0.04, GW32 MCI (A) 0.04, GW33 MUN (A) 0.04, GW34 AVL (H) 0.18, GW35 NFO (A) 0.07, GW36 BHA (H) 0.04, GW37 NEW (A) 0.04, GW38 LEE (H) 0.03"
Dwight McNeil,MID,Crystal Palace,5.3,0.38,1.66,3.0,"NFO (H) 0.38, BHA (A) 0.47, NEW (H) 0.58, TOT (A) 0.72, LIV (H) 0.73","GW6 NFO (H) 0.38, GW7 BHA (A) 0.47, GW8 NEW (H) 0.58, GW9 TOT (A) 0.72, GW10 LIV (H) 0.73, GW11 COV (A) 0.93, GW12 HUL (H) 0.88, GW13 CHE (A) 0.94, GW14 AVL (A) 1.05, GW15 MUN (H) 0.85, GW16 SUN (A) 0.92, GW17 ARS (H) 0.93, GW18 BOU (H) 0.9, GW19 BRE (A) 0.92, GW20 CHE (H) 1.04, GW21 LIV (A) 0.9, GW22 TOT (H) 1.02, GW23 HUL (A) 0.98, GW24 COV (H) 1.12, GW25 BRE (H) 0.96, GW26 BOU (A) 0.91, GW27 SUN (H) 0.96, GW28 ARS (A) 0.95, GW29 FUL (H) 1.01, GW30 IPS (A) 0.99, GW31 EVE (H) 0.96, GW32 MCI (A) 0.89, GW33 MUN (A) 0.89, GW34 AVL (H) 1.16, GW35 NFO (A) 0.94, GW36 BHA (H) 0.96, GW37 NEW (A) 0.91, GW38 LEE (H) 0.95"
Remi Matthews,GK,Crystal Palace,4.0,0.09,0.35,0.0,"NFO (H) 0.09, BHA (A) 0.06, NEW (H) 0.13, TOT (A) 0.17, LIV (H) 0.15","GW6 NFO (H) 0.09, GW7 BHA (A) 0.06, GW8 NEW (H) 0.13, GW9 TOT (A) 0.17, GW10 LIV (H) 0.15, GW11 COV (A) 0.34, GW12 HUL (H) 0.34, GW13 CHE (A) 0.25, GW14 AVL (A) 0.37, GW15 MUN (H) 0.17, GW16 SUN (A) 0.22, GW17 ARS (H) 0.09, GW18 BOU (H) 0.22, GW19 BRE (A) 0.19, GW20 CHE (H) 0.27, GW21 LIV (A) 0.13, GW22 TOT (H) 0.31, GW23 HUL (A) 0.29, GW24 COV (H) 0.42, GW25 BRE (H) 0.22, GW26 BOU (A) 0.17, GW27 SUN (H) 0.22, GW28 ARS (A) 0.02, GW29 FUL (H) 0.34, GW30 IPS (A) 0.3, GW31 EVE (H) 0.22, GW32 MCI (A) 0.1, GW33 MUN (A) 0.1, GW34 AVL (H) 0.39, GW35 NFO (A) 0.17, GW36 BHA (H) 0.22, GW37 NEW (A) 0.14, GW38 LEE (H) 0.2"
Takehiro Tomiyasu,DEF,Crystal Palace,4.4,0.65,2.76,3.0,"NFO (H) 0.65, BHA (A) 0.76, NEW (H) 0.94, TOT (A) 1.31, LIV (H) 1.07","GW6 NFO (H) 0.65, GW7 BHA (A) 0.76, GW8 NEW (H) 0.94, GW9 TOT (A) 1.31, GW10 LIV (H) 1.07, GW11 COV (A) 1.26, GW12 HUL (H) 1.21, GW13 CHE (A) 1.3, GW14 AVL (A) 1.38, GW15 MUN (H) 1.21, GW16 SUN (A) 1.57, GW17 ARS (H) 1.32, GW18 BOU (H) 1.32, GW19 BRE (A) 1.3, GW20 CHE (H) 1.45, GW21 LIV (A) 1.25, GW22 TOT (H) 1.43, GW23 HUL (A) 1.3, GW24 COV (H) 1.52, GW25 BRE (H) 1.38, GW26 BOU (A) 1.3, GW27 SUN (H) 1.67, GW28 ARS (A) 1.31, GW29 FUL (H) 1.41, GW30 IPS (A) 1.32, GW31 EVE (H) 1.4, GW32 MCI (A) 1.23, GW33 MUN (A) 1.23, GW34 AVL (H) 1.54, GW35 NFO (A) 1.3, GW36 BHA (H) 1.38, GW37 NEW (A) 1.27, GW38 LEE (H) 1.36"
Anan Khalaili,DEF,Crystal Palace,5.0,4.25,11.98,19.0,"NFO (H) 4.25, BHA (A) 3.89, NEW (H) 3.55, TOT (A) 3.76, LIV (H) 3.19","GW6 NFO (H) 4.25, GW7 BHA (A) 3.89, GW8 NEW (H) 3.55, GW9 TOT (A) 3.76, GW10 LIV (H) 3.19, GW11 COV (A) 3.69, GW12 HUL (H) 3.31, GW13 CHE (A) 3.22, GW14 AVL (A) 3.08, GW15 MUN (H) 2.3, GW16 SUN (A) 2.86, GW17 ARS (H) 2.44, GW18 BOU (H) 2.67, GW19 BRE (A) 2.69, GW20 CHE (H) 3.04, GW21 LIV (A) 2.29, GW22 TOT (H) 2.68, GW23 HUL (A) 2.7, GW24 COV (H) 3.14, GW25 BRE (H) 2.78, GW26 BOU (A) 2.49, GW27 SUN (H) 2.78, GW28 ARS (A) 2.13, GW29 FUL (H) 2.87, GW30 IPS (A) 2.77, GW31 EVE (H) 2.88, GW32 MCI (A) 1.73, GW33 MUN (A) 2.01, GW34 AVL (H) 3.01, GW35 NFO (A) 2.34, GW36 BHA (H) 2.77, GW37 NEW (A) 2.25, GW38 LEE (H) 2.46"
Zavier Gozo,MID,Crystal Palace,4.9,0.67,2.36,2.0,"NFO (H) 0.67, BHA (A) 0.72, NEW (H) 0.8, TOT (A) 0.88, LIV (H) 0.82","GW6 NFO (H) 0.67, GW7 BHA (A) 0.72, GW8 NEW (H) 0.8, GW9 TOT (A) 0.88, GW10 LIV (H) 0.82, GW11 COV (A) 1.17, GW12 HUL (H) 0.89, GW13 CHE (A) 0.93, GW14 AVL (A) 0.97, GW15 MUN (H) 0.81, GW16 SUN (A) 0.93, GW17 ARS (H) 0.84, GW18 BOU (H) 0.84, GW19 BRE (A) 0.82, GW20 CHE (H) 0.99, GW21 LIV (A) 0.79, GW22 TOT (H) 0.98, GW23 HUL (A) 0.85, GW24 COV (H) 1.18, GW25 BRE (H) 0.87, GW26 BOU (A) 0.78, GW27 SUN (H) 0.94, GW28 ARS (A) 0.79, GW29 FUL (H) 1.01, GW30 IPS (A) 0.85, GW31 EVE (H) 0.86, GW32 MCI (A) 0.77, GW33 MUN (A) 0.77, GW34 AVL (H) 1.04, GW35 NFO (A) 0.85, GW36 BHA (H) 0.87, GW37 NEW (A) 0.82, GW38 LEE (H) 0.85"
Honest Ahanor,DEF,Crystal Palace,4.5,0.73,2.25,3.0,"NFO (H) 0.73, BHA (A) 0.69, NEW (H) 0.73, TOT (A) 0.75, LIV (H) 0.7","GW6 NFO (H) 0.73, GW7 BHA (A) 0.69, GW8 NEW (H) 0.73, GW9 TOT (A) 0.75, GW10 LIV (H) 0.7, GW11 COV (A) 1.22, GW12 HUL (H) 0.8, GW13 CHE (A) 0.89, GW14 AVL (A) 0.87, GW15 MUN (H) 0.66, GW16 SUN (A) 0.72, GW17 ARS (H) 0.69, GW18 BOU (H) 0.72, GW19 BRE (A) 0.71, GW20 CHE (H) 0.96, GW21 LIV (A) 0.67, GW22 TOT (H) 0.79, GW23 HUL (A) 0.78, GW24 COV (H) 1.08, GW25 BRE (H) 0.77, GW26 BOU (A) 0.67, GW27 SUN (H) 0.73, GW28 ARS (A) 0.63, GW29 FUL (H) 0.85, GW30 IPS (A) 0.78, GW31 EVE (H) 0.81, GW32 MCI (A) 0.62, GW33 MUN (A) 0.63, GW34 AVL (H) 0.96, GW35 NFO (A) 0.76, GW36 BHA (H) 0.78, GW37 NEW (A) 0.71, GW38 LEE (H) 0.75"
Ben Chilwell,DEF,Crystal Palace,4.5,2.58,7.83,8.0,"NFO (H) 2.58, BHA (A) 2.46, NEW (H) 2.51, TOT (A) 2.46, LIV (H) 2.47","GW6 NFO (H) 2.58, GW7 BHA (A) 2.46, GW8 NEW (H) 2.51, GW9 TOT (A) 2.46, GW10 LIV (H) 2.47, GW11 COV (A) 2.54, GW12 HUL (H) 2.43, GW13 CHE (A) 2.48, GW14 AVL (A) 2.32, GW15 MUN (H) 2.17, GW16 SUN (A) 2.24, GW17 ARS (H) 1.99, GW18 BOU (H) 2.24, GW19 BRE (A) 2.13, GW20 CHE (H) 2.54, GW21 LIV (A) 2.14, GW22 TOT (H) 2.26, GW23 HUL (A) 2.16, GW24 COV (H) 2.52, GW25 BRE (H) 2.25, GW26 BOU (A) 2.08, GW27 SUN (H) 2.3, GW28 ARS (A) 1.7, GW29 FUL (H) 2.4, GW30 IPS (A) 2.14, GW31 EVE (H) 2.41, GW32 MCI (A) 1.78, GW33 MUN (A) 1.97, GW34 AVL (H) 2.38, GW35 NFO (A) 2.08, GW36 BHA (H) 2.24, GW37 NEW (A) 2.06, GW38 LEE (H) 2.26"
Quinten Timber,MID,Crystal Palace,5.0,2.57,7.45,9.0,"NFO (H) 2.57, BHA (A) 2.46, NEW (H) 2.29, TOT (A) 2.3, LIV (H) 2.02","GW6 NFO (H) 2.57, GW7 BHA (A) 2.46, GW8 NEW (H) 2.29, GW9 TOT (A) 2.3, GW10 LIV (H) 2.02, GW11 COV (A) 2.62, GW12 HUL (H) 2.2, GW13 CHE (A) 2.26, GW14 AVL (A) 2.27, GW15 MUN (H) 1.65, GW16 SUN (A) 1.97, GW17 ARS (H) 1.78, GW18 BOU (H) 1.96, GW19 BRE (A) 1.93, GW20 CHE (H) 2.17, GW21 LIV (A) 1.63, GW22 TOT (H) 1.82, GW23 HUL (A) 1.92, GW24 COV (H) 2.3, GW25 BRE (H) 1.99, GW26 BOU (A) 1.85, GW27 SUN (H) 1.88, GW28 ARS (A) 1.69, GW29 FUL (H) 2.02, GW30 IPS (A) 2.12, GW31 EVE (H) 2.02, GW32 MCI (A) 1.38, GW33 MUN (A) 1.52, GW34 AVL (H) 2.22, GW35 NFO (A) 1.78, GW36 BHA (H) 1.98, GW37 NEW (A) 1.69, GW38 LEE (H) 1.75"
Darío Osorio,MID,Crystal Palace,5.5,0.84,2.99,1.0,"NFO (H) 0.84, BHA (A) 0.86, NEW (H) 0.99, TOT (A) 1.22, LIV (H) 1.03","GW6 NFO (H) 0.84, GW7 BHA (A) 0.86, GW8 NEW (H) 0.99, GW9 TOT (A) 1.22, GW10 LIV (H) 1.03, GW11 COV (A) 1.55, GW12 HUL (H) 1.22, GW13 CHE (A) 1.31, GW14 AVL (A) 1.18, GW15 MUN (H) 1.04, GW16 SUN (A) 1.36, GW17 ARS (H) 0.88, GW18 BOU (H) 1.03, GW19 BRE (A) 1.02, GW20 CHE (H) 1.39, GW21 LIV (A) 1.07, GW22 TOT (H) 1.39, GW23 HUL (A) 1.23, GW24 COV (H) 1.52, GW25 BRE (H) 1.08, GW26 BOU (A) 0.97, GW27 SUN (H) 1.33, GW28 ARS (A) 0.85, GW29 FUL (H) 1.29, GW30 IPS (A) 1.47, GW31 EVE (H) 1.24, GW32 MCI (A) 1.06, GW33 MUN (A) 1.06, GW34 AVL (H) 1.26, GW35 NFO (A) 1.19, GW36 BHA (H) 1.08, GW37 NEW (A) 1.14, GW38 LEE (H) 1.11"
Christian Nørgaard,MID,Everton,4.8,0.19,0.82,0.0,"HUL (A) 0.19, CHE (H) 0.24, ARS (A) 0.26, NEW (A) 0.27, COV (H) 0.4","GW6 HUL (A) 0.19, GW7 CHE (H) 0.24, GW8 ARS (A) 0.26, GW9 NEW (A) 0.27, GW10 COV (H) 0.4, GW11 BRE (A) 0.34, GW12 LIV (H) 0.31, GW13 AVL (A) 0.51, GW14 FUL (H) 0.37, GW15 BHA (A) 0.34, GW16 NFO (A) 0.36, GW17 SUN (H) 0.31, GW18 MCI (H) 0.32, GW19 LEE (A) 0.34, GW20 AVL (H) 0.52, GW21 COV (A) 0.46, GW22 BRE (H) 0.36, GW23 LIV (A) 0.32, GW24 NEW (H) 0.33, GW25 LEE (H) 0.33, GW26 SUN (A) 0.34, GW27 NFO (H) 0.33, GW28 MCI (A) 0.31, GW29 MUN (A) 0.32, GW30 TOT (H) 0.36, GW31 CRY (A) 0.4, GW32 BOU (H) 0.35, GW33 BHA (H) 0.36, GW34 FUL (A) 0.35, GW35 HUL (H) 0.38, GW36 CHE (A) 0.41, GW37 ARS (H) 0.37, GW38 IPS (A) 0.38"
Brennan Johnson,MID,Everton,5.9,2.51,7.75,9.0,"HUL (A) 2.51, CHE (H) 2.44, ARS (A) 2.23, NEW (A) 2.22, COV (H) 2.41","GW6 HUL (A) 2.51, GW7 CHE (H) 2.44, GW8 ARS (A) 2.23, GW9 NEW (A) 2.22, GW10 COV (H) 2.41, GW11 BRE (A) 2.19, GW12 LIV (H) 2.11, GW13 AVL (A) 2.38, GW14 FUL (H) 2.25, GW15 BHA (A) 2.04, GW16 NFO (A) 2.08, GW17 SUN (H) 2.17, GW18 MCI (H) 1.94, GW19 LEE (A) 2.11, GW20 AVL (H) 2.37, GW21 COV (A) 2.35, GW22 BRE (H) 2.14, GW23 LIV (A) 2.01, GW24 NEW (H) 2.07, GW25 LEE (H) 2.12, GW26 SUN (A) 2.18, GW27 NFO (H) 2.06, GW28 MCI (A) 1.85, GW29 MUN (A) 1.94, GW30 TOT (H) 2.22, GW31 CRY (A) 2.27, GW32 BOU (H) 2.07, GW33 BHA (H) 2.14, GW34 FUL (A) 2.18, GW35 HUL (H) 2.18, GW36 CHE (A) 2.2, GW37 ARS (H) 2.03, GW38 IPS (A) 2.19"
Jordan Pickford,GK,Everton,5.5,4.74,13.72,25.0,"HUL (A) 4.74, CHE (H) 4.25, ARS (A) 3.03, NEW (A) 3.77, COV (H) 4.52","GW6 HUL (A) 4.74, GW7 CHE (H) 4.25, GW8 ARS (A) 3.03, GW9 NEW (A) 3.77, GW10 COV (H) 4.52, GW11 BRE (A) 3.28, GW12 LIV (H) 3.27, GW13 AVL (A) 3.26, GW14 FUL (H) 4.1, GW15 BHA (A) 2.58, GW16 NFO (A) 3.15, GW17 SUN (H) 4.13, GW18 MCI (H) 2.53, GW19 LEE (A) 2.75, GW20 AVL (H) 2.82, GW21 COV (A) 3.81, GW22 BRE (H) 2.74, GW23 LIV (A) 2.57, GW24 NEW (H) 3.07, GW25 LEE (H) 3.02, GW26 SUN (A) 3.87, GW27 NFO (H) 3.27, GW28 MCI (A) 1.75, GW29 MUN (A) 2.28, GW30 TOT (H) 3.82, GW31 CRY (A) 3.16, GW32 BOU (H) 2.45, GW33 BHA (H) 2.71, GW34 FUL (A) 3.18, GW35 HUL (H) 3.66, GW36 CHE (A) 3.05, GW37 ARS (H) 1.94, GW38 IPS (A) 3.29"
Mark Travers,GK,Everton,5.0,-0.12,-0.2,0.0,"HUL (A) -0.12, CHE (H) -0.05, ARS (A) -0.07, NEW (A) -0.07, COV (H) 0.07","GW6 HUL (A) -0.12, GW7 CHE (H) -0.05, GW8 ARS (A) -0.07, GW9 NEW (A) -0.07, GW10 COV (H) 0.07, GW11 BRE (A) -0.01, GW12 LIV (H) -0.0, GW13 AVL (A) 0.13, GW14 FUL (H) 0.08, GW15 BHA (A) 0.03, GW16 NFO (A) 0.06, GW17 SUN (H) 0.06, GW18 MCI (H) 0.05, GW19 LEE (A) 0.03, GW20 AVL (H) 0.22, GW21 COV (A) 0.16, GW22 BRE (H) 0.1, GW23 LIV (A) 0.03, GW24 NEW (H) 0.09, GW25 LEE (H) 0.07, GW26 SUN (A) 0.07, GW27 NFO (H) 0.09, GW28 MCI (A) 0.04, GW29 MUN (A) 0.03, GW30 TOT (H) 0.12, GW31 CRY (A) 0.11, GW32 BOU (H) 0.1, GW33 BHA (H) 0.1, GW34 FUL (A) 0.07, GW35 HUL (H) 0.11, GW36 CHE (A) 0.13, GW37 ARS (H) 0.13, GW38 IPS (A) 0.08"
Tom King,GK,Everton,4.5,0.03,0.29,0.0,"HUL (A) 0.03, CHE (H) 0.11, ARS (A) 0.09, NEW (A) 0.08, COV (H) 0.22","GW6 HUL (A) 0.03, GW7 CHE (H) 0.11, GW8 ARS (A) 0.09, GW9 NEW (A) 0.08, GW10 COV (H) 0.22, GW11 BRE (A) 0.14, GW12 LIV (H) 0.14, GW13 AVL (A) 0.31, GW14 FUL (H) 0.19, GW15 BHA (A) 0.15, GW16 NFO (A) 0.16, GW17 SUN (H) 0.16, GW18 MCI (H) 0.15, GW19 LEE (A) 0.14, GW20 AVL (H) 0.38, GW21 COV (A) 0.25, GW22 BRE (H) 0.21, GW23 LIV (A) 0.12, GW24 NEW (H) 0.18, GW25 LEE (H) 0.18, GW26 SUN (A) 0.15, GW27 NFO (H) 0.18, GW28 MCI (A) 0.11, GW29 MUN (A) 0.12, GW30 TOT (H) 0.2, GW31 CRY (A) 0.21, GW32 BOU (H) 0.2, GW33 BHA (H) 0.21, GW34 FUL (A) 0.15, GW35 HUL (H) 0.2, GW36 CHE (A) 0.21, GW37 ARS (H) 0.23, GW38 IPS (A) 0.17"
James Tarkowski,DEF,Everton,6.2,7.49,21.51,43.0,"HUL (A) 7.49, CHE (H) 7.86, ARS (A) 4.78, NEW (A) 5.27, COV (H) 6.02","GW6 HUL (A) 7.49, GW7 CHE (H) 7.86, GW8 ARS (A) 4.78, GW9 NEW (A) 5.27, GW10 COV (H) 6.02, GW11 BRE (A) 4.56, GW12 LIV (H) 4.66, GW13 AVL (A) 5.0, GW14 FUL (H) 5.13, GW15 BHA (A) 4.96, GW16 NFO (A) 4.64, GW17 SUN (H) 5.09, GW18 MCI (H) 3.85, GW19 LEE (A) 4.03, GW20 AVL (H) 4.08, GW21 COV (A) 5.24, GW22 BRE (H) 3.97, GW23 LIV (A) 4.06, GW24 NEW (H) 4.11, GW25 LEE (H) 4.19, GW26 SUN (A) 4.79, GW27 NFO (H) 4.6, GW28 MCI (A) 2.8, GW29 MUN (A) 3.62, GW30 TOT (H) 4.25, GW31 CRY (A) 4.99, GW32 BOU (H) 3.61, GW33 BHA (H) 4.71, GW34 FUL (A) 4.54, GW35 HUL (H) 4.45, GW36 CHE (A) 5.56, GW37 ARS (H) 3.17, GW38 IPS (A) 4.21"
Jarrad Branthwaite,DEF,Everton,5.5,5.14,14.68,27.0,"HUL (A) 5.14, CHE (H) 4.58, ARS (A) 3.31, NEW (A) 4.09, COV (H) 4.51","GW6 HUL (A) 5.14, GW7 CHE (H) 4.58, GW8 ARS (A) 3.31, GW9 NEW (A) 4.09, GW10 COV (H) 4.51, GW11 BRE (A) 3.62, GW12 LIV (H) 3.35, GW13 AVL (A) 3.41, GW14 FUL (H) 3.61, GW15 BHA (A) 2.6, GW16 NFO (A) 3.13, GW17 SUN (H) 3.76, GW18 MCI (H) 2.51, GW19 LEE (A) 2.78, GW20 AVL (H) 3.06, GW21 COV (A) 3.41, GW22 BRE (H) 2.82, GW23 LIV (A) 2.49, GW24 NEW (H) 2.88, GW25 LEE (H) 2.9, GW26 SUN (A) 3.59, GW27 NFO (H) 3.06, GW28 MCI (A) 1.86, GW29 MUN (A) 2.25, GW30 TOT (H) 3.38, GW31 CRY (A) 2.98, GW32 BOU (H) 2.55, GW33 BHA (H) 2.78, GW34 FUL (A) 2.91, GW35 HUL (H) 3.03, GW36 CHE (A) 2.75, GW37 ARS (H) 1.97, GW38 IPS (A) 2.87"
Michael Keane,DEF,Everton,4.8,0.22,1.11,0.0,"HUL (A) 0.22, CHE (H) 0.28, ARS (A) 0.34, NEW (A) 0.41, COV (H) 0.67","GW6 HUL (A) 0.22, GW7 CHE (H) 0.28, GW8 ARS (A) 0.34, GW9 NEW (A) 0.41, GW10 COV (H) 0.67, GW11 BRE (A) 0.55, GW12 LIV (H) 0.55, GW13 AVL (A) 0.77, GW14 FUL (H) 0.75, GW15 BHA (A) 0.64, GW16 NFO (A) 0.62, GW17 SUN (H) 0.67, GW18 MCI (H) 0.6, GW19 LEE (A) 0.64, GW20 AVL (H) 0.84, GW21 COV (A) 0.87, GW22 BRE (H) 0.68, GW23 LIV (A) 0.63, GW24 NEW (H) 0.63, GW25 LEE (H) 0.65, GW26 SUN (A) 0.72, GW27 NFO (H) 0.63, GW28 MCI (A) 0.6, GW29 MUN (A) 0.61, GW30 TOT (H) 0.78, GW31 CRY (A) 0.75, GW32 BOU (H) 0.68, GW33 BHA (H) 0.71, GW34 FUL (A) 0.7, GW35 HUL (H) 0.8, GW36 CHE (A) 0.76, GW37 ARS (H) 0.67, GW38 IPS (A) 0.78"
Jake O'Brien,DEF,Everton,4.8,0.75,2.9,2.0,"HUL (A) 0.75, CHE (H) 0.93, ARS (A) 0.92, NEW (A) 0.91, COV (H) 1.19","GW6 HUL (A) 0.75, GW7 CHE (H) 0.93, GW8 ARS (A) 0.92, GW9 NEW (A) 0.91, GW10 COV (H) 1.19, GW11 BRE (A) 1.05, GW12 LIV (H) 1.04, GW13 AVL (A) 1.27, GW14 FUL (H) 1.2, GW15 BHA (A) 1.1, GW16 NFO (A) 1.06, GW17 SUN (H) 1.11, GW18 MCI (H) 1.08, GW19 LEE (A) 1.08, GW20 AVL (H) 1.39, GW21 COV (A) 1.32, GW22 BRE (H) 1.2, GW23 LIV (A) 1.06, GW24 NEW (H) 1.12, GW25 LEE (H) 1.14, GW26 SUN (A) 1.11, GW27 NFO (H) 1.12, GW28 MCI (A) 1.03, GW29 MUN (A) 1.05, GW30 TOT (H) 1.21, GW31 CRY (A) 1.27, GW32 BOU (H) 1.18, GW33 BHA (H) 1.21, GW34 FUL (A) 1.18, GW35 HUL (H) 1.22, GW36 CHE (A) 1.27, GW37 ARS (H) 1.22, GW38 IPS (A) 1.15"
Vitalii Mykolenko,DEF,Everton,4.6,4.36,12.45,27.0,"HUL (A) 4.36, CHE (H) 3.79, ARS (A) 2.79, NEW (A) 3.26, COV (H) 4.17","GW6 HUL (A) 4.36, GW7 CHE (H) 3.79, GW8 ARS (A) 2.79, GW9 NEW (A) 3.26, GW10 COV (H) 4.17, GW11 BRE (A) 3.09, GW12 LIV (H) 2.57, GW13 AVL (A) 2.86, GW14 FUL (H) 3.81, GW15 BHA (A) 2.3, GW16 NFO (A) 2.99, GW17 SUN (H) 3.78, GW18 MCI (H) 1.82, GW19 LEE (A) 2.3, GW20 AVL (H) 2.65, GW21 COV (A) 3.56, GW22 BRE (H) 2.63, GW23 LIV (A) 1.95, GW24 NEW (H) 2.44, GW25 LEE (H) 2.38, GW26 SUN (A) 3.72, GW27 NFO (H) 2.96, GW28 MCI (A) 1.17, GW29 MUN (A) 1.59, GW30 TOT (H) 3.35, GW31 CRY (A) 2.86, GW32 BOU (H) 2.37, GW33 BHA (H) 2.6, GW34 FUL (A) 3.06, GW35 HUL (H) 3.05, GW36 CHE (A) 2.59, GW37 ARS (H) 2.15, GW38 IPS (A) 2.93"
Nathan Patterson,DEF,Everton,4.5,0.16,0.58,0.0,"HUL (A) 0.16, CHE (H) 0.2, ARS (A) 0.16, NEW (A) 0.15, COV (H) 0.25","GW6 HUL (A) 0.16, GW7 CHE (H) 0.2, GW8 ARS (A) 0.16, GW9 NEW (A) 0.15, GW10 COV (H) 0.25, GW11 BRE (A) 0.15, GW12 LIV (H) 0.14, GW13 AVL (A) 0.28, GW14 FUL (H) 0.17, GW15 BHA (A) 0.1, GW16 NFO (A) 0.12, GW17 SUN (H) 0.11, GW18 MCI (H) 0.1, GW19 LEE (A) 0.09, GW20 AVL (H) 0.29, GW21 COV (A) 0.18, GW22 BRE (H) 0.12, GW23 LIV (A) 0.06, GW24 NEW (H) 0.11, GW25 LEE (H) 0.11, GW26 SUN (A) 0.09, GW27 NFO (H) 0.1, GW28 MCI (A) 0.05, GW29 MUN (A) 0.06, GW30 TOT (H) 0.12, GW31 CRY (A) 0.13, GW32 BOU (H) 0.11, GW33 BHA (H) 0.12, GW34 FUL (A) 0.08, GW35 HUL (H) 0.14, GW36 CHE (A) 0.13, GW37 ARS (H) 0.13, GW38 IPS (A) 0.11"
Adam Aznou,DEF,Everton,4.0,0.1,0.44,0.0,"HUL (A) 0.1, CHE (H) 0.13, ARS (A) 0.1, NEW (A) 0.11, COV (H) 0.28","GW6 HUL (A) 0.1, GW7 CHE (H) 0.13, GW8 ARS (A) 0.1, GW9 NEW (A) 0.11, GW10 COV (H) 0.28, GW11 BRE (A) 0.17, GW12 LIV (H) 0.15, GW13 AVL (A) 0.32, GW14 FUL (H) 0.23, GW15 BHA (A) 0.14, GW16 NFO (A) 0.15, GW17 SUN (H) 0.17, GW18 MCI (H) 0.12, GW19 LEE (A) 0.14, GW20 AVL (H) 0.33, GW21 COV (A) 0.28, GW22 BRE (H) 0.17, GW23 LIV (A) 0.12, GW24 NEW (H) 0.13, GW25 LEE (H) 0.15, GW26 SUN (A) 0.18, GW27 NFO (H) 0.13, GW28 MCI (A) 0.09, GW29 MUN (A) 0.1, GW30 TOT (H) 0.23, GW31 CRY (A) 0.21, GW32 BOU (H) 0.16, GW33 BHA (H) 0.16, GW34 FUL (A) 0.15, GW35 HUL (H) 0.21, GW36 CHE (A) 0.21, GW37 ARS (H) 0.18, GW38 IPS (A) 0.2"
Kiernan Dewsbury-Hall,MID,Everton,6.6,2.97,9.98,20.0,"HUL (A) 2.97, CHE (H) 3.02, ARS (A) 2.49, NEW (A) 3.27, COV (H) 3.76","GW6 HUL (A) 2.97, GW7 CHE (H) 3.02, GW8 ARS (A) 2.49, GW9 NEW (A) 3.27, GW10 COV (H) 3.76, GW11 BRE (A) 3.02, GW12 LIV (H) 3.25, GW13 AVL (A) 2.99, GW14 FUL (H) 3.59, GW15 BHA (A) 2.93, GW16 NFO (A) 3.66, GW17 SUN (H) 4.44, GW18 MCI (H) 3.1, GW19 LEE (A) 3.57, GW20 AVL (H) 3.04, GW21 COV (A) 4.03, GW22 BRE (H) 3.12, GW23 LIV (A) 3.46, GW24 NEW (H) 3.68, GW25 LEE (H) 3.62, GW26 SUN (A) 4.54, GW27 NFO (H) 3.67, GW28 MCI (A) 2.96, GW29 MUN (A) 3.39, GW30 TOT (H) 3.64, GW31 CRY (A) 3.88, GW32 BOU (H) 2.95, GW33 BHA (H) 3.14, GW34 FUL (A) 3.73, GW35 HUL (H) 3.54, GW36 CHE (A) 3.61, GW37 ARS (H) 2.85, GW38 IPS (A) 3.59"
Jack Grealish,MID,Everton,6.5,1.76,5.86,6.0,"HUL (A) 1.76, CHE (H) 1.87, ARS (A) 1.76, NEW (A) 1.69, COV (H) 2.05","GW6 HUL (A) 1.76, GW7 CHE (H) 1.87, GW8 ARS (A) 1.76, GW9 NEW (A) 1.69, GW10 COV (H) 2.05, GW11 BRE (A) 1.64, GW12 LIV (H) 1.62, GW13 AVL (A) 1.82, GW14 FUL (H) 1.81, GW15 BHA (A) 1.47, GW16 NFO (A) 1.58, GW17 SUN (H) 1.72, GW18 MCI (H) 1.45, GW19 LEE (A) 1.6, GW20 AVL (H) 1.82, GW21 COV (A) 1.99, GW22 BRE (H) 1.59, GW23 LIV (A) 1.49, GW24 NEW (H) 1.58, GW25 LEE (H) 1.64, GW26 SUN (A) 1.69, GW27 NFO (H) 1.58, GW28 MCI (A) 1.33, GW29 MUN (A) 1.41, GW30 TOT (H) 1.75, GW31 CRY (A) 1.9, GW32 BOU (H) 1.52, GW33 BHA (H) 1.58, GW34 FUL (A) 1.69, GW35 HUL (H) 1.65, GW36 CHE (A) 1.67, GW37 ARS (H) 1.68, GW38 IPS (A) 1.63"
James Garner,MID,Everton,6.0,2.91,8.5,11.0,"HUL (A) 2.91, CHE (H) 2.75, ARS (A) 2.03, NEW (A) 2.35, COV (H) 2.57","GW6 HUL (A) 2.91, GW7 CHE (H) 2.75, GW8 ARS (A) 2.03, GW9 NEW (A) 2.35, GW10 COV (H) 2.57, GW11 BRE (A) 2.06, GW12 LIV (H) 2.08, GW13 AVL (A) 2.15, GW14 FUL (H) 2.3, GW15 BHA (A) 1.64, GW16 NFO (A) 1.87, GW17 SUN (H) 1.91, GW18 MCI (H) 1.65, GW19 LEE (A) 1.83, GW20 AVL (H) 1.98, GW21 COV (A) 2.14, GW22 BRE (H) 1.76, GW23 LIV (A) 1.69, GW24 NEW (H) 1.81, GW25 LEE (H) 1.89, GW26 SUN (A) 1.87, GW27 NFO (H) 1.79, GW28 MCI (A) 1.19, GW29 MUN (A) 1.57, GW30 TOT (H) 1.91, GW31 CRY (A) 2.01, GW32 BOU (H) 1.67, GW33 BHA (H) 1.74, GW34 FUL (A) 1.92, GW35 HUL (H) 1.95, GW36 CHE (A) 1.91, GW37 ARS (H) 1.48, GW38 IPS (A) 1.89"
Tyrique George,MID,Everton,5.5,4.54,12.7,19.0,"HUL (A) 4.54, CHE (H) 3.88, ARS (A) 2.95, NEW (A) 3.5, COV (H) 3.76","GW6 HUL (A) 4.54, GW7 CHE (H) 3.88, GW8 ARS (A) 2.95, GW9 NEW (A) 3.5, GW10 COV (H) 3.76, GW11 BRE (A) 3.08, GW12 LIV (H) 3.33, GW13 AVL (A) 2.99, GW14 FUL (H) 3.49, GW15 BHA (A) 2.7, GW16 NFO (A) 2.93, GW17 SUN (H) 3.79, GW18 MCI (H) 2.75, GW19 LEE (A) 2.92, GW20 AVL (H) 2.83, GW21 COV (A) 3.25, GW22 BRE (H) 2.73, GW23 LIV (A) 2.86, GW24 NEW (H) 2.92, GW25 LEE (H) 3.0, GW26 SUN (A) 3.68, GW27 NFO (H) 2.92, GW28 MCI (A) 2.27, GW29 MUN (A) 2.58, GW30 TOT (H) 3.55, GW31 CRY (A) 2.93, GW32 BOU (H) 2.51, GW33 BHA (H) 2.71, GW34 FUL (A) 3.01, GW35 HUL (H) 3.08, GW36 CHE (A) 2.92, GW37 ARS (H) 2.22, GW38 IPS (A) 3.0"
Carlos Alcaraz Durán,MID,Everton,4.9,0.49,2.1,1.0,"HUL (A) 0.49, CHE (H) 0.62, ARS (A) 0.69, NEW (A) 0.75, COV (H) 0.95","GW6 HUL (A) 0.49, GW7 CHE (H) 0.62, GW8 ARS (A) 0.69, GW9 NEW (A) 0.75, GW10 COV (H) 0.95, GW11 BRE (A) 0.84, GW12 LIV (H) 0.86, GW13 AVL (A) 1.07, GW14 FUL (H) 0.98, GW15 BHA (A) 0.91, GW16 NFO (A) 0.95, GW17 SUN (H) 0.84, GW18 MCI (H) 0.94, GW19 LEE (A) 0.95, GW20 AVL (H) 1.17, GW21 COV (A) 1.13, GW22 BRE (H) 0.99, GW23 LIV (A) 0.95, GW24 NEW (H) 0.98, GW25 LEE (H) 0.98, GW26 SUN (A) 0.88, GW27 NFO (H) 0.98, GW28 MCI (A) 0.94, GW29 MUN (A) 0.95, GW30 TOT (H) 0.95, GW31 CRY (A) 1.06, GW32 BOU (H) 0.97, GW33 BHA (H) 1.0, GW34 FUL (A) 0.98, GW35 HUL (H) 1.06, GW36 CHE (A) 1.07, GW37 ARS (H) 1.01, GW38 IPS (A) 1.04"
Harrison Armstrong,MID,Everton,5.0,2.09,6.41,16.0,"HUL (A) 2.09, CHE (H) 2.1, ARS (A) 1.66, NEW (A) 1.79, COV (H) 2.05","GW6 HUL (A) 2.09, GW7 CHE (H) 2.1, GW8 ARS (A) 1.66, GW9 NEW (A) 1.79, GW10 COV (H) 2.05, GW11 BRE (A) 1.75, GW12 LIV (H) 1.66, GW13 AVL (A) 1.89, GW14 FUL (H) 1.87, GW15 BHA (A) 1.44, GW16 NFO (A) 1.66, GW17 SUN (H) 1.76, GW18 MCI (H) 1.44, GW19 LEE (A) 1.47, GW20 AVL (H) 1.88, GW21 COV (A) 1.76, GW22 BRE (H) 1.62, GW23 LIV (A) 1.37, GW24 NEW (H) 1.54, GW25 LEE (H) 1.58, GW26 SUN (A) 1.72, GW27 NFO (H) 1.67, GW28 MCI (A) 1.11, GW29 MUN (A) 1.32, GW30 TOT (H) 1.7, GW31 CRY (A) 1.72, GW32 BOU (H) 1.59, GW33 BHA (H) 1.61, GW34 FUL (A) 1.59, GW35 HUL (H) 1.59, GW36 CHE (A) 1.65, GW37 ARS (H) 1.33, GW38 IPS (A) 1.48"
Tyler Dibling,MID,Everton,5.4,0.57,2.27,1.0,"HUL (A) 0.57, CHE (H) 0.69, ARS (A) 0.69, NEW (A) 0.75, COV (H) 1.01","GW6 HUL (A) 0.57, GW7 CHE (H) 0.69, GW8 ARS (A) 0.69, GW9 NEW (A) 0.75, GW10 COV (H) 1.01, GW11 BRE (A) 0.84, GW12 LIV (H) 0.87, GW13 AVL (A) 1.07, GW14 FUL (H) 1.06, GW15 BHA (A) 0.9, GW16 NFO (A) 0.95, GW17 SUN (H) 1.0, GW18 MCI (H) 0.96, GW19 LEE (A) 0.95, GW20 AVL (H) 1.21, GW21 COV (A) 1.19, GW22 BRE (H) 1.02, GW23 LIV (A) 0.93, GW24 NEW (H) 1.01, GW25 LEE (H) 1.02, GW26 SUN (A) 1.02, GW27 NFO (H) 1.02, GW28 MCI (A) 0.93, GW29 MUN (A) 0.94, GW30 TOT (H) 1.17, GW31 CRY (A) 1.06, GW32 BOU (H) 1.0, GW33 BHA (H) 1.03, GW34 FUL (A) 0.98, GW35 HUL (H) 1.15, GW36 CHE (A) 1.05, GW37 ARS (H) 1.02, GW38 IPS (A) 1.1"
Merlin Röhl,MID,Everton,4.9,0.43,2.04,6.0,"HUL (A) 0.43, CHE (H) 0.61, ARS (A) 0.65, NEW (A) 0.78, COV (H) 0.99","GW6 HUL (A) 0.43, GW7 CHE (H) 0.61, GW8 ARS (A) 0.65, GW9 NEW (A) 0.78, GW10 COV (H) 0.99, GW11 BRE (A) 0.88, GW12 LIV (H) 0.92, GW13 AVL (A) 1.13, GW14 FUL (H) 1.07, GW15 BHA (A) 0.96, GW16 NFO (A) 1.06, GW17 SUN (H) 1.02, GW18 MCI (H) 1.02, GW19 LEE (A) 1.04, GW20 AVL (H) 1.29, GW21 COV (A) 1.21, GW22 BRE (H) 1.11, GW23 LIV (A) 1.02, GW24 NEW (H) 1.14, GW25 LEE (H) 1.11, GW26 SUN (A) 1.04, GW27 NFO (H) 1.14, GW28 MCI (A) 0.98, GW29 MUN (A) 1.06, GW30 TOT (H) 1.11, GW31 CRY (A) 1.16, GW32 BOU (H) 1.1, GW33 BHA (H) 1.13, GW34 FUL (A) 1.08, GW35 HUL (H) 1.18, GW36 CHE (A) 1.14, GW37 ARS (H) 1.11, GW38 IPS (A) 1.13"
Hayden Hackney,MID,Everton,5.4,1.95,6.13,10.0,"HUL (A) 1.95, CHE (H) 2.02, ARS (A) 1.58, NEW (A) 1.73, COV (H) 2.04","GW6 HUL (A) 1.95, GW7 CHE (H) 2.02, GW8 ARS (A) 1.58, GW9 NEW (A) 1.73, GW10 COV (H) 2.04, GW11 BRE (A) 1.74, GW12 LIV (H) 1.71, GW13 AVL (A) 1.87, GW14 FUL (H) 1.8, GW15 BHA (A) 1.64, GW16 NFO (A) 1.62, GW17 SUN (H) 1.68, GW18 MCI (H) 1.57, GW19 LEE (A) 1.59, GW20 AVL (H) 1.92, GW21 COV (A) 1.97, GW22 BRE (H) 1.72, GW23 LIV (A) 1.53, GW24 NEW (H) 1.61, GW25 LEE (H) 1.67, GW26 SUN (A) 1.63, GW27 NFO (H) 1.61, GW28 MCI (A) 1.4, GW29 MUN (A) 1.47, GW30 TOT (H) 1.68, GW31 CRY (A) 1.78, GW32 BOU (H) 1.68, GW33 BHA (H) 1.72, GW34 FUL (A) 1.64, GW35 HUL (H) 1.74, GW36 CHE (A) 1.78, GW37 ARS (H) 1.36, GW38 IPS (A) 1.77"
Norberto Bercique Gomes Betuncal,FWD,Everton,5.4,0.54,2.54,2.0,"HUL (A) 0.54, CHE (H) 0.74, ARS (A) 0.75, NEW (A) 0.99, COV (H) 1.26","GW6 HUL (A) 0.54, GW7 CHE (H) 0.74, GW8 ARS (A) 0.75, GW9 NEW (A) 0.99, GW10 COV (H) 1.26, GW11 BRE (A) 1.1, GW12 LIV (H) 1.22, GW13 AVL (A) 1.38, GW14 FUL (H) 1.39, GW15 BHA (A) 1.25, GW16 NFO (A) 1.34, GW17 SUN (H) 1.41, GW18 MCI (H) 1.34, GW19 LEE (A) 1.37, GW20 AVL (H) 1.53, GW21 COV (A) 1.58, GW22 BRE (H) 1.34, GW23 LIV (A) 1.38, GW24 NEW (H) 1.39, GW25 LEE (H) 1.42, GW26 SUN (A) 1.47, GW27 NFO (H) 1.4, GW28 MCI (A) 1.35, GW29 MUN (A) 1.36, GW30 TOT (H) 1.52, GW31 CRY (A) 1.5, GW32 BOU (H) 1.33, GW33 BHA (H) 1.38, GW34 FUL (A) 1.41, GW35 HUL (H) 1.5, GW36 CHE (A) 1.5, GW37 ARS (H) 1.27, GW38 IPS (A) 1.5"
Thierno Barry,FWD,Everton,5.7,3.42,10.58,20.0,"HUL (A) 3.42, CHE (H) 3.28, ARS (A) 2.84, NEW (A) 3.08, COV (H) 3.47","GW6 HUL (A) 3.42, GW7 CHE (H) 3.28, GW8 ARS (A) 2.84, GW9 NEW (A) 3.08, GW10 COV (H) 3.47, GW11 BRE (A) 2.6, GW12 LIV (H) 2.81, GW13 AVL (A) 3.35, GW14 FUL (H) 3.43, GW15 BHA (A) 2.19, GW16 NFO (A) 2.87, GW17 SUN (H) 3.92, GW18 MCI (H) 2.37, GW19 LEE (A) 2.78, GW20 AVL (H) 3.5, GW21 COV (A) 3.22, GW22 BRE (H) 2.52, GW23 LIV (A) 2.54, GW24 NEW (H) 2.93, GW25 LEE (H) 2.94, GW26 SUN (A) 3.72, GW27 NFO (H) 2.93, GW28 MCI (A) 2.78, GW29 MUN (A) 2.32, GW30 TOT (H) 3.44, GW31 CRY (A) 2.97, GW32 BOU (H) 2.35, GW33 BHA (H) 2.51, GW34 FUL (A) 3.02, GW35 HUL (H) 3.11, GW36 CHE (A) 2.76, GW37 ARS (H) 1.98, GW38 IPS (A) 3.01"
Ainsley Maitland-Niles,DEF,Everton,4.5,4.48,12.16,21.0,"HUL (A) 4.48, CHE (H) 4.1, ARS (A) 2.84, NEW (A) 3.06, COV (H) 3.06","GW6 HUL (A) 4.48, GW7 CHE (H) 4.1, GW8 ARS (A) 2.84, GW9 NEW (A) 3.06, GW10 COV (H) 3.06, GW11 BRE (A) 2.42, GW12 LIV (H) 2.32, GW13 AVL (A) 2.2, GW14 FUL (H) 2.03, GW15 BHA (A) 1.69, GW16 NFO (A) 1.94, GW17 SUN (H) 1.88, GW18 MCI (H) 1.44, GW19 LEE (A) 1.61, GW20 AVL (H) 1.74, GW21 COV (A) 2.13, GW22 BRE (H) 1.5, GW23 LIV (A) 1.48, GW24 NEW (H) 1.49, GW25 LEE (H) 1.57, GW26 SUN (A) 1.69, GW27 NFO (H) 1.68, GW28 MCI (A) 1.0, GW29 MUN (A) 1.21, GW30 TOT (H) 1.51, GW31 CRY (A) 1.67, GW32 BOU (H) 1.27, GW33 BHA (H) 1.42, GW34 FUL (A) 1.54, GW35 HUL (H) 1.52, GW36 CHE (A) 1.68, GW37 ARS (H) 0.97, GW38 IPS (A) 1.45"
Braiden Graham,MID,Everton,4.5,-0.02,0.02,0.0,"HUL (A) -0.02, CHE (H) 0.03, ARS (A) -0.0, NEW (A) -0.04, COV (H) 0.1","GW6 HUL (A) -0.02, GW7 CHE (H) 0.03, GW8 ARS (A) -0.0, GW9 NEW (A) -0.04, GW10 COV (H) 0.1, GW11 BRE (A) -0.01, GW12 LIV (H) -0.0, GW13 AVL (A) 0.13, GW14 FUL (H) 0.06, GW15 BHA (A) -0.01, GW16 NFO (A) -0.0, GW17 SUN (H) -0.0, GW18 MCI (H) -0.02, GW19 LEE (A) -0.01, GW20 AVL (H) 0.15, GW21 COV (A) 0.13, GW22 BRE (H) -0.0, GW23 LIV (A) -0.01, GW24 NEW (H) -0.02, GW25 LEE (H) 0.0, GW26 SUN (A) 0.02, GW27 NFO (H) -0.02, GW28 MCI (A) -0.03, GW29 MUN (A) -0.03, GW30 TOT (H) 0.05, GW31 CRY (A) 0.07, GW32 BOU (H) -0.01, GW33 BHA (H) -0.0, GW34 FUL (A) 0.03, GW35 HUL (H) 0.04, GW36 CHE (A) 0.09, GW37 ARS (H) 0.05, GW38 IPS (A) 0.03"
Bernd Leno,GK,Fulham,4.5,4.05,15.04,18.0,"IPS (A) 4.05, HUL (H) 3.99, COV (A) 4.07, AVL (A) 3.6, NEW (H) 3.36","GW6 IPS (A) 4.05, GW7 HUL (H) 3.99, GW8 COV (A) 4.07, GW9 AVL (A) 3.6, GW10 NEW (H) 3.36, GW11 MCI (A) 2.36, GW12 BOU (H) 2.99, GW13 TOT (A) 3.73, GW14 EVE (A) 3.28, GW15 BRE (H) 3.02, GW16 LEE (A) 2.74, GW17 BHA (H) 2.98, GW18 ARS (H) 2.13, GW19 NFO (A) 3.09, GW20 TOT (H) 3.29, GW21 NEW (A) 2.7, GW22 AVL (H) 2.99, GW23 BOU (A) 2.59, GW24 MCI (H) 2.29, GW25 NFO (H) 3.11, GW26 ARS (A) 1.66, GW27 LEE (H) 2.79, GW28 BHA (A) 2.58, GW29 CRY (A) 3.13, GW30 LIV (H) 2.55, GW31 CHE (A) 3.02, GW32 SUN (H) 3.49, GW33 BRE (A) 2.77, GW34 EVE (H) 3.18, GW35 IPS (H) 3.09, GW36 HUL (A) 2.93, GW37 COV (H) 3.44, GW38 MUN (A) 2.16"
Benjamin Lecomte,GK,Fulham,4.0,0.02,0.28,0.0,"IPS (A) 0.02, HUL (H) 0.04, COV (A) 0.16, AVL (A) 0.17, NEW (H) 0.03","GW6 IPS (A) 0.02, GW7 HUL (H) 0.04, GW8 COV (A) 0.16, GW9 AVL (A) 0.17, GW10 NEW (H) 0.03, GW11 MCI (A) -0.01, GW12 BOU (H) 0.06, GW13 TOT (A) 0.09, GW14 EVE (A) 0.12, GW15 BRE (H) 0.07, GW16 LEE (A) 0.06, GW17 BHA (H) 0.07, GW18 ARS (H) 0.06, GW19 NFO (A) 0.06, GW20 TOT (H) 0.11, GW21 NEW (A) 0.04, GW22 AVL (H) 0.27, GW23 BOU (A) 0.05, GW24 MCI (H) 0.01, GW25 NFO (H) 0.05, GW26 ARS (A) 0.04, GW27 LEE (H) 0.07, GW28 BHA (A) 0.02, GW29 CRY (A) 0.19, GW30 LIV (H) 0.03, GW31 CHE (A) 0.17, GW32 SUN (H) 0.06, GW33 BRE (A) 0.06, GW34 EVE (H) 0.14, GW35 IPS (H) 0.15, GW36 HUL (A) 0.13, GW37 COV (H) 0.3, GW38 MUN (A) -0.0"
Alfie McNally,GK,Fulham,4.0,0.04,0.34,0.0,"IPS (A) 0.04, HUL (H) 0.06, COV (A) 0.13, AVL (A) 0.2, NEW (H) 0.07","GW6 IPS (A) 0.04, GW7 HUL (H) 0.06, GW8 COV (A) 0.13, GW9 AVL (A) 0.2, GW10 NEW (H) 0.07, GW11 MCI (A) 0.05, GW12 BOU (H) 0.1, GW13 TOT (A) 0.1, GW14 EVE (A) 0.1, GW15 BRE (H) 0.11, GW16 LEE (A) 0.08, GW17 BHA (H) 0.11, GW18 ARS (H) 0.13, GW19 NFO (A) 0.09, GW20 TOT (H) 0.11, GW21 NEW (A) 0.06, GW22 AVL (H) 0.28, GW23 BOU (A) 0.09, GW24 MCI (H) 0.06, GW25 NFO (H) 0.07, GW26 ARS (A) 0.1, GW27 LEE (H) 0.1, GW28 BHA (A) 0.08, GW29 CRY (A) 0.15, GW30 LIV (H) 0.08, GW31 CHE (A) 0.16, GW32 SUN (H) 0.06, GW33 BRE (A) 0.1, GW34 EVE (H) 0.11, GW35 IPS (H) 0.14, GW36 HUL (A) 0.12, GW37 COV (H) 0.23, GW38 MUN (A) 0.04"
Joachim Andersen,DEF,Fulham,5.0,1.2,5.3,3.0,"IPS (A) 1.2, HUL (H) 1.33, COV (A) 1.57, AVL (A) 1.57, NEW (H) 1.41","GW6 IPS (A) 1.2, GW7 HUL (H) 1.33, GW8 COV (A) 1.57, GW9 AVL (A) 1.57, GW10 NEW (H) 1.41, GW11 MCI (A) 1.36, GW12 BOU (H) 1.47, GW13 TOT (A) 1.5, GW14 EVE (A) 1.55, GW15 BRE (H) 1.52, GW16 LEE (A) 1.45, GW17 BHA (H) 1.53, GW18 ARS (H) 1.55, GW19 NFO (A) 1.45, GW20 TOT (H) 1.54, GW21 NEW (A) 1.43, GW22 AVL (H) 1.76, GW23 BOU (A) 1.46, GW24 MCI (H) 1.45, GW25 NFO (H) 1.48, GW26 ARS (A) 1.5, GW27 LEE (H) 1.52, GW28 BHA (A) 1.45, GW29 CRY (A) 1.67, GW30 LIV (H) 1.48, GW31 CHE (A) 1.65, GW32 SUN (H) 1.49, GW33 BRE (A) 1.49, GW34 EVE (H) 1.63, GW35 IPS (H) 1.63, GW36 HUL (A) 1.56, GW37 COV (H) 1.84, GW38 MUN (A) 1.39"
Antonee Robinson,DEF,Fulham,4.5,3.24,12.34,12.0,"IPS (A) 3.24, HUL (H) 3.19, COV (A) 3.29, AVL (A) 3.18, NEW (H) 3.01","GW6 IPS (A) 3.24, GW7 HUL (H) 3.19, GW8 COV (A) 3.29, GW9 AVL (A) 3.18, GW10 NEW (H) 3.01, GW11 MCI (A) 2.55, GW12 BOU (H) 3.08, GW13 TOT (A) 3.38, GW14 EVE (A) 3.25, GW15 BRE (H) 3.12, GW16 LEE (A) 3.13, GW17 BHA (H) 3.14, GW18 ARS (H) 2.74, GW19 NFO (A) 3.29, GW20 TOT (H) 3.09, GW21 NEW (A) 3.02, GW22 AVL (H) 3.31, GW23 BOU (A) 3.08, GW24 MCI (H) 2.82, GW25 NFO (H) 3.26, GW26 ARS (A) 2.53, GW27 LEE (H) 3.21, GW28 BHA (A) 2.92, GW29 CRY (A) 3.41, GW30 LIV (H) 2.98, GW31 CHE (A) 3.24, GW32 SUN (H) 3.46, GW33 BRE (A) 3.12, GW34 EVE (H) 3.37, GW35 IPS (H) 3.27, GW36 HUL (A) 3.23, GW37 COV (H) 3.47, GW38 MUN (A) 2.81"
Jorge Cuenca Barreno,DEF,Fulham,4.5,0.28,1.62,3.0,"IPS (A) 0.28, HUL (H) 0.38, COV (A) 0.51, AVL (A) 0.59, NEW (H) 0.54","GW6 IPS (A) 0.28, GW7 HUL (H) 0.38, GW8 COV (A) 0.51, GW9 AVL (A) 0.59, GW10 NEW (H) 0.54, GW11 MCI (A) 0.53, GW12 BOU (H) 0.58, GW13 TOT (A) 0.6, GW14 EVE (A) 0.59, GW15 BRE (H) 0.65, GW16 LEE (A) 0.6, GW17 BHA (H) 0.67, GW18 ARS (H) 0.69, GW19 NFO (A) 0.65, GW20 TOT (H) 0.69, GW21 NEW (A) 0.63, GW22 AVL (H) 0.84, GW23 BOU (A) 0.61, GW24 MCI (H) 0.68, GW25 NFO (H) 0.68, GW26 ARS (A) 0.67, GW27 LEE (H) 0.68, GW28 BHA (A) 0.64, GW29 CRY (A) 0.73, GW30 LIV (H) 0.68, GW31 CHE (A) 0.75, GW32 SUN (H) 0.66, GW33 BRE (A) 0.65, GW34 EVE (H) 0.69, GW35 IPS (H) 0.73, GW36 HUL (A) 0.68, GW37 COV (H) 0.83, GW38 MUN (A) 0.63"
Kenny Tete,DEF,Fulham,4.4,0.22,1.04,0.0,"IPS (A) 0.22, HUL (H) 0.25, COV (A) 0.31, AVL (A) 0.37, NEW (H) 0.26","GW6 IPS (A) 0.22, GW7 HUL (H) 0.25, GW8 COV (A) 0.31, GW9 AVL (A) 0.37, GW10 NEW (H) 0.26, GW11 MCI (A) 0.21, GW12 BOU (H) 0.29, GW13 TOT (A) 0.31, GW14 EVE (A) 0.25, GW15 BRE (H) 0.29, GW16 LEE (A) 0.22, GW17 BHA (H) 0.28, GW18 ARS (H) 0.29, GW19 NFO (A) 0.22, GW20 TOT (H) 0.35, GW21 NEW (A) 0.19, GW22 AVL (H) 0.44, GW23 BOU (A) 0.23, GW24 MCI (H) 0.21, GW25 NFO (H) 0.22, GW26 ARS (A) 0.24, GW27 LEE (H) 0.24, GW28 BHA (A) 0.22, GW29 CRY (A) 0.28, GW30 LIV (H) 0.23, GW31 CHE (A) 0.28, GW32 SUN (H) 0.27, GW33 BRE (A) 0.23, GW34 EVE (H) 0.26, GW35 IPS (H) 0.3, GW36 HUL (A) 0.25, GW37 COV (H) 0.39, GW38 MUN (A) 0.17"
Calvin Bassey,DEF,Fulham,4.5,3.76,13.93,15.0,"IPS (A) 3.76, HUL (H) 3.72, COV (A) 3.75, AVL (A) 3.38, NEW (H) 3.03","GW6 IPS (A) 3.76, GW7 HUL (H) 3.72, GW8 COV (A) 3.75, GW9 AVL (A) 3.38, GW10 NEW (H) 3.03, GW11 MCI (A) 2.14, GW12 BOU (H) 2.87, GW13 TOT (A) 3.11, GW14 EVE (A) 2.9, GW15 BRE (H) 2.96, GW16 LEE (A) 2.54, GW17 BHA (H) 2.92, GW18 ARS (H) 2.38, GW19 NFO (A) 2.89, GW20 TOT (H) 2.91, GW21 NEW (A) 2.5, GW22 AVL (H) 2.93, GW23 BOU (A) 2.56, GW24 MCI (H) 2.16, GW25 NFO (H) 2.91, GW26 ARS (A) 1.92, GW27 LEE (H) 2.6, GW28 BHA (A) 2.58, GW29 CRY (A) 2.92, GW30 LIV (H) 2.41, GW31 CHE (A) 2.85, GW32 SUN (H) 3.06, GW33 BRE (A) 2.73, GW34 EVE (H) 2.93, GW35 IPS (H) 2.95, GW36 HUL (A) 2.83, GW37 COV (H) 3.28, GW38 MUN (A) 2.03"
Timothy Castagne,DEF,Fulham,4.5,2.95,11.17,20.0,"IPS (A) 2.95, HUL (H) 2.86, COV (A) 3.04, AVL (A) 2.9, NEW (H) 2.59","GW6 IPS (A) 2.95, GW7 HUL (H) 2.86, GW8 COV (A) 3.04, GW9 AVL (A) 2.9, GW10 NEW (H) 2.59, GW11 MCI (A) 2.03, GW12 BOU (H) 2.51, GW13 TOT (A) 3.22, GW14 EVE (A) 2.76, GW15 BRE (H) 2.52, GW16 LEE (A) 2.49, GW17 BHA (H) 2.51, GW18 ARS (H) 2.79, GW19 NFO (A) 2.92, GW20 TOT (H) 2.57, GW21 NEW (A) 2.41, GW22 AVL (H) 2.68, GW23 BOU (A) 2.42, GW24 MCI (H) 2.09, GW25 NFO (H) 2.81, GW26 ARS (A) 2.58, GW27 LEE (H) 2.46, GW28 BHA (A) 2.42, GW29 CRY (A) 2.87, GW30 LIV (H) 2.33, GW31 CHE (A) 2.81, GW32 SUN (H) 3.16, GW33 BRE (A) 2.51, GW34 EVE (H) 2.73, GW35 IPS (H) 2.51, GW36 HUL (A) 2.53, GW37 COV (H) 2.81, GW38 MUN (A) 2.13"
Alex Iwobi,MID,Fulham,5.4,3.45,12.84,14.0,"IPS (A) 3.45, HUL (H) 3.36, COV (A) 3.37, AVL (A) 3.08, NEW (H) 3.2","GW6 IPS (A) 3.45, GW7 HUL (H) 3.36, GW8 COV (A) 3.37, GW9 AVL (A) 3.08, GW10 NEW (H) 3.2, GW11 MCI (A) 2.67, GW12 BOU (H) 2.69, GW13 TOT (A) 3.65, GW14 EVE (A) 3.06, GW15 BRE (H) 2.81, GW16 LEE (A) 2.92, GW17 BHA (H) 2.78, GW18 ARS (H) 2.29, GW19 NFO (A) 3.12, GW20 TOT (H) 3.02, GW21 NEW (A) 3.06, GW22 AVL (H) 2.71, GW23 BOU (A) 2.51, GW24 MCI (H) 2.47, GW25 NFO (H) 3.06, GW26 ARS (A) 2.23, GW27 LEE (H) 2.86, GW28 BHA (A) 2.68, GW29 CRY (A) 3.03, GW30 LIV (H) 2.78, GW31 CHE (A) 2.97, GW32 SUN (H) 3.45, GW33 BRE (A) 2.76, GW34 EVE (H) 2.98, GW35 IPS (H) 2.96, GW36 HUL (A) 2.98, GW37 COV (H) 3.03, GW38 MUN (A) 2.69"
Emile Smith Rowe,MID,Fulham,5.3,0.97,4.33,3.0,"IPS (A) 0.97, HUL (H) 1.05, COV (A) 1.28, AVL (A) 1.34, NEW (H) 1.2","GW6 IPS (A) 0.97, GW7 HUL (H) 1.05, GW8 COV (A) 1.28, GW9 AVL (A) 1.34, GW10 NEW (H) 1.2, GW11 MCI (A) 1.16, GW12 BOU (H) 1.24, GW13 TOT (A) 1.32, GW14 EVE (A) 1.28, GW15 BRE (H) 1.28, GW16 LEE (A) 1.25, GW17 BHA (H) 1.28, GW18 ARS (H) 1.27, GW19 NFO (A) 1.26, GW20 TOT (H) 1.37, GW21 NEW (A) 1.23, GW22 AVL (H) 1.48, GW23 BOU (A) 1.24, GW24 MCI (H) 1.21, GW25 NFO (H) 1.25, GW26 ARS (A) 1.24, GW27 LEE (H) 1.27, GW28 BHA (A) 1.23, GW29 CRY (A) 1.38, GW30 LIV (H) 1.23, GW31 CHE (A) 1.37, GW32 SUN (H) 1.3, GW33 BRE (A) 1.27, GW34 EVE (H) 1.31, GW35 IPS (H) 1.33, GW36 HUL (A) 1.29, GW37 COV (H) 1.48, GW38 MUN (A) 1.19"
Kevin Santos Lopes de Macedo,MID,Fulham,5.3,0.92,4.08,4.0,"IPS (A) 0.92, HUL (H) 1.04, COV (A) 1.16, AVL (A) 1.22, NEW (H) 1.13","GW6 IPS (A) 0.92, GW7 HUL (H) 1.04, GW8 COV (A) 1.16, GW9 AVL (A) 1.22, GW10 NEW (H) 1.13, GW11 MCI (A) 1.08, GW12 BOU (H) 1.16, GW13 TOT (A) 1.17, GW14 EVE (A) 1.16, GW15 BRE (H) 1.22, GW16 LEE (A) 1.17, GW17 BHA (H) 1.23, GW18 ARS (H) 1.23, GW19 NFO (A) 1.21, GW20 TOT (H) 1.28, GW21 NEW (A) 1.18, GW22 AVL (H) 1.44, GW23 BOU (A) 1.17, GW24 MCI (H) 1.2, GW25 NFO (H) 1.24, GW26 ARS (A) 1.19, GW27 LEE (H) 1.24, GW28 BHA (A) 1.17, GW29 CRY (A) 1.28, GW30 LIV (H) 1.21, GW31 CHE (A) 1.27, GW32 SUN (H) 1.21, GW33 BRE (A) 1.2, GW34 EVE (H) 1.25, GW35 IPS (H) 1.31, GW36 HUL (A) 1.26, GW37 COV (H) 1.41, GW38 MUN (A) 1.16"
Oscar Bobb,MID,Fulham,5.5,2.85,11.03,13.0,"IPS (A) 2.85, HUL (H) 2.94, COV (A) 2.94, AVL (A) 2.71, NEW (H) 2.8","GW6 IPS (A) 2.85, GW7 HUL (H) 2.94, GW8 COV (A) 2.94, GW9 AVL (A) 2.71, GW10 NEW (H) 2.8, GW11 MCI (A) 2.11, GW12 BOU (H) 2.24, GW13 TOT (A) 3.08, GW14 EVE (A) 2.53, GW15 BRE (H) 2.35, GW16 LEE (A) 2.2, GW17 BHA (H) 2.33, GW18 ARS (H) 1.99, GW19 NFO (A) 2.74, GW20 TOT (H) 2.6, GW21 NEW (A) 2.57, GW22 AVL (H) 2.46, GW23 BOU (A) 1.97, GW24 MCI (H) 2.07, GW25 NFO (H) 2.77, GW26 ARS (A) 1.75, GW27 LEE (H) 2.21, GW28 BHA (A) 2.1, GW29 CRY (A) 2.55, GW30 LIV (H) 2.09, GW31 CHE (A) 2.45, GW32 SUN (H) 2.99, GW33 BRE (A) 2.22, GW34 EVE (H) 2.53, GW35 IPS (H) 2.29, GW36 HUL (A) 2.44, GW37 COV (H) 2.67, GW38 MUN (A) 2.33"
Sander Berge,MID,Fulham,4.9,2.01,7.48,11.0,"IPS (A) 2.01, HUL (H) 1.96, COV (A) 1.97, AVL (A) 1.94, NEW (H) 1.66","GW6 IPS (A) 2.01, GW7 HUL (H) 1.96, GW8 COV (A) 1.97, GW9 AVL (A) 1.94, GW10 NEW (H) 1.66, GW11 MCI (A) 1.5, GW12 BOU (H) 1.58, GW13 TOT (A) 1.94, GW14 EVE (A) 1.56, GW15 BRE (H) 1.43, GW16 LEE (A) 1.38, GW17 BHA (H) 1.4, GW18 ARS (H) 1.29, GW19 NFO (A) 1.46, GW20 TOT (H) 1.47, GW21 NEW (A) 1.29, GW22 AVL (H) 1.64, GW23 BOU (A) 1.26, GW24 MCI (H) 1.28, GW25 NFO (H) 1.47, GW26 ARS (A) 1.24, GW27 LEE (H) 1.38, GW28 BHA (A) 1.26, GW29 CRY (A) 1.46, GW30 LIV (H) 1.32, GW31 CHE (A) 1.43, GW32 SUN (H) 1.71, GW33 BRE (A) 1.31, GW34 EVE (H) 1.42, GW35 IPS (H) 1.39, GW36 HUL (A) 1.32, GW37 COV (H) 1.54, GW38 MUN (A) 1.22"
Tom Cairney,MID,Fulham,4.9,0.07,0.51,0.0,"IPS (A) 0.07, HUL (H) 0.11, COV (A) 0.17, AVL (A) 0.21, NEW (H) 0.19","GW6 IPS (A) 0.07, GW7 HUL (H) 0.11, GW8 COV (A) 0.17, GW9 AVL (A) 0.21, GW10 NEW (H) 0.19, GW11 MCI (A) 0.14, GW12 BOU (H) 0.18, GW13 TOT (A) 0.22, GW14 EVE (A) 0.17, GW15 BRE (H) 0.2, GW16 LEE (A) 0.16, GW17 BHA (H) 0.21, GW18 ARS (H) 0.23, GW19 NFO (A) 0.24, GW20 TOT (H) 0.29, GW21 NEW (A) 0.21, GW22 AVL (H) 0.34, GW23 BOU (A) 0.17, GW24 MCI (H) 0.2, GW25 NFO (H) 0.25, GW26 ARS (A) 0.21, GW27 LEE (H) 0.2, GW28 BHA (A) 0.18, GW29 CRY (A) 0.23, GW30 LIV (H) 0.2, GW31 CHE (A) 0.25, GW32 SUN (H) 0.24, GW33 BRE (A) 0.18, GW34 EVE (H) 0.21, GW35 IPS (H) 0.27, GW36 HUL (A) 0.24, GW37 COV (H) 0.34, GW38 MUN (A) 0.21"
Josh King,MID,Fulham,5.5,4.64,16.51,24.0,"IPS (A) 4.64, HUL (H) 4.36, COV (A) 4.19, AVL (A) 3.88, NEW (H) 3.78","GW6 IPS (A) 4.64, GW7 HUL (H) 4.36, GW8 COV (A) 4.19, GW9 AVL (A) 3.88, GW10 NEW (H) 3.78, GW11 MCI (A) 3.15, GW12 BOU (H) 3.16, GW13 TOT (A) 3.66, GW14 EVE (A) 3.3, GW15 BRE (H) 3.04, GW16 LEE (A) 3.06, GW17 BHA (H) 2.99, GW18 ARS (H) 2.25, GW19 NFO (A) 2.96, GW20 TOT (H) 3.27, GW21 NEW (A) 2.92, GW22 AVL (H) 3.17, GW23 BOU (A) 2.63, GW24 MCI (H) 2.7, GW25 NFO (H) 3.04, GW26 ARS (A) 2.01, GW27 LEE (H) 3.12, GW28 BHA (A) 2.82, GW29 CRY (A) 3.24, GW30 LIV (H) 3.06, GW31 CHE (A) 3.28, GW32 SUN (H) 3.64, GW33 BRE (A) 2.75, GW34 EVE (H) 3.3, GW35 IPS (H) 3.17, GW36 HUL (A) 3.01, GW37 COV (H) 3.4, GW38 MUN (A) 2.65"
Ryan Sessegnon,DEF,Fulham,4.3,0.54,2.81,3.0,"IPS (A) 0.54, HUL (H) 0.67, COV (A) 0.89, AVL (A) 0.95, NEW (H) 0.86","GW6 IPS (A) 0.54, GW7 HUL (H) 0.67, GW8 COV (A) 0.89, GW9 AVL (A) 0.95, GW10 NEW (H) 0.86, GW11 MCI (A) 0.82, GW12 BOU (H) 0.94, GW13 TOT (A) 0.97, GW14 EVE (A) 0.97, GW15 BRE (H) 1.02, GW16 LEE (A) 0.95, GW17 BHA (H) 1.04, GW18 ARS (H) 1.05, GW19 NFO (A) 0.98, GW20 TOT (H) 1.12, GW21 NEW (A) 0.96, GW22 AVL (H) 1.25, GW23 BOU (A) 0.98, GW24 MCI (H) 1.0, GW25 NFO (H) 1.02, GW26 ARS (A) 1.0, GW27 LEE (H) 1.04, GW28 BHA (A) 0.99, GW29 CRY (A) 1.13, GW30 LIV (H) 1.02, GW31 CHE (A) 1.13, GW32 SUN (H) 1.06, GW33 BRE (A) 1.02, GW34 EVE (H) 1.09, GW35 IPS (H) 1.13, GW36 HUL (A) 1.06, GW37 COV (H) 1.28, GW38 MUN (A) 0.95"
Harrison Reed,MID,Fulham,4.4,0.05,0.51,0.0,"IPS (A) 0.05, HUL (H) 0.11, COV (A) 0.19, AVL (A) 0.26, NEW (H) 0.17","GW6 IPS (A) 0.05, GW7 HUL (H) 0.11, GW8 COV (A) 0.19, GW9 AVL (A) 0.26, GW10 NEW (H) 0.17, GW11 MCI (A) 0.11, GW12 BOU (H) 0.22, GW13 TOT (A) 0.26, GW14 EVE (A) 0.21, GW15 BRE (H) 0.25, GW16 LEE (A) 0.2, GW17 BHA (H) 0.25, GW18 ARS (H) 0.21, GW19 NFO (A) 0.21, GW20 TOT (H) 0.34, GW21 NEW (A) 0.19, GW22 AVL (H) 0.43, GW23 BOU (A) 0.22, GW24 MCI (H) 0.18, GW25 NFO (H) 0.23, GW26 ARS (A) 0.17, GW27 LEE (H) 0.25, GW28 BHA (A) 0.18, GW29 CRY (A) 0.29, GW30 LIV (H) 0.21, GW31 CHE (A) 0.27, GW32 SUN (H) 0.28, GW33 BRE (A) 0.23, GW34 EVE (H) 0.27, GW35 IPS (H) 0.35, GW36 HUL (A) 0.3, GW37 COV (H) 0.44, GW38 MUN (A) 0.15"
Rodrigo Muniz Carvalho,FWD,Fulham,5.4,0.86,4.03,3.0,"IPS (A) 0.86, HUL (H) 0.99, COV (A) 1.21, AVL (A) 1.27, NEW (H) 1.14","GW6 IPS (A) 0.86, GW7 HUL (H) 0.99, GW8 COV (A) 1.21, GW9 AVL (A) 1.27, GW10 NEW (H) 1.14, GW11 MCI (A) 1.1, GW12 BOU (H) 1.25, GW13 TOT (A) 1.23, GW14 EVE (A) 1.27, GW15 BRE (H) 1.32, GW16 LEE (A) 1.22, GW17 BHA (H) 1.33, GW18 ARS (H) 1.48, GW19 NFO (A) 1.23, GW20 TOT (H) 1.34, GW21 NEW (A) 1.21, GW22 AVL (H) 1.55, GW23 BOU (A) 1.27, GW24 MCI (H) 1.25, GW25 NFO (H) 1.27, GW26 ARS (A) 1.44, GW27 LEE (H) 1.3, GW28 BHA (A) 1.28, GW29 CRY (A) 1.42, GW30 LIV (H) 1.28, GW31 CHE (A) 1.42, GW32 SUN (H) 1.3, GW33 BRE (A) 1.31, GW34 EVE (H) 1.38, GW35 IPS (H) 1.4, GW36 HUL (A) 1.34, GW37 COV (H) 1.56, GW38 MUN (A) 1.2"
Jonah Kusi-Asare,FWD,Fulham,4.5,0.15,1.19,0.0,"IPS (A) 0.15, HUL (H) 0.24, COV (A) 0.44, AVL (A) 0.44, NEW (H) 0.54","GW6 IPS (A) 0.15, GW7 HUL (H) 0.24, GW8 COV (A) 0.44, GW9 AVL (A) 0.44, GW10 NEW (H) 0.54, GW11 MCI (A) 0.72, GW12 BOU (H) 0.72, GW13 TOT (A) 1.04, GW14 EVE (A) 0.97, GW15 BRE (H) 0.81, GW16 LEE (A) 0.98, GW17 BHA (H) 0.85, GW18 ARS (H) 0.84, GW19 NFO (A) 1.02, GW20 TOT (H) 1.19, GW21 NEW (A) 1.0, GW22 AVL (H) 1.07, GW23 BOU (A) 0.82, GW24 MCI (H) 0.97, GW25 NFO (H) 1.01, GW26 ARS (A) 0.85, GW27 LEE (H) 1.04, GW28 BHA (A) 0.83, GW29 CRY (A) 1.1, GW30 LIV (H) 1.0, GW31 CHE (A) 1.08, GW32 SUN (H) 1.19, GW33 BRE (A) 0.86, GW34 EVE (H) 1.06, GW35 IPS (H) 1.18, GW36 HUL (A) 1.16, GW37 COV (H) 1.26, GW38 MUN (A) 0.97"
Gonzalo García,FWD,Fulham,6.0,2.48,9.97,14.0,"IPS (A) 2.48, HUL (H) 2.54, COV (A) 2.56, AVL (A) 2.97, NEW (H) 2.61","GW6 IPS (A) 2.48, GW7 HUL (H) 2.54, GW8 COV (A) 2.56, GW9 AVL (A) 2.97, GW10 NEW (H) 2.61, GW11 MCI (A) 2.23, GW12 BOU (H) 2.52, GW13 TOT (A) 2.73, GW14 EVE (A) 2.62, GW15 BRE (H) 2.64, GW16 LEE (A) 2.43, GW17 BHA (H) 2.67, GW18 ARS (H) 2.24, GW19 NFO (A) 2.55, GW20 TOT (H) 2.82, GW21 NEW (A) 2.52, GW22 AVL (H) 3.4, GW23 BOU (A) 2.37, GW24 MCI (H) 2.39, GW25 NFO (H) 2.68, GW26 ARS (A) 2.15, GW27 LEE (H) 2.63, GW28 BHA (A) 2.39, GW29 CRY (A) 2.83, GW30 LIV (H) 2.54, GW31 CHE (A) 2.75, GW32 SUN (H) 2.92, GW33 BRE (A) 2.49, GW34 EVE (H) 2.87, GW35 IPS (H) 2.92, GW36 HUL (A) 2.6, GW37 COV (H) 2.98, GW38 MUN (A) 2.35"
César Palacios,MID,Fulham,5.4,2.98,10.77,12.0,"IPS (A) 2.98, HUL (H) 2.8, COV (A) 2.82, AVL (A) 2.63, NEW (H) 2.42","GW6 IPS (A) 2.98, GW7 HUL (H) 2.8, GW8 COV (A) 2.82, GW9 AVL (A) 2.63, GW10 NEW (H) 2.42, GW11 MCI (A) 2.09, GW12 BOU (H) 2.21, GW13 TOT (A) 2.46, GW14 EVE (A) 2.26, GW15 BRE (H) 2.12, GW16 LEE (A) 2.13, GW17 BHA (H) 2.08, GW18 ARS (H) 1.82, GW19 NFO (A) 2.13, GW20 TOT (H) 2.12, GW21 NEW (A) 2.08, GW22 AVL (H) 2.23, GW23 BOU (A) 1.96, GW24 MCI (H) 1.96, GW25 NFO (H) 2.07, GW26 ARS (A) 1.64, GW27 LEE (H) 2.09, GW28 BHA (A) 2.0, GW29 CRY (A) 2.23, GW30 LIV (H) 2.11, GW31 CHE (A) 2.26, GW32 SUN (H) 2.29, GW33 BRE (A) 1.98, GW34 EVE (H) 2.17, GW35 IPS (H) 2.26, GW36 HUL (A) 2.14, GW37 COV (H) 2.28, GW38 MUN (A) 1.97"
Shea Charles,MID,Fulham,5.0,3.38,12.34,13.0,"IPS (A) 3.38, HUL (H) 3.3, COV (A) 3.16, AVL (A) 3.02, NEW (H) 2.78","GW6 IPS (A) 3.38, GW7 HUL (H) 3.3, GW8 COV (A) 3.16, GW9 AVL (A) 3.02, GW10 NEW (H) 2.78, GW11 MCI (A) 2.09, GW12 BOU (H) 2.55, GW13 TOT (A) 2.81, GW14 EVE (A) 2.51, GW15 BRE (H) 2.5, GW16 LEE (A) 2.45, GW17 BHA (H) 2.47, GW18 ARS (H) 2.03, GW19 NFO (A) 2.4, GW20 TOT (H) 2.61, GW21 NEW (A) 2.29, GW22 AVL (H) 2.61, GW23 BOU (A) 2.21, GW24 MCI (H) 2.07, GW25 NFO (H) 2.36, GW26 ARS (A) 1.68, GW27 LEE (H) 2.46, GW28 BHA (A) 2.23, GW29 CRY (A) 2.47, GW30 LIV (H) 2.32, GW31 CHE (A) 2.39, GW32 SUN (H) 2.67, GW33 BRE (A) 2.33, GW34 EVE (H) 2.47, GW35 IPS (H) 2.47, GW36 HUL (A) 2.38, GW37 COV (H) 2.58, GW38 MUN (A) 2.0"
Luc De Fougerolles,DEF,Fulham,4.0,-0.01,0.11,0.0,"IPS (A) -0.01, HUL (H) 0.02, COV (A) 0.05, AVL (A) 0.1, NEW (H) 0.03","GW6 IPS (A) -0.01, GW7 HUL (H) 0.02, GW8 COV (A) 0.05, GW9 AVL (A) 0.1, GW10 NEW (H) 0.03, GW11 MCI (A) 0.01, GW12 BOU (H) 0.04, GW13 TOT (A) 0.04, GW14 EVE (A) 0.02, GW15 BRE (H) 0.05, GW16 LEE (A) 0.01, GW17 BHA (H) 0.06, GW18 ARS (H) 0.08, GW19 NFO (A) 0.04, GW20 TOT (H) 0.07, GW21 NEW (A) 0.01, GW22 AVL (H) 0.19, GW23 BOU (A) 0.02, GW24 MCI (H) 0.04, GW25 NFO (H) 0.05, GW26 ARS (A) 0.06, GW27 LEE (H) 0.05, GW28 BHA (A) 0.02, GW29 CRY (A) 0.07, GW30 LIV (H) 0.04, GW31 CHE (A) 0.09, GW32 SUN (H) 0.03, GW33 BRE (A) 0.03, GW34 EVE (H) 0.06, GW35 IPS (H) 0.09, GW36 HUL (A) 0.06, GW37 COV (H) 0.16, GW38 MUN (A) 0.01"
Macaulay Zepa,MID,Fulham,4.4,0.32,1.87,0.0,"IPS (A) 0.32, HUL (H) 0.41, COV (A) 0.71, AVL (A) 0.62, NEW (H) 0.57","GW6 IPS (A) 0.32, GW7 HUL (H) 0.41, GW8 COV (A) 0.71, GW9 AVL (A) 0.62, GW10 NEW (H) 0.57, GW11 MCI (A) 0.53, GW12 BOU (H) 0.63, GW13 TOT (A) 0.69, GW14 EVE (A) 0.68, GW15 BRE (H) 0.7, GW16 LEE (A) 0.64, GW17 BHA (H) 0.72, GW18 ARS (H) 0.69, GW19 NFO (A) 0.72, GW20 TOT (H) 0.76, GW21 NEW (A) 0.67, GW22 AVL (H) 0.91, GW23 BOU (A) 0.64, GW24 MCI (H) 0.67, GW25 NFO (H) 0.72, GW26 ARS (A) 0.64, GW27 LEE (H) 0.71, GW28 BHA (A) 0.7, GW29 CRY (A) 0.79, GW30 LIV (H) 0.71, GW31 CHE (A) 0.81, GW32 SUN (H) 0.75, GW33 BRE (A) 0.67, GW34 EVE (H) 0.78, GW35 IPS (H) 0.77, GW36 HUL (A) 0.72, GW37 COV (H) 0.88, GW38 MUN (A) 0.63"
Hugo Larsson,MID,Fulham,5.0,1.42,5.65,3.0,"IPS (A) 1.42, HUL (H) 1.39, COV (A) 1.63, AVL (A) 1.52, NEW (H) 1.42","GW6 IPS (A) 1.42, GW7 HUL (H) 1.39, GW8 COV (A) 1.63, GW9 AVL (A) 1.52, GW10 NEW (H) 1.42, GW11 MCI (A) 1.34, GW12 BOU (H) 1.42, GW13 TOT (A) 1.56, GW14 EVE (A) 1.49, GW15 BRE (H) 1.48, GW16 LEE (A) 1.37, GW17 BHA (H) 1.48, GW18 ARS (H) 1.38, GW19 NFO (A) 1.5, GW20 TOT (H) 1.57, GW21 NEW (A) 1.45, GW22 AVL (H) 1.67, GW23 BOU (A) 1.39, GW24 MCI (H) 1.38, GW25 NFO (H) 1.47, GW26 ARS (A) 1.47, GW27 LEE (H) 1.42, GW28 BHA (A) 1.43, GW29 CRY (A) 1.57, GW30 LIV (H) 1.44, GW31 CHE (A) 1.58, GW32 SUN (H) 1.55, GW33 BRE (A) 1.44, GW34 EVE (H) 1.55, GW35 IPS (H) 1.78, GW36 HUL (A) 1.52, GW37 COV (H) 1.67, GW38 MUN (A) 1.36"
Manuel Ángel Morán Ibáñez,MID,Fulham,5.0,0.6,2.74,0.0,"IPS (A) 0.6, HUL (H) 0.62, COV (A) 0.89, AVL (A) 0.83, NEW (H) 0.78","GW6 IPS (A) 0.6, GW7 HUL (H) 0.62, GW8 COV (A) 0.89, GW9 AVL (A) 0.83, GW10 NEW (H) 0.78, GW11 MCI (A) 0.73, GW12 BOU (H) 0.83, GW13 TOT (A) 0.99, GW14 EVE (A) 0.93, GW15 BRE (H) 0.93, GW16 LEE (A) 0.84, GW17 BHA (H) 0.95, GW18 ARS (H) 0.85, GW19 NFO (A) 0.99, GW20 TOT (H) 1.05, GW21 NEW (A) 0.95, GW22 AVL (H) 1.15, GW23 BOU (A) 0.9, GW24 MCI (H) 0.88, GW25 NFO (H) 0.97, GW26 ARS (A) 0.98, GW27 LEE (H) 0.92, GW28 BHA (A) 0.94, GW29 CRY (A) 1.06, GW30 LIV (H) 0.94, GW31 CHE (A) 1.08, GW32 SUN (H) 1.06, GW33 BRE (A) 0.95, GW34 EVE (H) 1.05, GW35 IPS (H) 1.27, GW36 HUL (A) 1.02, GW37 COV (H) 1.14, GW38 MUN (A) 0.87"
David Affengruber,DEF,Fulham,4.5,2.73,9.46,12.0,"IPS (A) 2.73, HUL (H) 2.5, COV (A) 2.51, AVL (A) 2.13, NEW (H) 1.88","GW6 IPS (A) 2.73, GW7 HUL (H) 2.5, GW8 COV (A) 2.51, GW9 AVL (A) 2.13, GW10 NEW (H) 1.88, GW11 MCI (A) 1.42, GW12 BOU (H) 1.52, GW13 TOT (A) 1.85, GW14 EVE (A) 1.49, GW15 BRE (H) 1.45, GW16 LEE (A) 1.34, GW17 BHA (H) 1.38, GW18 ARS (H) 1.12, GW19 NFO (A) 1.54, GW20 TOT (H) 1.54, GW21 NEW (A) 1.26, GW22 AVL (H) 1.53, GW23 BOU (A) 1.1, GW24 MCI (H) 1.1, GW25 NFO (H) 1.47, GW26 ARS (A) 0.86, GW27 LEE (H) 1.27, GW28 BHA (A) 1.16, GW29 CRY (A) 1.33, GW30 LIV (H) 1.2, GW31 CHE (A) 1.31, GW32 SUN (H) 1.59, GW33 BRE (A) 1.19, GW34 EVE (H) 1.33, GW35 IPS (H) 1.32, GW36 HUL (A) 1.26, GW37 COV (H) 1.45, GW38 MUN (A) 1.03"
Tim Iroegbunam,MID,Hull City,5.0,0.35,1.54,2.0,"EVE (H) 0.35, FUL (A) 0.42, BRE (H) 0.5, IPS (H) 0.63, ARS (A) 0.58","GW6 EVE (H) 0.35, GW7 FUL (A) 0.42, GW8 BRE (H) 0.5, GW9 IPS (H) 0.63, GW10 ARS (A) 0.58, GW11 BHA (H) 0.62, GW12 CRY (A) 0.7, GW13 NFO (H) 0.68, GW14 BOU (A) 0.63, GW15 TOT (H) 0.87, GW16 MCI (A) 0.65, GW17 LIV (H) 0.7, GW18 LEE (H) 0.73, GW19 SUN (A) 0.78, GW20 NFO (A) 0.74, GW21 ARS (H) 0.8, GW22 IPS (A) 0.83, GW23 CRY (H) 1.0, GW24 BHA (A) 0.71, GW25 SUN (H) 0.82, GW26 LIV (A) 0.69, GW27 MCI (H) 0.74, GW28 LEE (A) 0.72, GW29 AVL (A) 0.92, GW30 CHE (H) 0.89, GW31 MUN (A) 0.7, GW32 COV (H) 1.03, GW33 TOT (A) 0.82, GW34 BOU (H) 0.76, GW35 EVE (A) 0.76, GW36 FUL (H) 0.93, GW37 BRE (A) 0.74, GW38 NEW (H) 0.79"
Dillon Phillips,GK,Hull City,4.0,0.07,0.48,0.0,"EVE (H) 0.07, FUL (A) 0.1, BRE (H) 0.17, IPS (H) 0.28, ARS (A) 0.18","GW6 EVE (H) 0.07, GW7 FUL (A) 0.1, GW8 BRE (H) 0.17, GW9 IPS (H) 0.28, GW10 ARS (A) 0.18, GW11 BHA (H) 0.32, GW12 CRY (A) 0.37, GW13 NFO (H) 0.33, GW14 BOU (A) 0.31, GW15 TOT (H) 0.42, GW16 MCI (A) 0.28, GW17 LIV (H) 0.34, GW18 LEE (H) 0.38, GW19 SUN (A) 0.42, GW20 NFO (A) 0.41, GW21 ARS (H) 0.35, GW22 IPS (A) 0.46, GW23 CRY (H) 0.55, GW24 BHA (A) 0.37, GW25 SUN (H) 0.41, GW26 LIV (A) 0.34, GW27 MCI (H) 0.34, GW28 LEE (A) 0.38, GW29 AVL (A) 0.56, GW30 CHE (H) 0.48, GW31 MUN (A) 0.32, GW32 COV (H) 0.58, GW33 TOT (A) 0.46, GW34 BOU (H) 0.42, GW35 EVE (A) 0.41, GW36 FUL (H) 0.5, GW37 BRE (A) 0.39, GW38 NEW (H) 0.4"
Jack Butland,GK,Hull City,4.4,0.17,0.73,0.0,"EVE (H) 0.17, FUL (A) 0.19, BRE (H) 0.25, IPS (H) 0.31, ARS (A) 0.25","GW6 EVE (H) 0.17, GW7 FUL (A) 0.19, GW8 BRE (H) 0.25, GW9 IPS (H) 0.31, GW10 ARS (A) 0.25, GW11 BHA (H) 0.35, GW12 CRY (A) 0.37, GW13 NFO (H) 0.37, GW14 BOU (A) 0.31, GW15 TOT (H) 0.4, GW16 MCI (A) 0.31, GW17 LIV (H) 0.37, GW18 LEE (H) 0.39, GW19 SUN (A) 0.39, GW20 NFO (A) 0.41, GW21 ARS (H) 0.38, GW22 IPS (A) 0.4, GW23 CRY (H) 0.49, GW24 BHA (A) 0.37, GW25 SUN (H) 0.39, GW26 LIV (A) 0.34, GW27 MCI (H) 0.36, GW28 LEE (A) 0.36, GW29 AVL (A) 0.54, GW30 CHE (H) 0.48, GW31 MUN (A) 0.33, GW32 COV (H) 0.52, GW33 TOT (A) 0.42, GW34 BOU (H) 0.4, GW35 EVE (A) 0.39, GW36 FUL (H) 0.45, GW37 BRE (A) 0.36, GW38 NEW (H) 0.41"
Harvey Cartwright,GK,Hull City,4.0,0.05,0.33,0.0,"EVE (H) 0.05, FUL (A) 0.07, BRE (H) 0.13, IPS (H) 0.18, ARS (A) 0.14","GW6 EVE (H) 0.05, GW7 FUL (A) 0.07, GW8 BRE (H) 0.13, GW9 IPS (H) 0.18, GW10 ARS (A) 0.14, GW11 BHA (H) 0.23, GW12 CRY (A) 0.26, GW13 NFO (H) 0.25, GW14 BOU (A) 0.21, GW15 TOT (H) 0.28, GW16 MCI (A) 0.22, GW17 LIV (H) 0.27, GW18 LEE (H) 0.29, GW19 SUN (A) 0.28, GW20 NFO (A) 0.31, GW21 ARS (H) 0.3, GW22 IPS (A) 0.31, GW23 CRY (H) 0.39, GW24 BHA (A) 0.29, GW25 SUN (H) 0.28, GW26 LIV (A) 0.26, GW27 MCI (H) 0.28, GW28 LEE (A) 0.27, GW29 AVL (A) 0.42, GW30 CHE (H) 0.39, GW31 MUN (A) 0.25, GW32 COV (H) 0.43, GW33 TOT (A) 0.32, GW34 BOU (H) 0.32, GW35 EVE (A) 0.3, GW36 FUL (H) 0.36, GW37 BRE (A) 0.28, GW38 NEW (H) 0.32"
Thimothée Lo-Tutala,GK,Hull City,4.0,0.09,0.48,0.0,"EVE (H) 0.09, FUL (A) 0.11, BRE (H) 0.18, IPS (H) 0.23, ARS (A) 0.18","GW6 EVE (H) 0.09, GW7 FUL (A) 0.11, GW8 BRE (H) 0.18, GW9 IPS (H) 0.23, GW10 ARS (A) 0.18, GW11 BHA (H) 0.29, GW12 CRY (A) 0.31, GW13 NFO (H) 0.31, GW14 BOU (A) 0.27, GW15 TOT (H) 0.34, GW16 MCI (A) 0.27, GW17 LIV (H) 0.32, GW18 LEE (H) 0.35, GW19 SUN (A) 0.35, GW20 NFO (A) 0.37, GW21 ARS (H) 0.35, GW22 IPS (A) 0.37, GW23 CRY (H) 0.45, GW24 BHA (A) 0.34, GW25 SUN (H) 0.36, GW26 LIV (A) 0.31, GW27 MCI (H) 0.34, GW28 LEE (A) 0.33, GW29 AVL (A) 0.51, GW30 CHE (H) 0.45, GW31 MUN (A) 0.31, GW32 COV (H) 0.48, GW33 TOT (A) 0.38, GW34 BOU (H) 0.38, GW35 EVE (A) 0.36, GW36 FUL (H) 0.41, GW37 BRE (A) 0.34, GW38 NEW (H) 0.38"
John Egan,DEF,Hull City,4.1,2.66,8.17,26.0,"EVE (H) 2.66, FUL (A) 2.54, BRE (H) 2.67, IPS (H) 2.06, ARS (A) 2.04","GW6 EVE (H) 2.66, GW7 FUL (A) 2.54, GW8 BRE (H) 2.67, GW9 IPS (H) 2.06, GW10 ARS (A) 2.04, GW11 BHA (H) 2.3, GW12 CRY (A) 1.9, GW13 NFO (H) 2.3, GW14 BOU (A) 1.91, GW15 TOT (H) 1.75, GW16 MCI (A) 0.53, GW17 LIV (H) 1.11, GW18 LEE (H) 1.34, GW19 SUN (A) 2.0, GW20 NFO (A) 2.19, GW21 ARS (H) 1.91, GW22 IPS (A) 1.25, GW23 CRY (H) 1.62, GW24 BHA (A) 1.66, GW25 SUN (H) 2.01, GW26 LIV (A) 0.99, GW27 MCI (H) 0.64, GW28 LEE (A) 1.24, GW29 AVL (A) 2.16, GW30 CHE (H) 1.38, GW31 MUN (A) 0.58, GW32 COV (H) 1.63, GW33 TOT (A) 1.91, GW34 BOU (H) 1.86, GW35 EVE (A) 1.46, GW36 FUL (H) 1.62, GW37 BRE (A) 1.9, GW38 NEW (H) 1.07"
Charlie Hughes,DEF,Hull City,3.9,0.01,0.16,0.0,"EVE (H) 0.01, FUL (A) 0.03, BRE (H) 0.07, IPS (H) 0.1, ARS (A) 0.09","GW6 EVE (H) 0.01, GW7 FUL (A) 0.03, GW8 BRE (H) 0.07, GW9 IPS (H) 0.1, GW10 ARS (A) 0.09, GW11 BHA (H) 0.15, GW12 CRY (A) 0.21, GW13 NFO (H) 0.15, GW14 BOU (A) 0.14, GW15 TOT (H) 0.2, GW16 MCI (A) 0.12, GW17 LIV (H) 0.17, GW18 LEE (H) 0.18, GW19 SUN (A) 0.21, GW20 NFO (A) 0.22, GW21 ARS (H) 0.23, GW22 IPS (A) 0.22, GW23 CRY (H) 0.33, GW24 BHA (A) 0.22, GW25 SUN (H) 0.2, GW26 LIV (A) 0.17, GW27 MCI (H) 0.16, GW28 LEE (A) 0.18, GW29 AVL (A) 0.36, GW30 CHE (H) 0.33, GW31 MUN (A) 0.14, GW32 COV (H) 0.36, GW33 TOT (A) 0.25, GW34 BOU (H) 0.23, GW35 EVE (A) 0.24, GW36 FUL (H) 0.28, GW37 BRE (A) 0.21, GW38 NEW (H) 0.21"
Semi Ajayi,DEF,Hull City,4.2,2.45,7.65,27.0,"EVE (H) 2.45, FUL (A) 2.35, BRE (H) 2.33, IPS (H) 2.29, ARS (A) 1.71","GW6 EVE (H) 2.45, GW7 FUL (A) 2.35, GW8 BRE (H) 2.33, GW9 IPS (H) 2.29, GW10 ARS (A) 1.71, GW11 BHA (H) 2.22, GW12 CRY (A) 2.16, GW13 NFO (H) 2.32, GW14 BOU (A) 1.79, GW15 TOT (H) 1.98, GW16 MCI (A) 0.97, GW17 LIV (H) 1.71, GW18 LEE (H) 2.0, GW19 SUN (A) 2.29, GW20 NFO (A) 2.21, GW21 ARS (H) 1.83, GW22 IPS (A) 1.86, GW23 CRY (H) 2.17, GW24 BHA (A) 1.6, GW25 SUN (H) 2.4, GW26 LIV (A) 1.51, GW27 MCI (H) 1.33, GW28 LEE (A) 1.79, GW29 AVL (A) 2.07, GW30 CHE (H) 1.85, GW31 MUN (A) 1.15, GW32 COV (H) 2.16, GW33 TOT (A) 2.23, GW34 BOU (H) 1.97, GW35 EVE (A) 1.9, GW36 FUL (H) 2.17, GW37 BRE (A) 1.85, GW38 NEW (H) 1.79"
Lewie Coyle,DEF,Hull City,4.0,2.63,7.69,14.0,"EVE (H) 2.63, FUL (A) 2.43, BRE (H) 2.24, IPS (H) 2.16, ARS (A) 1.46","GW6 EVE (H) 2.63, GW7 FUL (A) 2.43, GW8 BRE (H) 2.24, GW9 IPS (H) 2.16, GW10 ARS (A) 1.46, GW11 BHA (H) 1.89, GW12 CRY (A) 1.94, GW13 NFO (H) 2.01, GW14 BOU (A) 1.62, GW15 TOT (H) 1.67, GW16 MCI (A) 1.3, GW17 LIV (H) 1.59, GW18 LEE (H) 1.66, GW19 SUN (A) 1.86, GW20 NFO (A) 1.9, GW21 ARS (H) 1.34, GW22 IPS (A) 1.6, GW23 CRY (H) 1.83, GW24 BHA (A) 1.48, GW25 SUN (H) 1.82, GW26 LIV (A) 1.48, GW27 MCI (H) 1.48, GW28 LEE (A) 1.53, GW29 AVL (A) 1.66, GW30 CHE (H) 1.74, GW31 MUN (A) 1.43, GW32 COV (H) 1.84, GW33 TOT (A) 1.95, GW34 BOU (H) 1.58, GW35 EVE (A) 1.63, GW36 FUL (H) 1.74, GW37 BRE (A) 1.5, GW38 NEW (H) 1.59"
Cody Drameh,DEF,Hull City,4.0,0.25,1.15,2.0,"EVE (H) 0.25, FUL (A) 0.32, BRE (H) 0.39, IPS (H) 0.45, ARS (A) 0.48","GW6 EVE (H) 0.25, GW7 FUL (A) 0.32, GW8 BRE (H) 0.39, GW9 IPS (H) 0.45, GW10 ARS (A) 0.48, GW11 BHA (H) 0.49, GW12 CRY (A) 0.58, GW13 NFO (H) 0.51, GW14 BOU (A) 0.51, GW15 TOT (H) 0.54, GW16 MCI (A) 0.51, GW17 LIV (H) 0.52, GW18 LEE (H) 0.54, GW19 SUN (A) 0.54, GW20 NFO (A) 0.62, GW21 ARS (H) 0.61, GW22 IPS (A) 0.61, GW23 CRY (H) 0.67, GW24 BHA (A) 0.58, GW25 SUN (H) 0.49, GW26 LIV (A) 0.55, GW27 MCI (H) 0.53, GW28 LEE (A) 0.57, GW29 AVL (A) 0.82, GW30 CHE (H) 0.66, GW31 MUN (A) 0.55, GW32 COV (H) 0.7, GW33 TOT (A) 0.62, GW34 BOU (H) 0.57, GW35 EVE (A) 0.6, GW36 FUL (H) 0.61, GW37 BRE (A) 0.58, GW38 NEW (H) 0.57"
Ryan Giles,DEF,Hull City,4.0,3.92,11.68,24.0,"EVE (H) 3.92, FUL (A) 3.67, BRE (H) 3.48, IPS (H) 3.37, ARS (A) 2.14","GW6 EVE (H) 3.92, GW7 FUL (A) 3.67, GW8 BRE (H) 3.48, GW9 IPS (H) 3.37, GW10 ARS (A) 2.14, GW11 BHA (H) 3.03, GW12 CRY (A) 3.07, GW13 NFO (H) 3.6, GW14 BOU (A) 2.44, GW15 TOT (H) 3.51, GW16 MCI (A) 1.4, GW17 LIV (H) 2.27, GW18 LEE (H) 2.64, GW19 SUN (A) 3.74, GW20 NFO (A) 3.44, GW21 ARS (H) 2.0, GW22 IPS (A) 2.45, GW23 CRY (H) 2.88, GW24 BHA (A) 2.04, GW25 SUN (H) 3.81, GW26 LIV (A) 2.04, GW27 MCI (H) 1.79, GW28 LEE (A) 2.4, GW29 AVL (A) 2.58, GW30 CHE (H) 2.47, GW31 MUN (A) 1.64, GW32 COV (H) 2.89, GW33 TOT (A) 3.62, GW34 BOU (H) 2.4, GW35 EVE (A) 2.53, GW36 FUL (H) 2.73, GW37 BRE (A) 2.39, GW38 NEW (H) 2.36"
Matty Jacob,DEF,Hull City,4.0,0.01,0.22,0.0,"EVE (H) 0.01, FUL (A) 0.03, BRE (H) 0.1, IPS (H) 0.16, ARS (A) 0.11","GW6 EVE (H) 0.01, GW7 FUL (A) 0.03, GW8 BRE (H) 0.1, GW9 IPS (H) 0.16, GW10 ARS (A) 0.11, GW11 BHA (H) 0.22, GW12 CRY (A) 0.25, GW13 NFO (H) 0.26, GW14 BOU (A) 0.21, GW15 TOT (H) 0.29, GW16 MCI (A) 0.22, GW17 LIV (H) 0.28, GW18 LEE (H) 0.3, GW19 SUN (A) 0.31, GW20 NFO (A) 0.33, GW21 ARS (H) 0.31, GW22 IPS (A) 0.33, GW23 CRY (H) 0.41, GW24 BHA (A) 0.3, GW25 SUN (H) 0.32, GW26 LIV (A) 0.27, GW27 MCI (H) 0.3, GW28 LEE (A) 0.29, GW29 AVL (A) 0.47, GW30 CHE (H) 0.41, GW31 MUN (A) 0.27, GW32 COV (H) 0.45, GW33 TOT (A) 0.34, GW34 BOU (H) 0.34, GW35 EVE (A) 0.32, GW36 FUL (H) 0.37, GW37 BRE (A) 0.3, GW38 NEW (H) 0.34"
Cathal McCarthy,DEF,Hull City,4.0,0.17,0.7,0.0,"EVE (H) 0.17, FUL (A) 0.2, BRE (H) 0.23, IPS (H) 0.27, ARS (A) 0.24","GW6 EVE (H) 0.17, GW7 FUL (A) 0.2, GW8 BRE (H) 0.23, GW9 IPS (H) 0.27, GW10 ARS (A) 0.24, GW11 BHA (H) 0.3, GW12 CRY (A) 0.35, GW13 NFO (H) 0.3, GW14 BOU (A) 0.27, GW15 TOT (H) 0.29, GW16 MCI (A) 0.26, GW17 LIV (H) 0.31, GW18 LEE (H) 0.32, GW19 SUN (A) 0.28, GW20 NFO (A) 0.35, GW21 ARS (H) 0.34, GW22 IPS (A) 0.35, GW23 CRY (H) 0.45, GW24 BHA (A) 0.33, GW25 SUN (H) 0.27, GW26 LIV (A) 0.29, GW27 MCI (H) 0.29, GW28 LEE (A) 0.31, GW29 AVL (A) 0.47, GW30 CHE (H) 0.45, GW31 MUN (A) 0.27, GW32 COV (H) 0.48, GW33 TOT (A) 0.31, GW34 BOU (H) 0.34, GW35 EVE (A) 0.36, GW36 FUL (H) 0.41, GW37 BRE (A) 0.31, GW38 NEW (H) 0.34"
Paddy McNair,DEF,Hull City,4.0,0.33,1.41,1.0,"EVE (H) 0.33, FUL (A) 0.38, BRE (H) 0.49, IPS (H) 0.56, ARS (A) 0.5","GW6 EVE (H) 0.33, GW7 FUL (A) 0.38, GW8 BRE (H) 0.49, GW9 IPS (H) 0.56, GW10 ARS (A) 0.5, GW11 BHA (H) 0.62, GW12 CRY (A) 0.67, GW13 NFO (H) 0.63, GW14 BOU (A) 0.59, GW15 TOT (H) 0.67, GW16 MCI (A) 0.58, GW17 LIV (H) 0.66, GW18 LEE (H) 0.69, GW19 SUN (A) 0.63, GW20 NFO (A) 0.69, GW21 ARS (H) 0.69, GW22 IPS (A) 0.69, GW23 CRY (H) 0.83, GW24 BHA (A) 0.67, GW25 SUN (H) 0.65, GW26 LIV (A) 0.64, GW27 MCI (H) 0.66, GW28 LEE (A) 0.66, GW29 AVL (A) 0.84, GW30 CHE (H) 0.83, GW31 MUN (A) 0.62, GW32 COV (H) 0.86, GW33 TOT (A) 0.7, GW34 BOU (H) 0.72, GW35 EVE (A) 0.69, GW36 FUL (H) 0.76, GW37 BRE (A) 0.67, GW38 NEW (H) 0.71"
Mohamed Belloumi,MID,Hull City,5.1,5.38,15.7,31.0,"EVE (H) 5.38, FUL (A) 4.95, BRE (H) 4.39, IPS (H) 4.3, ARS (A) 3.71","GW6 EVE (H) 5.38, GW7 FUL (A) 4.95, GW8 BRE (H) 4.39, GW9 IPS (H) 4.3, GW10 ARS (A) 3.71, GW11 BHA (H) 3.52, GW12 CRY (A) 3.78, GW13 NFO (H) 3.29, GW14 BOU (A) 2.8, GW15 TOT (H) 3.13, GW16 MCI (A) 2.83, GW17 LIV (H) 2.92, GW18 LEE (H) 2.88, GW19 SUN (A) 3.48, GW20 NFO (A) 2.9, GW21 ARS (H) 2.56, GW22 IPS (A) 2.89, GW23 CRY (H) 3.02, GW24 BHA (A) 2.7, GW25 SUN (H) 3.37, GW26 LIV (A) 2.86, GW27 MCI (H) 2.36, GW28 LEE (A) 2.75, GW29 AVL (A) 2.97, GW30 CHE (H) 3.15, GW31 MUN (A) 2.44, GW32 COV (H) 3.01, GW33 TOT (A) 3.29, GW34 BOU (H) 2.46, GW35 EVE (A) 2.94, GW36 FUL (H) 2.87, GW37 BRE (A) 2.58, GW38 NEW (H) 2.6"
Liam Millar,MID,Hull City,5.0,0.66,2.7,6.0,"EVE (H) 0.66, FUL (A) 0.74, BRE (H) 0.88, IPS (H) 1.06, ARS (A) 0.96","GW6 EVE (H) 0.66, GW7 FUL (A) 0.74, GW8 BRE (H) 0.88, GW9 IPS (H) 1.06, GW10 ARS (A) 0.96, GW11 BHA (H) 1.03, GW12 CRY (A) 1.12, GW13 NFO (H) 1.14, GW14 BOU (A) 1.01, GW15 TOT (H) 1.21, GW16 MCI (A) 1.06, GW17 LIV (H) 1.07, GW18 LEE (H) 1.08, GW19 SUN (A) 1.22, GW20 NFO (A) 1.2, GW21 ARS (H) 1.07, GW22 IPS (A) 1.24, GW23 CRY (H) 1.27, GW24 BHA (A) 1.07, GW25 SUN (H) 1.23, GW26 LIV (A) 1.05, GW27 MCI (H) 1.12, GW28 LEE (A) 1.05, GW29 AVL (A) 1.28, GW30 CHE (H) 1.27, GW31 MUN (A) 1.12, GW32 COV (H) 1.3, GW33 TOT (A) 1.25, GW34 BOU (H) 1.1, GW35 EVE (A) 1.15, GW36 FUL (H) 1.2, GW37 BRE (A) 1.09, GW38 NEW (H) 1.21"
Kieran Dowell,MID,Hull City,4.4,0.24,1.07,0.0,"EVE (H) 0.24, FUL (A) 0.27, BRE (H) 0.38, IPS (H) 0.45, ARS (A) 0.4","GW6 EVE (H) 0.24, GW7 FUL (A) 0.27, GW8 BRE (H) 0.38, GW9 IPS (H) 0.45, GW10 ARS (A) 0.4, GW11 BHA (H) 0.52, GW12 CRY (A) 0.54, GW13 NFO (H) 0.52, GW14 BOU (A) 0.49, GW15 TOT (H) 0.63, GW16 MCI (A) 0.47, GW17 LIV (H) 0.55, GW18 LEE (H) 0.57, GW19 SUN (A) 0.61, GW20 NFO (A) 0.58, GW21 ARS (H) 0.58, GW22 IPS (A) 0.6, GW23 CRY (H) 0.7, GW24 BHA (A) 0.56, GW25 SUN (H) 0.62, GW26 LIV (A) 0.53, GW27 MCI (H) 0.54, GW28 LEE (A) 0.55, GW29 AVL (A) 0.73, GW30 CHE (H) 0.68, GW31 MUN (A) 0.5, GW32 COV (H) 0.73, GW33 TOT (A) 0.64, GW34 BOU (H) 0.6, GW35 EVE (A) 0.57, GW36 FUL (H) 0.65, GW37 BRE (A) 0.56, GW38 NEW (H) 0.58"
Matt Crooks,MID,Hull City,4.4,0.65,2.71,3.0,"EVE (H) 0.65, FUL (A) 0.74, BRE (H) 0.91, IPS (H) 1.03, ARS (A) 1.02","GW6 EVE (H) 0.65, GW7 FUL (A) 0.74, GW8 BRE (H) 0.91, GW9 IPS (H) 1.03, GW10 ARS (A) 1.02, GW11 BHA (H) 1.13, GW12 CRY (A) 1.21, GW13 NFO (H) 1.18, GW14 BOU (A) 1.15, GW15 TOT (H) 1.32, GW16 MCI (A) 1.13, GW17 LIV (H) 1.24, GW18 LEE (H) 1.3, GW19 SUN (A) 1.48, GW20 NFO (A) 1.3, GW21 ARS (H) 1.39, GW22 IPS (A) 1.35, GW23 CRY (H) 1.51, GW24 BHA (A) 1.28, GW25 SUN (H) 1.52, GW26 LIV (A) 1.25, GW27 MCI (H) 1.26, GW28 LEE (A) 1.3, GW29 AVL (A) 1.5, GW30 CHE (H) 1.46, GW31 MUN (A) 1.21, GW32 COV (H) 1.56, GW33 TOT (A) 1.57, GW34 BOU (H) 1.35, GW35 EVE (A) 1.35, GW36 FUL (H) 1.45, GW37 BRE (A) 1.31, GW38 NEW (H) 1.34"
Regan Slater,MID,Hull City,4.5,2.32,7.1,15.0,"EVE (H) 2.32, FUL (A) 2.25, BRE (H) 2.03, IPS (H) 2.09, ARS (A) 1.6","GW6 EVE (H) 2.32, GW7 FUL (A) 2.25, GW8 BRE (H) 2.03, GW9 IPS (H) 2.09, GW10 ARS (A) 1.6, GW11 BHA (H) 1.76, GW12 CRY (A) 1.96, GW13 NFO (H) 2.08, GW14 BOU (A) 1.51, GW15 TOT (H) 1.83, GW16 MCI (A) 1.44, GW17 LIV (H) 1.61, GW18 LEE (H) 1.68, GW19 SUN (A) 2.18, GW20 NFO (A) 1.93, GW21 ARS (H) 1.39, GW22 IPS (A) 1.65, GW23 CRY (H) 1.8, GW24 BHA (A) 1.37, GW25 SUN (H) 2.18, GW26 LIV (A) 1.52, GW27 MCI (H) 1.52, GW28 LEE (A) 1.59, GW29 AVL (A) 1.63, GW30 CHE (H) 1.75, GW31 MUN (A) 1.46, GW32 COV (H) 1.82, GW33 TOT (A) 2.16, GW34 BOU (H) 1.37, GW35 EVE (A) 1.64, GW36 FUL (H) 1.77, GW37 BRE (A) 1.43, GW38 NEW (H) 1.62"
Eliot Matazo,MID,Hull City,4.5,0.08,0.36,0.0,"EVE (H) 0.08, FUL (A) 0.09, BRE (H) 0.12, IPS (H) 0.17, ARS (A) 0.11","GW6 EVE (H) 0.08, GW7 FUL (A) 0.09, GW8 BRE (H) 0.12, GW9 IPS (H) 0.17, GW10 ARS (A) 0.11, GW11 BHA (H) 0.17, GW12 CRY (A) 0.21, GW13 NFO (H) 0.19, GW14 BOU (A) 0.15, GW15 TOT (H) 0.21, GW16 MCI (A) 0.15, GW17 LIV (H) 0.18, GW18 LEE (H) 0.19, GW19 SUN (A) 0.19, GW20 NFO (A) 0.23, GW21 ARS (H) 0.17, GW22 IPS (A) 0.22, GW23 CRY (H) 0.29, GW24 BHA (A) 0.18, GW25 SUN (H) 0.17, GW26 LIV (A) 0.17, GW27 MCI (H) 0.17, GW28 LEE (A) 0.18, GW29 AVL (A) 0.33, GW30 CHE (H) 0.28, GW31 MUN (A) 0.15, GW32 COV (H) 0.32, GW33 TOT (A) 0.23, GW34 BOU (H) 0.19, GW35 EVE (A) 0.2, GW36 FUL (H) 0.24, GW37 BRE (A) 0.18, GW38 NEW (H) 0.21"
Abdülkadir Ömür,MID,Hull City,4.9,0.14,0.61,0.0,"EVE (H) 0.14, FUL (A) 0.16, BRE (H) 0.21, IPS (H) 0.25, ARS (A) 0.23","GW6 EVE (H) 0.14, GW7 FUL (A) 0.16, GW8 BRE (H) 0.21, GW9 IPS (H) 0.25, GW10 ARS (A) 0.23, GW11 BHA (H) 0.29, GW12 CRY (A) 0.31, GW13 NFO (H) 0.31, GW14 BOU (A) 0.28, GW15 TOT (H) 0.37, GW16 MCI (A) 0.27, GW17 LIV (H) 0.31, GW18 LEE (H) 0.32, GW19 SUN (A) 0.38, GW20 NFO (A) 0.37, GW21 ARS (H) 0.31, GW22 IPS (A) 0.33, GW23 CRY (H) 0.4, GW24 BHA (A) 0.32, GW25 SUN (H) 0.36, GW26 LIV (A) 0.3, GW27 MCI (H) 0.3, GW28 LEE (A) 0.31, GW29 AVL (A) 0.47, GW30 CHE (H) 0.4, GW31 MUN (A) 0.29, GW32 COV (H) 0.44, GW33 TOT (A) 0.41, GW34 BOU (H) 0.33, GW35 EVE (A) 0.32, GW36 FUL (H) 0.36, GW37 BRE (A) 0.32, GW38 NEW (H) 0.35"
Abu Kamara,MID,Hull City,5.0,0.2,0.92,0.0,"EVE (H) 0.2, FUL (A) 0.24, BRE (H) 0.28, IPS (H) 0.43, ARS (A) 0.35","GW6 EVE (H) 0.2, GW7 FUL (A) 0.24, GW8 BRE (H) 0.28, GW9 IPS (H) 0.43, GW10 ARS (A) 0.35, GW11 BHA (H) 0.37, GW12 CRY (A) 0.43, GW13 NFO (H) 0.38, GW14 BOU (A) 0.36, GW15 TOT (H) 0.44, GW16 MCI (A) 0.35, GW17 LIV (H) 0.39, GW18 LEE (H) 0.39, GW19 SUN (A) 0.46, GW20 NFO (A) 0.45, GW21 ARS (H) 0.39, GW22 IPS (A) 0.57, GW23 CRY (H) 0.53, GW24 BHA (A) 0.41, GW25 SUN (H) 0.44, GW26 LIV (A) 0.39, GW27 MCI (H) 0.38, GW28 LEE (A) 0.38, GW29 AVL (A) 0.57, GW30 CHE (H) 0.53, GW31 MUN (A) 0.37, GW32 COV (H) 0.56, GW33 TOT (A) 0.49, GW34 BOU (H) 0.42, GW35 EVE (A) 0.45, GW36 FUL (H) 0.49, GW37 BRE (A) 0.42, GW38 NEW (H) 0.43"
Óscar Zambrano,MID,Hull City,4.5,0.14,0.59,0.0,"EVE (H) 0.14, FUL (A) 0.15, BRE (H) 0.2, IPS (H) 0.26, ARS (A) 0.18","GW6 EVE (H) 0.14, GW7 FUL (A) 0.15, GW8 BRE (H) 0.2, GW9 IPS (H) 0.26, GW10 ARS (A) 0.18, GW11 BHA (H) 0.27, GW12 CRY (A) 0.31, GW13 NFO (H) 0.29, GW14 BOU (A) 0.24, GW15 TOT (H) 0.33, GW16 MCI (A) 0.22, GW17 LIV (H) 0.29, GW18 LEE (H) 0.31, GW19 SUN (A) 0.31, GW20 NFO (A) 0.32, GW21 ARS (H) 0.28, GW22 IPS (A) 0.32, GW23 CRY (H) 0.42, GW24 BHA (A) 0.27, GW25 SUN (H) 0.31, GW26 LIV (A) 0.27, GW27 MCI (H) 0.27, GW28 LEE (A) 0.28, GW29 AVL (A) 0.46, GW30 CHE (H) 0.41, GW31 MUN (A) 0.24, GW32 COV (H) 0.45, GW33 TOT (A) 0.34, GW34 BOU (H) 0.31, GW35 EVE (A) 0.31, GW36 FUL (H) 0.36, GW37 BRE (A) 0.28, GW38 NEW (H) 0.32"
Oli McBurnie,FWD,Hull City,5.5,2.73,8.9,13.0,"EVE (H) 2.73, FUL (A) 2.72, BRE (H) 2.6, IPS (H) 2.84, ARS (A) 2.38","GW6 EVE (H) 2.73, GW7 FUL (A) 2.72, GW8 BRE (H) 2.6, GW9 IPS (H) 2.84, GW10 ARS (A) 2.38, GW11 BHA (H) 2.59, GW12 CRY (A) 2.86, GW13 NFO (H) 2.54, GW14 BOU (A) 2.54, GW15 TOT (H) 2.65, GW16 MCI (A) 2.33, GW17 LIV (H) 2.54, GW18 LEE (H) 2.55, GW19 SUN (A) 2.67, GW20 NFO (A) 2.58, GW21 ARS (H) 2.33, GW22 IPS (A) 2.83, GW23 CRY (H) 2.86, GW24 BHA (A) 2.5, GW25 SUN (H) 2.56, GW26 LIV (A) 2.58, GW27 MCI (H) 2.39, GW28 LEE (A) 2.56, GW29 AVL (A) 2.68, GW30 CHE (H) 2.87, GW31 MUN (A) 2.43, GW32 COV (H) 2.94, GW33 TOT (A) 2.78, GW34 BOU (H) 2.49, GW35 EVE (A) 2.74, GW36 FUL (H) 2.76, GW37 BRE (A) 2.51, GW38 NEW (H) 2.48"
David Akintola,MID,Hull City,5.0,0.2,0.93,0.0,"EVE (H) 0.2, FUL (A) 0.24, BRE (H) 0.29, IPS (H) 0.44, ARS (A) 0.35","GW6 EVE (H) 0.2, GW7 FUL (A) 0.24, GW8 BRE (H) 0.29, GW9 IPS (H) 0.44, GW10 ARS (A) 0.35, GW11 BHA (H) 0.38, GW12 CRY (A) 0.44, GW13 NFO (H) 0.39, GW14 BOU (A) 0.37, GW15 TOT (H) 0.45, GW16 MCI (A) 0.35, GW17 LIV (H) 0.39, GW18 LEE (H) 0.39, GW19 SUN (A) 0.47, GW20 NFO (A) 0.46, GW21 ARS (H) 0.39, GW22 IPS (A) 0.58, GW23 CRY (H) 0.54, GW24 BHA (A) 0.41, GW25 SUN (H) 0.45, GW26 LIV (A) 0.39, GW27 MCI (H) 0.38, GW28 LEE (A) 0.39, GW29 AVL (A) 0.6, GW30 CHE (H) 0.53, GW31 MUN (A) 0.37, GW32 COV (H) 0.57, GW33 TOT (A) 0.5, GW34 BOU (H) 0.43, GW35 EVE (A) 0.46, GW36 FUL (H) 0.5, GW37 BRE (A) 0.43, GW38 NEW (H) 0.44"
Darko Gyabi,MID,Hull City,4.4,-0.17,-0.45,0.0,"EVE (H) -0.17, FUL (A) -0.16, BRE (H) -0.13, IPS (H) -0.08, ARS (A) -0.07","GW6 EVE (H) -0.17, GW7 FUL (A) -0.16, GW8 BRE (H) -0.13, GW9 IPS (H) -0.08, GW10 ARS (A) -0.07, GW11 BHA (H) -0.05, GW12 CRY (A) -0.0, GW13 NFO (H) -0.03, GW14 BOU (A) -0.02, GW15 TOT (H) 0.02, GW16 MCI (A) -0.03, GW17 LIV (H) -0.01, GW18 LEE (H) 0.01, GW19 SUN (A) 0.01, GW20 NFO (A) 0.04, GW21 ARS (H) 0.05, GW22 IPS (A) 0.06, GW23 CRY (H) 0.11, GW24 BHA (A) 0.01, GW25 SUN (H) 0.0, GW26 LIV (A) 0.0, GW27 MCI (H) 0.01, GW28 LEE (A) 0.02, GW29 AVL (A) 0.2, GW30 CHE (H) 0.09, GW31 MUN (A) 0.01, GW32 COV (H) 0.14, GW33 TOT (A) 0.05, GW34 BOU (H) 0.04, GW35 EVE (A) 0.03, GW36 FUL (H) 0.07, GW37 BRE (A) 0.03, GW38 NEW (H) 0.03"
Enis Destan,FWD,Hull City,4.5,0.08,0.74,0.0,"EVE (H) 0.08, FUL (A) 0.1, BRE (H) 0.17, IPS (H) 0.7, ARS (A) 0.18","GW6 EVE (H) 0.08, GW7 FUL (A) 0.1, GW8 BRE (H) 0.17, GW9 IPS (H) 0.7, GW10 ARS (A) 0.18, GW11 BHA (H) 0.28, GW12 CRY (A) 0.32, GW13 NFO (H) 0.28, GW14 BOU (A) 0.26, GW15 TOT (H) 0.93, GW16 MCI (A) 0.22, GW17 LIV (H) 0.28, GW18 LEE (H) 0.3, GW19 SUN (A) 0.34, GW20 NFO (A) 0.32, GW21 ARS (H) 0.28, GW22 IPS (A) 0.94, GW23 CRY (H) 1.02, GW24 BHA (A) 0.29, GW25 SUN (H) 0.32, GW26 LIV (A) 0.27, GW27 MCI (H) 0.26, GW28 LEE (A) 0.29, GW29 AVL (A) 0.48, GW30 CHE (H) 0.4, GW31 MUN (A) 0.24, GW32 COV (H) 1.06, GW33 TOT (A) 0.38, GW34 BOU (H) 0.31, GW35 EVE (A) 0.32, GW36 FUL (H) 0.98, GW37 BRE (A) 0.3, GW38 NEW (H) 0.31"
Mason Burstow,FWD,Hull City,4.5,0.01,0.12,0.0,"EVE (H) 0.01, FUL (A) 0.01, BRE (H) 0.05, IPS (H) 0.09, ARS (A) 0.06","GW6 EVE (H) 0.01, GW7 FUL (A) 0.01, GW8 BRE (H) 0.05, GW9 IPS (H) 0.09, GW10 ARS (A) 0.06, GW11 BHA (H) 0.09, GW12 CRY (A) 0.11, GW13 NFO (H) 0.09, GW14 BOU (A) 0.07, GW15 TOT (H) 0.12, GW16 MCI (A) 0.04, GW17 LIV (H) 0.08, GW18 LEE (H) 0.1, GW19 SUN (A) 0.08, GW20 NFO (A) 0.1, GW21 ARS (H) 0.13, GW22 IPS (A) 0.11, GW23 CRY (H) 0.19, GW24 BHA (A) 0.07, GW25 SUN (H) 0.09, GW26 LIV (A) 0.06, GW27 MCI (H) 0.09, GW28 LEE (A) 0.07, GW29 AVL (A) 0.25, GW30 CHE (H) 0.16, GW31 MUN (A) 0.05, GW32 COV (H) 0.21, GW33 TOT (A) 0.1, GW34 BOU (H) 0.11, GW35 EVE (A) 0.08, GW36 FUL (H) 0.15, GW37 BRE (A) 0.08, GW38 NEW (H) 0.1"
Joe Gelhardt,MID,Hull City,5.0,0.39,1.51,1.0,"EVE (H) 0.39, FUL (A) 0.42, BRE (H) 0.5, IPS (H) 0.55, ARS (A) 0.51","GW6 EVE (H) 0.39, GW7 FUL (A) 0.42, GW8 BRE (H) 0.5, GW9 IPS (H) 0.55, GW10 ARS (A) 0.51, GW11 BHA (H) 0.56, GW12 CRY (A) 0.6, GW13 NFO (H) 0.57, GW14 BOU (A) 0.52, GW15 TOT (H) 0.61, GW16 MCI (A) 0.53, GW17 LIV (H) 0.58, GW18 LEE (H) 0.6, GW19 SUN (A) 0.55, GW20 NFO (A) 0.58, GW21 ARS (H) 0.62, GW22 IPS (A) 0.6, GW23 CRY (H) 0.73, GW24 BHA (A) 0.55, GW25 SUN (H) 0.58, GW26 LIV (A) 0.54, GW27 MCI (H) 0.58, GW28 LEE (A) 0.56, GW29 AVL (A) 0.73, GW30 CHE (H) 0.7, GW31 MUN (A) 0.54, GW32 COV (H) 0.75, GW33 TOT (A) 0.59, GW34 BOU (H) 0.59, GW35 EVE (A) 0.57, GW36 FUL (H) 0.65, GW37 BRE (A) 0.57, GW38 NEW (H) 0.61"
Matt Targett,DEF,Hull City,4.0,0.57,2.69,1.0,"EVE (H) 0.57, FUL (A) 0.72, BRE (H) 0.89, IPS (H) 1.15, ARS (A) 1.07","GW6 EVE (H) 0.57, GW7 FUL (A) 0.72, GW8 BRE (H) 0.89, GW9 IPS (H) 1.15, GW10 ARS (A) 1.07, GW11 BHA (H) 1.29, GW12 CRY (A) 1.43, GW13 NFO (H) 1.39, GW14 BOU (A) 1.4, GW15 TOT (H) 1.59, GW16 MCI (A) 1.39, GW17 LIV (H) 1.46, GW18 LEE (H) 1.52, GW19 SUN (A) 1.48, GW20 NFO (A) 1.52, GW21 ARS (H) 1.48, GW22 IPS (A) 1.66, GW23 CRY (H) 1.77, GW24 BHA (A) 1.5, GW25 SUN (H) 1.5, GW26 LIV (A) 1.5, GW27 MCI (H) 1.5, GW28 LEE (A) 1.55, GW29 AVL (A) 1.7, GW30 CHE (H) 1.64, GW31 MUN (A) 1.48, GW32 COV (H) 1.81, GW33 TOT (A) 1.63, GW34 BOU (H) 1.55, GW35 EVE (A) 1.57, GW36 FUL (H) 1.71, GW37 BRE (A) 1.54, GW38 NEW (H) 1.55"
Hidemasa Morita,MID,Hull City,4.9,0.4,1.74,1.0,"EVE (H) 0.4, FUL (A) 0.47, BRE (H) 0.61, IPS (H) 0.68, ARS (A) 0.64","GW6 EVE (H) 0.4, GW7 FUL (A) 0.47, GW8 BRE (H) 0.61, GW9 IPS (H) 0.68, GW10 ARS (A) 0.64, GW11 BHA (H) 0.76, GW12 CRY (A) 0.8, GW13 NFO (H) 0.82, GW14 BOU (A) 0.75, GW15 TOT (H) 0.9, GW16 MCI (A) 0.77, GW17 LIV (H) 0.84, GW18 LEE (H) 0.86, GW19 SUN (A) 0.9, GW20 NFO (A) 0.89, GW21 ARS (H) 0.85, GW22 IPS (A) 0.86, GW23 CRY (H) 0.98, GW24 BHA (A) 0.84, GW25 SUN (H) 0.92, GW26 LIV (A) 0.82, GW27 MCI (H) 0.85, GW28 LEE (A) 0.84, GW29 AVL (A) 1.05, GW30 CHE (H) 0.98, GW31 MUN (A) 0.81, GW32 COV (H) 1.02, GW33 TOT (A) 0.94, GW34 BOU (H) 0.87, GW35 EVE (A) 0.85, GW36 FUL (H) 0.92, GW37 BRE (A) 0.86, GW38 NEW (H) 0.91"
Konstantinos Tzolakis,GK,Hull City,4.7,4.16,12.77,34.0,"EVE (H) 4.16, FUL (A) 3.95, BRE (H) 3.76, IPS (H) 3.79, ARS (A) 2.91","GW6 EVE (H) 4.16, GW7 FUL (A) 3.95, GW8 BRE (H) 3.76, GW9 IPS (H) 3.79, GW10 ARS (A) 2.91, GW11 BHA (H) 3.34, GW12 CRY (A) 3.31, GW13 NFO (H) 3.55, GW14 BOU (A) 2.82, GW15 TOT (H) 3.41, GW16 MCI (A) 1.99, GW17 LIV (H) 2.64, GW18 LEE (H) 2.84, GW19 SUN (A) 3.75, GW20 NFO (A) 3.32, GW21 ARS (H) 2.62, GW22 IPS (A) 3.01, GW23 CRY (H) 3.38, GW24 BHA (A) 2.61, GW25 SUN (H) 3.75, GW26 LIV (A) 2.45, GW27 MCI (H) 2.28, GW28 LEE (A) 2.67, GW29 AVL (A) 3.15, GW30 CHE (H) 2.88, GW31 MUN (A) 2.15, GW32 COV (H) 3.4, GW33 TOT (A) 3.55, GW34 BOU (H) 2.74, GW35 EVE (A) 2.91, GW36 FUL (H) 3.23, GW37 BRE (A) 2.82, GW38 NEW (H) 2.75"
Jens Hjertø-Dahl,MID,Hull City,4.9,0.48,1.86,1.0,"EVE (H) 0.48, FUL (A) 0.52, BRE (H) 0.63, IPS (H) 0.67, ARS (A) 0.61","GW6 EVE (H) 0.48, GW7 FUL (A) 0.52, GW8 BRE (H) 0.63, GW9 IPS (H) 0.67, GW10 ARS (A) 0.61, GW11 BHA (H) 0.71, GW12 CRY (A) 0.74, GW13 NFO (H) 0.75, GW14 BOU (A) 0.68, GW15 TOT (H) 0.81, GW16 MCI (A) 0.68, GW17 LIV (H) 0.74, GW18 LEE (H) 0.76, GW19 SUN (A) 0.8, GW20 NFO (A) 0.79, GW21 ARS (H) 0.74, GW22 IPS (A) 0.76, GW23 CRY (H) 0.87, GW24 BHA (A) 0.73, GW25 SUN (H) 0.81, GW26 LIV (A) 0.72, GW27 MCI (H) 0.74, GW28 LEE (A) 0.73, GW29 AVL (A) 0.94, GW30 CHE (H) 0.87, GW31 MUN (A) 0.7, GW32 COV (H) 0.91, GW33 TOT (A) 0.83, GW34 BOU (H) 0.76, GW35 EVE (A) 0.74, GW36 FUL (H) 0.81, GW37 BRE (A) 0.75, GW38 NEW (H) 0.8"
Elliot Stroud,MID,Hull City,5.0,1.1,3.73,7.0,"EVE (H) 1.1, FUL (A) 1.11, BRE (H) 1.12, IPS (H) 1.25, ARS (A) 1.05","GW6 EVE (H) 1.1, GW7 FUL (A) 1.11, GW8 BRE (H) 1.12, GW9 IPS (H) 1.25, GW10 ARS (A) 1.05, GW11 BHA (H) 1.11, GW12 CRY (A) 1.21, GW13 NFO (H) 1.18, GW14 BOU (A) 1.07, GW15 TOT (H) 1.23, GW16 MCI (A) 1.04, GW17 LIV (H) 1.1, GW18 LEE (H) 1.12, GW19 SUN (A) 1.23, GW20 NFO (A) 1.23, GW21 ARS (H) 1.02, GW22 IPS (A) 1.31, GW23 CRY (H) 1.29, GW24 BHA (A) 1.09, GW25 SUN (H) 1.2, GW26 LIV (A) 1.09, GW27 MCI (H) 1.05, GW28 LEE (A) 1.11, GW29 AVL (A) 1.32, GW30 CHE (H) 1.25, GW31 MUN (A) 1.05, GW32 COV (H) 1.32, GW33 TOT (A) 1.28, GW34 BOU (H) 1.1, GW35 EVE (A) 1.17, GW36 FUL (H) 1.22, GW37 BRE (A) 1.12, GW38 NEW (H) 1.12"
Lucas Herrington,DEF,Hull City,4.0,1.03,3.43,5.0,"EVE (H) 1.03, FUL (A) 1.02, BRE (H) 1.05, IPS (H) 1.11, ARS (A) 0.95","GW6 EVE (H) 1.03, GW7 FUL (A) 1.02, GW8 BRE (H) 1.05, GW9 IPS (H) 1.11, GW10 ARS (A) 0.95, GW11 BHA (H) 1.13, GW12 CRY (A) 1.18, GW13 NFO (H) 1.13, GW14 BOU (A) 1.08, GW15 TOT (H) 1.18, GW16 MCI (A) 0.91, GW17 LIV (H) 1.09, GW18 LEE (H) 1.19, GW19 SUN (A) 1.26, GW20 NFO (A) 1.2, GW21 ARS (H) 1.23, GW22 IPS (A) 1.19, GW23 CRY (H) 1.4, GW24 BHA (A) 1.11, GW25 SUN (H) 1.26, GW26 LIV (A) 1.07, GW27 MCI (H) 1.08, GW28 LEE (A) 1.13, GW29 AVL (A) 1.32, GW30 CHE (H) 1.3, GW31 MUN (A) 1.04, GW32 COV (H) 1.43, GW33 TOT (A) 1.41, GW34 BOU (H) 1.23, GW35 EVE (A) 1.21, GW36 FUL (H) 1.31, GW37 BRE (A) 1.15, GW38 NEW (H) 1.2"
Nobel Mendy,DEF,Hull City,4.1,2.38,7.68,25.0,"EVE (H) 2.38, FUL (A) 2.36, BRE (H) 2.47, IPS (H) 2.15, ARS (A) 2.08","GW6 EVE (H) 2.38, GW7 FUL (A) 2.36, GW8 BRE (H) 2.47, GW9 IPS (H) 2.15, GW10 ARS (A) 2.08, GW11 BHA (H) 2.4, GW12 CRY (A) 2.11, GW13 NFO (H) 2.16, GW14 BOU (A) 2.07, GW15 TOT (H) 1.89, GW16 MCI (A) 1.17, GW17 LIV (H) 1.61, GW18 LEE (H) 1.74, GW19 SUN (A) 2.04, GW20 NFO (A) 2.08, GW21 ARS (H) 2.01, GW22 IPS (A) 1.74, GW23 CRY (H) 1.97, GW24 BHA (A) 1.99, GW25 SUN (H) 2.03, GW26 LIV (A) 1.52, GW27 MCI (H) 1.27, GW28 LEE (A) 1.66, GW29 AVL (A) 2.42, GW30 CHE (H) 1.81, GW31 MUN (A) 1.21, GW32 COV (H) 1.99, GW33 TOT (A) 1.96, GW34 BOU (H) 2.08, GW35 EVE (A) 1.8, GW36 FUL (H) 1.96, GW37 BRE (A) 2.09, GW38 NEW (H) 1.55"
Lucas Gourna-Douath,MID,Hull City,5.0,0.96,3.49,4.0,"EVE (H) 0.96, FUL (A) 0.99, BRE (H) 1.08, IPS (H) 1.26, ARS (A) 1.09","GW6 EVE (H) 0.96, GW7 FUL (A) 0.99, GW8 BRE (H) 1.08, GW9 IPS (H) 1.26, GW10 ARS (A) 1.09, GW11 BHA (H) 1.17, GW12 CRY (A) 1.23, GW13 NFO (H) 1.19, GW14 BOU (A) 1.14, GW15 TOT (H) 1.31, GW16 MCI (A) 1.11, GW17 LIV (H) 1.19, GW18 LEE (H) 1.21, GW19 SUN (A) 1.27, GW20 NFO (A) 1.26, GW21 ARS (H) 1.18, GW22 IPS (A) 1.43, GW23 CRY (H) 1.43, GW24 BHA (A) 1.19, GW25 SUN (H) 1.28, GW26 LIV (A) 1.17, GW27 MCI (H) 1.18, GW28 LEE (A) 1.19, GW29 AVL (A) 1.42, GW30 CHE (H) 1.35, GW31 MUN (A) 1.15, GW32 COV (H) 1.47, GW33 TOT (A) 1.3, GW34 BOU (H) 1.24, GW35 EVE (A) 1.26, GW36 FUL (H) 1.37, GW37 BRE (A) 1.23, GW38 NEW (H) 1.27"
Mohamed-Ali Cho,MID,Hull City,5.0,2.32,7.15,9.0,"EVE (H) 2.32, FUL (A) 2.18, BRE (H) 2.08, IPS (H) 2.13, ARS (A) 1.82","GW6 EVE (H) 2.32, GW7 FUL (A) 2.18, GW8 BRE (H) 2.08, GW9 IPS (H) 2.13, GW10 ARS (A) 1.82, GW11 BHA (H) 1.82, GW12 CRY (A) 1.8, GW13 NFO (H) 1.72, GW14 BOU (A) 1.72, GW15 TOT (H) 1.75, GW16 MCI (A) 1.41, GW17 LIV (H) 1.53, GW18 LEE (H) 1.51, GW19 SUN (A) 1.69, GW20 NFO (A) 1.63, GW21 ARS (H) 1.57, GW22 IPS (A) 1.73, GW23 CRY (H) 1.72, GW24 BHA (A) 1.44, GW25 SUN (H) 1.65, GW26 LIV (A) 1.44, GW27 MCI (H) 1.48, GW28 LEE (A) 1.43, GW29 AVL (A) 1.91, GW30 CHE (H) 1.69, GW31 MUN (A) 1.48, GW32 COV (H) 1.73, GW33 TOT (A) 1.67, GW34 BOU (H) 1.69, GW35 EVE (A) 1.57, GW36 FUL (H) 1.64, GW37 BRE (A) 1.7, GW38 NEW (H) 1.59"
Ilyas Ansah,FWD,Hull City,5.0,0.27,1.33,0.0,"EVE (H) 0.27, FUL (A) 0.33, BRE (H) 0.4, IPS (H) 0.67, ARS (A) 0.51","GW6 EVE (H) 0.27, GW7 FUL (A) 0.33, GW8 BRE (H) 0.4, GW9 IPS (H) 0.67, GW10 ARS (A) 0.51, GW11 BHA (H) 0.56, GW12 CRY (A) 0.66, GW13 NFO (H) 0.62, GW14 BOU (A) 0.57, GW15 TOT (H) 0.73, GW16 MCI (A) 0.57, GW17 LIV (H) 0.66, GW18 LEE (H) 0.64, GW19 SUN (A) 0.8, GW20 NFO (A) 0.75, GW21 ARS (H) 0.62, GW22 IPS (A) 0.98, GW23 CRY (H) 0.85, GW24 BHA (A) 0.69, GW25 SUN (H) 0.78, GW26 LIV (A) 0.66, GW27 MCI (H) 0.64, GW28 LEE (A) 0.64, GW29 AVL (A) 0.87, GW30 CHE (H) 0.86, GW31 MUN (A) 0.63, GW32 COV (H) 0.89, GW33 TOT (A) 0.84, GW34 BOU (H) 0.71, GW35 EVE (A) 0.77, GW36 FUL (H) 0.82, GW37 BRE (A) 0.7, GW38 NEW (H) 0.74"
Robinio Vaz,FWD,Hull City,5.0,1.08,3.8,2.0,"EVE (H) 1.08, FUL (A) 1.11, BRE (H) 1.13, IPS (H) 1.35, ARS (A) 1.13","GW6 EVE (H) 1.08, GW7 FUL (A) 1.11, GW8 BRE (H) 1.13, GW9 IPS (H) 1.35, GW10 ARS (A) 1.13, GW11 BHA (H) 1.16, GW12 CRY (A) 1.23, GW13 NFO (H) 1.14, GW14 BOU (A) 1.07, GW15 TOT (H) 1.26, GW16 MCI (A) 1.02, GW17 LIV (H) 1.1, GW18 LEE (H) 1.08, GW19 SUN (A) 1.25, GW20 NFO (A) 1.17, GW21 ARS (H) 1.04, GW22 IPS (A) 1.39, GW23 CRY (H) 1.29, GW24 BHA (A) 1.09, GW25 SUN (H) 1.22, GW26 LIV (A) 1.06, GW27 MCI (H) 1.03, GW28 LEE (A) 1.04, GW29 AVL (A) 1.28, GW30 CHE (H) 1.29, GW31 MUN (A) 1.01, GW32 COV (H) 1.32, GW33 TOT (A) 1.29, GW34 BOU (H) 1.11, GW35 EVE (A) 1.18, GW36 FUL (H) 1.23, GW37 BRE (A) 1.1, GW38 NEW (H) 1.14"
Brooke Norton-Cuffy,DEF,Hull City,4.0,0.33,1.33,1.0,"EVE (H) 0.33, FUL (A) 0.38, BRE (H) 0.45, IPS (H) 0.49, ARS (A) 0.43","GW6 EVE (H) 0.33, GW7 FUL (A) 0.38, GW8 BRE (H) 0.45, GW9 IPS (H) 0.49, GW10 ARS (A) 0.43, GW11 BHA (H) 0.58, GW12 CRY (A) 0.66, GW13 NFO (H) 0.6, GW14 BOU (A) 0.55, GW15 TOT (H) 0.64, GW16 MCI (A) 0.56, GW17 LIV (H) 0.62, GW18 LEE (H) 0.65, GW19 SUN (A) 0.65, GW20 NFO (A) 0.71, GW21 ARS (H) 0.65, GW22 IPS (A) 0.68, GW23 CRY (H) 0.84, GW24 BHA (A) 0.69, GW25 SUN (H) 0.65, GW26 LIV (A) 0.63, GW27 MCI (H) 0.63, GW28 LEE (A) 0.64, GW29 AVL (A) 0.82, GW30 CHE (H) 0.85, GW31 MUN (A) 0.6, GW32 COV (H) 0.88, GW33 TOT (A) 0.72, GW34 BOU (H) 0.71, GW35 EVE (A) 0.73, GW36 FUL (H) 0.78, GW37 BRE (A) 0.66, GW38 NEW (H) 0.7"
Sorba Thomas,MID,Hull City,5.5,1.54,5.32,4.0,"EVE (H) 1.54, FUL (A) 1.58, BRE (H) 1.55, IPS (H) 1.93, ARS (A) 1.38","GW6 EVE (H) 1.54, GW7 FUL (A) 1.58, GW8 BRE (H) 1.55, GW9 IPS (H) 1.93, GW10 ARS (A) 1.38, GW11 BHA (H) 1.64, GW12 CRY (A) 1.83, GW13 NFO (H) 1.81, GW14 BOU (A) 1.59, GW15 TOT (H) 2.05, GW16 MCI (A) 1.74, GW17 LIV (H) 1.81, GW18 LEE (H) 1.78, GW19 SUN (A) 2.05, GW20 NFO (A) 1.93, GW21 ARS (H) 1.52, GW22 IPS (A) 2.17, GW23 CRY (H) 2.07, GW24 BHA (A) 1.66, GW25 SUN (H) 2.02, GW26 LIV (A) 1.8, GW27 MCI (H) 1.8, GW28 LEE (A) 1.75, GW29 AVL (A) 1.87, GW30 CHE (H) 2.0, GW31 MUN (A) 1.79, GW32 COV (H) 2.11, GW33 TOT (A) 2.11, GW34 BOU (H) 1.71, GW35 EVE (A) 1.89, GW36 FUL (H) 2.02, GW37 BRE (A) 1.69, GW38 NEW (H) 1.9"
Christos Mouzakitis,MID,Hull City,5.0,0.27,1.33,0.0,"EVE (H) 0.27, FUL (A) 0.35, BRE (H) 0.39, IPS (H) 0.65, ARS (A) 0.55","GW6 EVE (H) 0.27, GW7 FUL (A) 0.35, GW8 BRE (H) 0.39, GW9 IPS (H) 0.65, GW10 ARS (A) 0.55, GW11 BHA (H) 0.55, GW12 CRY (A) 0.67, GW13 NFO (H) 0.6, GW14 BOU (A) 0.59, GW15 TOT (H) 0.71, GW16 MCI (A) 0.57, GW17 LIV (H) 0.63, GW18 LEE (H) 0.61, GW19 SUN (A) 0.81, GW20 NFO (A) 0.76, GW21 ARS (H) 0.64, GW22 IPS (A) 0.98, GW23 CRY (H) 0.83, GW24 BHA (A) 0.7, GW25 SUN (H) 0.76, GW26 LIV (A) 0.66, GW27 MCI (H) 0.61, GW28 LEE (A) 0.64, GW29 AVL (A) 0.92, GW30 CHE (H) 0.84, GW31 MUN (A) 0.63, GW32 COV (H) 0.87, GW33 TOT (A) 0.85, GW34 BOU (H) 0.69, GW35 EVE (A) 0.78, GW36 FUL (H) 0.8, GW37 BRE (A) 0.71, GW38 NEW (H) 0.71"
Issa Diop,DEF,Ipswich Town,4.0,2.98,8.69,12.0,"FUL (H) 2.98, MCI (A) 2.17, NFO (H) 2.55, HUL (A) 2.48, BOU (H) 2.23","GW6 FUL (H) 2.98, GW7 MCI (A) 2.17, GW8 NFO (H) 2.55, GW9 HUL (A) 2.48, GW10 BOU (H) 2.23, GW11 TOT (A) 2.42, GW12 AVL (H) 2.41, GW13 COV (A) 2.52, GW14 LEE (A) 2.35, GW15 NEW (H) 2.37, GW16 BHA (A) 1.95, GW17 BRE (H) 2.24, GW18 CHE (H) 2.54, GW19 ARS (A) 1.54, GW20 COV (H) 2.64, GW21 BOU (A) 2.15, GW22 HUL (H) 2.63, GW23 AVL (A) 2.34, GW24 TOT (H) 2.16, GW25 ARS (H) 1.79, GW26 CHE (A) 2.42, GW27 BHA (H) 2.25, GW28 BRE (A) 2.07, GW29 LIV (A) 2.17, GW30 CRY (H) 2.77, GW31 SUN (A) 2.25, GW32 MUN (H) 2.25, GW33 NEW (A) 2.05, GW34 LEE (H) 2.65, GW35 FUL (A) 2.47, GW36 MCI (H) 2.25, GW37 NFO (A) 2.15, GW38 EVE (H) 2.79"
Saša Lukić,MID,Ipswich Town,4.9,1.91,6.11,11.0,"FUL (H) 1.91, MCI (A) 1.74, NFO (H) 1.76, HUL (A) 1.81, BOU (H) 1.81","GW6 FUL (H) 1.91, GW7 MCI (A) 1.74, GW8 NFO (H) 1.76, GW9 HUL (A) 1.81, GW10 BOU (H) 1.81, GW11 TOT (A) 1.71, GW12 AVL (H) 1.91, GW13 COV (A) 1.9, GW14 LEE (A) 1.73, GW15 NEW (H) 1.62, GW16 BHA (A) 1.7, GW17 BRE (H) 1.78, GW18 CHE (H) 1.88, GW19 ARS (A) 1.57, GW20 COV (H) 1.92, GW21 BOU (A) 1.69, GW22 HUL (H) 1.76, GW23 AVL (A) 1.82, GW24 TOT (H) 1.59, GW25 ARS (H) 1.64, GW26 CHE (A) 1.81, GW27 BHA (H) 1.76, GW28 BRE (A) 1.71, GW29 LIV (A) 1.65, GW30 CRY (H) 1.89, GW31 SUN (A) 1.62, GW32 MUN (H) 1.63, GW33 NEW (A) 1.52, GW34 LEE (H) 1.74, GW35 FUL (A) 1.69, GW36 MCI (H) 1.63, GW37 NFO (A) 1.55, GW38 EVE (H) 1.75"
Christian Walton,GK,Ipswich Town,4.4,1.0,3.3,2.0,"FUL (H) 1.0, MCI (A) 0.82, NFO (H) 1.01, HUL (A) 1.06, BOU (H) 1.0","GW6 FUL (H) 1.0, GW7 MCI (A) 0.82, GW8 NFO (H) 1.01, GW9 HUL (A) 1.06, GW10 BOU (H) 1.0, GW11 TOT (A) 1.19, GW12 AVL (H) 1.14, GW13 COV (A) 1.25, GW14 LEE (A) 1.08, GW15 NEW (H) 1.05, GW16 BHA (A) 0.94, GW17 BRE (H) 1.07, GW18 CHE (H) 1.06, GW19 ARS (A) 0.99, GW20 COV (H) 1.27, GW21 BOU (A) 1.06, GW22 HUL (H) 1.11, GW23 AVL (A) 1.19, GW24 TOT (H) 1.16, GW25 ARS (H) 1.06, GW26 CHE (A) 1.11, GW27 BHA (H) 1.07, GW28 BRE (A) 1.09, GW29 LIV (A) 0.95, GW30 CRY (H) 1.25, GW31 SUN (A) 1.23, GW32 MUN (H) 0.88, GW33 NEW (A) 1.07, GW34 LEE (H) 1.08, GW35 FUL (A) 1.14, GW36 MCI (H) 0.88, GW37 NFO (A) 1.17, GW38 EVE (H) 1.12"
Alex Palmer,GK,Ipswich Town,4.0,0.45,2.17,0.0,"FUL (H) 0.45, MCI (A) 0.5, NFO (H) 0.68, HUL (A) 0.93, BOU (H) 0.93","GW6 FUL (H) 0.45, GW7 MCI (A) 0.5, GW8 NFO (H) 0.68, GW9 HUL (A) 0.93, GW10 BOU (H) 0.93, GW11 TOT (A) 1.33, GW12 AVL (H) 1.39, GW13 COV (A) 1.65, GW14 LEE (A) 1.49, GW15 NEW (H) 1.51, GW16 BHA (A) 1.42, GW17 BRE (H) 1.47, GW18 CHE (H) 1.62, GW19 ARS (A) 1.4, GW20 COV (H) 1.81, GW21 BOU (A) 1.47, GW22 HUL (H) 1.74, GW23 AVL (A) 1.57, GW24 TOT (H) 1.74, GW25 ARS (H) 1.46, GW26 CHE (A) 1.65, GW27 BHA (H) 1.55, GW28 BRE (A) 1.52, GW29 LIV (A) 1.57, GW30 CRY (H) 1.83, GW31 SUN (A) 1.66, GW32 MUN (H) 1.57, GW33 NEW (A) 1.6, GW34 LEE (H) 1.64, GW35 FUL (A) 1.64, GW36 MCI (H) 1.57, GW37 NFO (A) 1.63, GW38 EVE (H) 1.65"
David Button,GK,Ipswich Town,4.0,0.07,0.28,0.0,"FUL (H) 0.07, MCI (A) -0.0, NFO (H) 0.08, HUL (A) 0.13, BOU (H) 0.16","GW6 FUL (H) 0.07, GW7 MCI (A) -0.0, GW8 NFO (H) 0.08, GW9 HUL (A) 0.13, GW10 BOU (H) 0.16, GW11 TOT (A) 0.19, GW12 AVL (H) 0.26, GW13 COV (A) 0.5, GW14 LEE (A) 0.18, GW15 NEW (H) 0.22, GW16 BHA (A) 0.24, GW17 BRE (H) 0.28, GW18 CHE (H) 0.39, GW19 ARS (A) 0.34, GW20 COV (H) 0.46, GW21 BOU (A) 0.23, GW22 HUL (H) 0.31, GW23 AVL (A) 0.3, GW24 TOT (H) 0.29, GW25 ARS (H) 0.4, GW26 CHE (A) 0.39, GW27 BHA (H) 0.31, GW28 BRE (A) 0.26, GW29 LIV (A) 0.22, GW30 CRY (H) 0.45, GW31 SUN (A) 0.28, GW32 MUN (H) 0.22, GW33 NEW (A) 0.24, GW34 LEE (H) 0.26, GW35 FUL (A) 0.32, GW36 MCI (H) 0.22, GW37 NFO (A) 0.29, GW38 EVE (H) 0.34"
Cédric Kipré,DEF,Ipswich Town,3.9,0.16,0.5,0.0,"FUL (H) 0.16, MCI (A) 0.08, NFO (H) 0.14, HUL (A) 0.18, BOU (H) 0.18","GW6 FUL (H) 0.16, GW7 MCI (A) 0.08, GW8 NFO (H) 0.14, GW9 HUL (A) 0.18, GW10 BOU (H) 0.18, GW11 TOT (A) 0.21, GW12 AVL (H) 0.25, GW13 COV (A) 0.49, GW14 LEE (A) 0.17, GW15 NEW (H) 0.2, GW16 BHA (A) 0.21, GW17 BRE (H) 0.24, GW18 CHE (H) 0.34, GW19 ARS (A) 0.17, GW20 COV (H) 0.41, GW21 BOU (A) 0.18, GW22 HUL (H) 0.26, GW23 AVL (A) 0.24, GW24 TOT (H) 0.24, GW25 ARS (H) 0.21, GW26 CHE (A) 0.33, GW27 BHA (H) 0.24, GW28 BRE (A) 0.2, GW29 LIV (A) 0.16, GW30 CRY (H) 0.39, GW31 SUN (A) 0.22, GW32 MUN (H) 0.16, GW33 NEW (A) 0.19, GW34 LEE (H) 0.19, GW35 FUL (A) 0.26, GW36 MCI (H) 0.16, GW37 NFO (A) 0.23, GW38 EVE (H) 0.28"
Dara O'Shea,DEF,Ipswich Town,4.0,2.31,6.15,10.0,"FUL (H) 2.31, MCI (A) 1.44, NFO (H) 1.58, HUL (A) 1.58, BOU (H) 1.73","GW6 FUL (H) 2.31, GW7 MCI (A) 1.44, GW8 NFO (H) 1.58, GW9 HUL (A) 1.58, GW10 BOU (H) 1.73, GW11 TOT (A) 1.18, GW12 AVL (H) 1.67, GW13 COV (A) 1.64, GW14 LEE (A) 1.08, GW15 NEW (H) 1.16, GW16 BHA (A) 1.05, GW17 BRE (H) 1.52, GW18 CHE (H) 1.74, GW19 ARS (A) 0.53, GW20 COV (H) 1.95, GW21 BOU (A) 1.21, GW22 HUL (H) 1.62, GW23 AVL (A) 1.18, GW24 TOT (H) 0.82, GW25 ARS (H) 1.0, GW26 CHE (A) 1.38, GW27 BHA (H) 1.51, GW28 BRE (A) 1.11, GW29 LIV (A) 0.82, GW30 CRY (H) 1.85, GW31 SUN (A) 0.57, GW32 MUN (H) 0.98, GW33 NEW (A) 0.8, GW34 LEE (H) 1.23, GW35 FUL (A) 1.24, GW36 MCI (H) 0.98, GW37 NFO (A) 0.9, GW38 EVE (H) 1.62"
Leif Davis,DEF,Ipswich Town,4.0,5.95,17.24,25.0,"FUL (H) 5.95, MCI (A) 4.87, NFO (H) 4.35, HUL (A) 4.88, BOU (H) 4.83","GW6 FUL (H) 5.95, GW7 MCI (A) 4.87, GW8 NFO (H) 4.35, GW9 HUL (A) 4.88, GW10 BOU (H) 4.83, GW11 TOT (A) 3.89, GW12 AVL (H) 5.03, GW13 COV (A) 4.45, GW14 LEE (A) 3.03, GW15 NEW (H) 2.51, GW16 BHA (A) 2.93, GW17 BRE (H) 3.56, GW18 CHE (H) 3.9, GW19 ARS (A) 2.71, GW20 COV (H) 4.13, GW21 BOU (A) 2.9, GW22 HUL (H) 3.71, GW23 AVL (A) 3.44, GW24 TOT (H) 2.49, GW25 ARS (H) 2.18, GW26 CHE (A) 3.43, GW27 BHA (H) 3.45, GW28 BRE (A) 2.89, GW29 LIV (A) 2.61, GW30 CRY (H) 4.0, GW31 SUN (A) 2.36, GW32 MUN (H) 1.75, GW33 NEW (A) 1.8, GW34 LEE (H) 3.19, GW35 FUL (A) 3.31, GW36 MCI (H) 2.15, GW37 NFO (A) 2.09, GW38 EVE (H) 3.78"
Jacob Greaves,DEF,Ipswich Town,4.0,0.98,3.83,3.0,"FUL (H) 0.98, MCI (A) 0.95, NFO (H) 1.16, HUL (A) 1.35, BOU (H) 1.53","GW6 FUL (H) 0.98, GW7 MCI (A) 0.95, GW8 NFO (H) 1.16, GW9 HUL (A) 1.35, GW10 BOU (H) 1.53, GW11 TOT (A) 1.52, GW12 AVL (H) 1.64, GW13 COV (A) 1.74, GW14 LEE (A) 1.53, GW15 NEW (H) 1.5, GW16 BHA (A) 1.59, GW17 BRE (H) 1.7, GW18 CHE (H) 1.81, GW19 ARS (A) 1.59, GW20 COV (H) 1.94, GW21 BOU (A) 1.8, GW22 HUL (H) 1.79, GW23 AVL (A) 1.78, GW24 TOT (H) 1.52, GW25 ARS (H) 1.72, GW26 CHE (A) 1.81, GW27 BHA (H) 1.76, GW28 BRE (A) 1.71, GW29 LIV (A) 1.61, GW30 CRY (H) 1.95, GW31 SUN (A) 1.6, GW32 MUN (H) 1.63, GW33 NEW (A) 1.54, GW34 LEE (H) 1.71, GW35 FUL (A) 1.75, GW36 MCI (H) 1.63, GW37 NFO (A) 1.57, GW38 EVE (H) 1.8"
Ben Johnson,DEF,Ipswich Town,4.0,0.03,0.1,0.0,"FUL (H) 0.03, MCI (A) -0.03, NFO (H) -0.0, HUL (A) 0.08, BOU (H) 0.07","GW6 FUL (H) 0.03, GW7 MCI (A) -0.03, GW8 NFO (H) -0.0, GW9 HUL (A) 0.08, GW10 BOU (H) 0.07, GW11 TOT (A) 0.1, GW12 AVL (H) 0.18, GW13 COV (A) 0.22, GW14 LEE (A) 0.06, GW15 NEW (H) 0.08, GW16 BHA (A) 0.08, GW17 BRE (H) 0.11, GW18 CHE (H) 0.15, GW19 ARS (A) 0.11, GW20 COV (H) 0.26, GW21 BOU (A) 0.1, GW22 HUL (H) 0.17, GW23 AVL (A) 0.19, GW24 TOT (H) 0.15, GW25 ARS (H) 0.13, GW26 CHE (A) 0.14, GW27 BHA (H) 0.12, GW28 BRE (A) 0.1, GW29 LIV (A) 0.05, GW30 CRY (H) 0.24, GW31 SUN (A) 0.09, GW32 MUN (H) 0.07, GW33 NEW (A) 0.07, GW34 LEE (H) 0.09, GW35 FUL (A) 0.08, GW36 MCI (H) 0.07, GW37 NFO (A) 0.1, GW38 EVE (H) 0.09"
Darnell Furlong,DEF,Ipswich Town,3.9,0.26,1.09,1.0,"FUL (H) 0.26, MCI (A) 0.24, NFO (H) 0.35, HUL (A) 0.41, BOU (H) 0.46","GW6 FUL (H) 0.26, GW7 MCI (A) 0.24, GW8 NFO (H) 0.35, GW9 HUL (A) 0.41, GW10 BOU (H) 0.46, GW11 TOT (A) 0.62, GW12 AVL (H) 0.58, GW13 COV (A) 0.77, GW14 LEE (A) 0.49, GW15 NEW (H) 0.52, GW16 BHA (A) 0.55, GW17 BRE (H) 0.59, GW18 CHE (H) 0.66, GW19 ARS (A) 0.56, GW20 COV (H) 0.71, GW21 BOU (A) 0.54, GW22 HUL (H) 0.59, GW23 AVL (A) 0.62, GW24 TOT (H) 0.54, GW25 ARS (H) 0.61, GW26 CHE (A) 0.66, GW27 BHA (H) 0.61, GW28 BRE (A) 0.57, GW29 LIV (A) 0.52, GW30 CRY (H) 0.7, GW31 SUN (A) 0.69, GW32 MUN (H) 0.5, GW33 NEW (A) 0.54, GW34 LEE (H) 0.56, GW35 FUL (A) 0.58, GW36 MCI (H) 0.5, GW37 NFO (A) 0.58, GW38 EVE (H) 0.6"
Marcelino Núñez,MID,Ipswich Town,4.9,0.54,2.29,6.0,"FUL (H) 0.54, MCI (A) 0.54, NFO (H) 0.77, HUL (A) 0.83, BOU (H) 0.92","GW6 FUL (H) 0.54, GW7 MCI (A) 0.54, GW8 NFO (H) 0.77, GW9 HUL (A) 0.83, GW10 BOU (H) 0.92, GW11 TOT (A) 1.0, GW12 AVL (H) 1.12, GW13 COV (A) 1.25, GW14 LEE (A) 1.03, GW15 NEW (H) 1.12, GW16 BHA (A) 1.07, GW17 BRE (H) 1.18, GW18 CHE (H) 1.27, GW19 ARS (A) 1.04, GW20 COV (H) 1.35, GW21 BOU (A) 1.09, GW22 HUL (H) 1.24, GW23 AVL (A) 1.21, GW24 TOT (H) 1.24, GW25 ARS (H) 1.18, GW26 CHE (A) 1.23, GW27 BHA (H) 1.23, GW28 BRE (A) 1.14, GW29 LIV (A) 1.11, GW30 CRY (H) 1.35, GW31 SUN (A) 1.18, GW32 MUN (H) 1.16, GW33 NEW (A) 1.13, GW34 LEE (H) 1.21, GW35 FUL (A) 1.14, GW36 MCI (H) 1.16, GW37 NFO (A) 1.18, GW38 EVE (H) 1.22"
Azor Matusiwa,MID,Ipswich Town,4.9,0.15,0.65,0.0,"FUL (H) 0.15, MCI (A) 0.15, NFO (H) 0.22, HUL (A) 0.24, BOU (H) 0.26","GW6 FUL (H) 0.15, GW7 MCI (A) 0.15, GW8 NFO (H) 0.22, GW9 HUL (A) 0.24, GW10 BOU (H) 0.26, GW11 TOT (A) 0.34, GW12 AVL (H) 0.33, GW13 COV (A) 0.48, GW14 LEE (A) 0.29, GW15 NEW (H) 0.33, GW16 BHA (A) 0.31, GW17 BRE (H) 0.34, GW18 CHE (H) 0.4, GW19 ARS (A) 0.29, GW20 COV (H) 0.43, GW21 BOU (A) 0.3, GW22 HUL (H) 0.36, GW23 AVL (A) 0.36, GW24 TOT (H) 0.4, GW25 ARS (H) 0.32, GW26 CHE (A) 0.39, GW27 BHA (H) 0.35, GW28 BRE (A) 0.33, GW29 LIV (A) 0.31, GW30 CRY (H) 0.41, GW31 SUN (A) 0.4, GW32 MUN (H) 0.31, GW33 NEW (A) 0.34, GW34 LEE (H) 0.33, GW35 FUL (A) 0.32, GW36 MCI (H) 0.31, GW37 NFO (A) 0.39, GW38 EVE (H) 0.34"
Wes Burns,MID,Ipswich Town,5.0,-0.01,0.1,0.0,"FUL (H) -0.01, MCI (A) -0.01, NFO (H) 0.04, HUL (A) 0.08, BOU (H) 0.11","GW6 FUL (H) -0.01, GW7 MCI (A) -0.01, GW8 NFO (H) 0.04, GW9 HUL (A) 0.08, GW10 BOU (H) 0.11, GW11 TOT (A) 0.18, GW12 AVL (H) 0.2, GW13 COV (A) 0.23, GW14 LEE (A) 0.15, GW15 NEW (H) 0.19, GW16 BHA (A) 0.18, GW17 BRE (H) 0.22, GW18 CHE (H) 0.28, GW19 ARS (A) 0.22, GW20 COV (H) 0.32, GW21 BOU (A) 0.2, GW22 HUL (H) 0.26, GW23 AVL (A) 0.25, GW24 TOT (H) 0.31, GW25 ARS (H) 0.27, GW26 CHE (A) 0.27, GW27 BHA (H) 0.24, GW28 BRE (A) 0.21, GW29 LIV (A) 0.2, GW30 CRY (H) 0.31, GW31 SUN (A) 0.28, GW32 MUN (H) 0.23, GW33 NEW (A) 0.2, GW34 LEE (H) 0.23, GW35 FUL (A) 0.21, GW36 MCI (H) 0.23, GW37 NFO (A) 0.23, GW38 EVE (H) 0.24"
Jack Taylor,MID,Ipswich Town,4.4,0.08,0.35,0.0,"FUL (H) 0.08, MCI (A) 0.06, NFO (H) 0.11, HUL (A) 0.14, BOU (H) 0.16","GW6 FUL (H) 0.08, GW7 MCI (A) 0.06, GW8 NFO (H) 0.11, GW9 HUL (A) 0.14, GW10 BOU (H) 0.16, GW11 TOT (A) 0.17, GW12 AVL (H) 0.26, GW13 COV (A) 0.26, GW14 LEE (A) 0.16, GW15 NEW (H) 0.2, GW16 BHA (A) 0.16, GW17 BRE (H) 0.21, GW18 CHE (H) 0.26, GW19 ARS (A) 0.19, GW20 COV (H) 0.31, GW21 BOU (A) 0.18, GW22 HUL (H) 0.25, GW23 AVL (A) 0.27, GW24 TOT (H) 0.23, GW25 ARS (H) 0.24, GW26 CHE (A) 0.24, GW27 BHA (H) 0.22, GW28 BRE (A) 0.19, GW29 LIV (A) 0.16, GW30 CRY (H) 0.3, GW31 SUN (A) 0.18, GW32 MUN (H) 0.19, GW33 NEW (A) 0.18, GW34 LEE (H) 0.21, GW35 FUL (A) 0.19, GW36 MCI (H) 0.19, GW37 NFO (A) 0.21, GW38 EVE (H) 0.22"
Jack Clarke,MID,Ipswich Town,5.4,1.51,5.27,11.0,"FUL (H) 1.51, MCI (A) 1.36, NFO (H) 1.65, HUL (A) 1.73, BOU (H) 1.68","GW6 FUL (H) 1.51, GW7 MCI (A) 1.36, GW8 NFO (H) 1.65, GW9 HUL (A) 1.73, GW10 BOU (H) 1.68, GW11 TOT (A) 1.94, GW12 AVL (H) 1.87, GW13 COV (A) 1.98, GW14 LEE (A) 1.78, GW15 NEW (H) 1.83, GW16 BHA (A) 1.75, GW17 BRE (H) 1.84, GW18 CHE (H) 1.99, GW19 ARS (A) 1.46, GW20 COV (H) 2.11, GW21 BOU (A) 1.78, GW22 HUL (H) 2.0, GW23 AVL (A) 1.92, GW24 TOT (H) 1.92, GW25 ARS (H) 1.65, GW26 CHE (A) 1.96, GW27 BHA (H) 1.87, GW28 BRE (A) 1.82, GW29 LIV (A) 1.81, GW30 CRY (H) 2.11, GW31 SUN (A) 2.01, GW32 MUN (H) 1.85, GW33 NEW (A) 1.83, GW34 LEE (H) 1.89, GW35 FUL (A) 1.88, GW36 MCI (H) 1.81, GW37 NFO (A) 1.86, GW38 EVE (H) 1.94"
Chiedozie Ogbene,MID,Ipswich Town,4.9,-0.01,0.02,0.0,"FUL (H) -0.01, MCI (A) -0.03, NFO (H) -0.0, HUL (A) 0.05, BOU (H) 0.03","GW6 FUL (H) -0.01, GW7 MCI (A) -0.03, GW8 NFO (H) -0.0, GW9 HUL (A) 0.05, GW10 BOU (H) 0.03, GW11 TOT (A) 0.07, GW12 AVL (H) 0.12, GW13 COV (A) 0.15, GW14 LEE (A) 0.05, GW15 NEW (H) 0.04, GW16 BHA (A) 0.05, GW17 BRE (H) 0.06, GW18 CHE (H) 0.1, GW19 ARS (A) 0.07, GW20 COV (H) 0.15, GW21 BOU (A) 0.06, GW22 HUL (H) 0.09, GW23 AVL (A) 0.15, GW24 TOT (H) 0.07, GW25 ARS (H) 0.07, GW26 CHE (A) 0.12, GW27 BHA (H) 0.06, GW28 BRE (A) 0.07, GW29 LIV (A) 0.04, GW30 CRY (H) 0.13, GW31 SUN (A) 0.06, GW32 MUN (H) 0.03, GW33 NEW (A) 0.06, GW34 LEE (H) 0.05, GW35 FUL (A) 0.07, GW36 MCI (H) 0.03, GW37 NFO (A) 0.08, GW38 EVE (H) 0.06"
Abdul Fatawu,MID,Ipswich Town,5.4,1.07,4.46,8.0,"FUL (H) 1.07, MCI (A) 1.16, NFO (H) 1.56, HUL (A) 1.65, BOU (H) 1.49","GW6 FUL (H) 1.07, GW7 MCI (A) 1.16, GW8 NFO (H) 1.56, GW9 HUL (A) 1.65, GW10 BOU (H) 1.49, GW11 TOT (A) 2.07, GW12 AVL (H) 1.82, GW13 COV (A) 2.08, GW14 LEE (A) 1.9, GW15 NEW (H) 2.06, GW16 BHA (A) 1.87, GW17 BRE (H) 1.96, GW18 CHE (H) 2.12, GW19 ARS (A) 1.51, GW20 COV (H) 2.26, GW21 BOU (A) 1.77, GW22 HUL (H) 2.12, GW23 AVL (A) 2.01, GW24 TOT (H) 1.96, GW25 ARS (H) 1.63, GW26 CHE (A) 2.15, GW27 BHA (H) 2.03, GW28 BRE (A) 2.01, GW29 LIV (A) 1.97, GW30 CRY (H) 2.27, GW31 SUN (A) 2.3, GW32 MUN (H) 2.2, GW33 NEW (A) 2.16, GW34 LEE (H) 2.06, GW35 FUL (A) 2.09, GW36 MCI (H) 2.0, GW37 NFO (A) 2.19, GW38 EVE (H) 2.1"
Emersonn Correia da Silva,FWD,Ipswich Town,5.5,4.75,14.16,26.0,"FUL (H) 4.75, MCI (A) 4.1, NFO (H) 4.15, HUL (A) 3.95, BOU (H) 3.45","GW6 FUL (H) 4.75, GW7 MCI (A) 4.1, GW8 NFO (H) 4.15, GW9 HUL (A) 3.95, GW10 BOU (H) 3.45, GW11 TOT (A) 3.68, GW12 AVL (H) 3.51, GW13 COV (A) 3.43, GW14 LEE (A) 2.89, GW15 NEW (H) 2.86, GW16 BHA (A) 2.78, GW17 BRE (H) 2.74, GW18 CHE (H) 3.11, GW19 ARS (A) 1.85, GW20 COV (H) 3.11, GW21 BOU (A) 2.42, GW22 HUL (H) 2.88, GW23 AVL (A) 2.85, GW24 TOT (H) 2.97, GW25 ARS (H) 1.81, GW26 CHE (A) 3.01, GW27 BHA (H) 2.62, GW28 BRE (A) 2.5, GW29 LIV (A) 2.78, GW30 CRY (H) 3.03, GW31 SUN (A) 3.06, GW32 MUN (H) 2.51, GW33 NEW (A) 2.56, GW34 LEE (H) 2.73, GW35 FUL (A) 2.78, GW36 MCI (H) 2.51, GW37 NFO (A) 2.74, GW38 EVE (H) 2.86"
George Hirst,FWD,Ipswich Town,5.0,0.15,0.92,0.0,"FUL (H) 0.15, MCI (A) 0.06, NFO (H) 0.13, HUL (A) 0.86, BOU (H) 0.25","GW6 FUL (H) 0.15, GW7 MCI (A) 0.06, GW8 NFO (H) 0.13, GW9 HUL (A) 0.86, GW10 BOU (H) 0.25, GW11 TOT (A) 0.32, GW12 AVL (H) 0.37, GW13 COV (A) 1.16, GW14 LEE (A) 0.28, GW15 NEW (H) 0.29, GW16 BHA (A) 0.28, GW17 BRE (H) 0.33, GW18 CHE (H) 0.39, GW19 ARS (A) 0.3, GW20 COV (H) 1.29, GW21 BOU (A) 0.3, GW22 HUL (H) 1.22, GW23 AVL (A) 0.4, GW24 TOT (H) 1.26, GW25 ARS (H) 0.35, GW26 CHE (A) 0.38, GW27 BHA (H) 0.34, GW28 BRE (A) 0.32, GW29 LIV (A) 0.29, GW30 CRY (H) 1.29, GW31 SUN (A) 0.36, GW32 MUN (H) 0.29, GW33 NEW (A) 0.29, GW34 LEE (H) 0.33, GW35 FUL (A) 0.32, GW36 MCI (H) 0.29, GW37 NFO (A) 0.32, GW38 EVE (H) 0.34"
Jaden Philogene,MID,Ipswich Town,5.4,0.92,3.31,2.0,"FUL (H) 0.92, MCI (A) 0.91, NFO (H) 1.03, HUL (A) 1.08, BOU (H) 1.1","GW6 FUL (H) 0.92, GW7 MCI (A) 0.91, GW8 NFO (H) 1.03, GW9 HUL (A) 1.08, GW10 BOU (H) 1.1, GW11 TOT (A) 1.19, GW12 AVL (H) 1.27, GW13 COV (A) 1.28, GW14 LEE (A) 1.14, GW15 NEW (H) 1.2, GW16 BHA (A) 1.14, GW17 BRE (H) 1.22, GW18 CHE (H) 1.29, GW19 ARS (A) 1.16, GW20 COV (H) 1.39, GW21 BOU (A) 1.16, GW22 HUL (H) 1.29, GW23 AVL (A) 1.3, GW24 TOT (H) 1.36, GW25 ARS (H) 1.23, GW26 CHE (A) 1.26, GW27 BHA (H) 1.24, GW28 BRE (A) 1.19, GW29 LIV (A) 1.15, GW30 CRY (H) 1.38, GW31 SUN (A) 1.27, GW32 MUN (H) 1.2, GW33 NEW (A) 1.18, GW34 LEE (H) 1.24, GW35 FUL (A) 1.19, GW36 MCI (H) 1.2, GW37 NFO (A) 1.21, GW38 EVE (H) 1.24"
Sam Szmodics,MID,Ipswich Town,5.0,0.06,0.27,0.0,"FUL (H) 0.06, MCI (A) 0.04, NFO (H) 0.09, HUL (A) 0.11, BOU (H) 0.14","GW6 FUL (H) 0.06, GW7 MCI (A) 0.04, GW8 NFO (H) 0.09, GW9 HUL (A) 0.11, GW10 BOU (H) 0.14, GW11 TOT (A) 0.14, GW12 AVL (H) 0.24, GW13 COV (A) 0.22, GW14 LEE (A) 0.14, GW15 NEW (H) 0.17, GW16 BHA (A) 0.13, GW17 BRE (H) 0.18, GW18 CHE (H) 0.23, GW19 ARS (A) 0.16, GW20 COV (H) 0.28, GW21 BOU (A) 0.15, GW22 HUL (H) 0.21, GW23 AVL (A) 0.24, GW24 TOT (H) 0.2, GW25 ARS (H) 0.2, GW26 CHE (A) 0.21, GW27 BHA (H) 0.19, GW28 BRE (A) 0.16, GW29 LIV (A) 0.13, GW30 CRY (H) 0.26, GW31 SUN (A) 0.16, GW32 MUN (H) 0.16, GW33 NEW (A) 0.15, GW34 LEE (H) 0.18, GW35 FUL (A) 0.16, GW36 MCI (H) 0.16, GW37 NFO (A) 0.17, GW38 EVE (H) 0.19"
Chuba Akpom,FWD,Ipswich Town,5.0,0.67,2.68,7.0,"FUL (H) 0.67, MCI (A) 0.67, NFO (H) 0.84, HUL (A) 1.0, BOU (H) 0.98","GW6 FUL (H) 0.67, GW7 MCI (A) 0.67, GW8 NFO (H) 0.84, GW9 HUL (A) 1.0, GW10 BOU (H) 0.98, GW11 TOT (A) 1.15, GW12 AVL (H) 1.24, GW13 COV (A) 1.51, GW14 LEE (A) 1.15, GW15 NEW (H) 1.19, GW16 BHA (A) 1.25, GW17 BRE (H) 1.26, GW18 CHE (H) 1.48, GW19 ARS (A) 1.4, GW20 COV (H) 1.55, GW21 BOU (A) 1.27, GW22 HUL (H) 1.36, GW23 AVL (A) 1.44, GW24 TOT (H) 1.35, GW25 ARS (H) 1.35, GW26 CHE (A) 1.55, GW27 BHA (H) 1.32, GW28 BRE (A) 1.33, GW29 LIV (A) 1.29, GW30 CRY (H) 1.56, GW31 SUN (A) 1.37, GW32 MUN (H) 1.23, GW33 NEW (A) 1.31, GW34 LEE (H) 1.26, GW35 FUL (A) 1.46, GW36 MCI (H) 1.23, GW37 NFO (A) 1.35, GW38 EVE (H) 1.45"
Sindre Walle Egeli,FWD,Ipswich Town,4.5,0.48,2.05,1.0,"FUL (H) 0.48, MCI (A) 0.49, NFO (H) 0.69, HUL (A) 0.79, BOU (H) 0.77","GW6 FUL (H) 0.48, GW7 MCI (A) 0.49, GW8 NFO (H) 0.69, GW9 HUL (A) 0.79, GW10 BOU (H) 0.77, GW11 TOT (A) 1.0, GW12 AVL (H) 0.96, GW13 COV (A) 1.32, GW14 LEE (A) 0.98, GW15 NEW (H) 1.06, GW16 BHA (A) 0.96, GW17 BRE (H) 1.05, GW18 CHE (H) 1.26, GW19 ARS (A) 1.08, GW20 COV (H) 1.38, GW21 BOU (A) 0.98, GW22 HUL (H) 1.21, GW23 AVL (A) 1.09, GW24 TOT (H) 1.29, GW25 ARS (H) 1.17, GW26 CHE (A) 1.26, GW27 BHA (H) 1.11, GW28 BRE (A) 1.05, GW29 LIV (A) 1.07, GW30 CRY (H) 1.39, GW31 SUN (A) 1.18, GW32 MUN (H) 1.09, GW33 NEW (A) 1.11, GW34 LEE (H) 1.15, GW35 FUL (A) 1.18, GW36 MCI (H) 1.09, GW37 NFO (A) 1.15, GW38 EVE (H) 1.24"
Ali Al-Hamadi,FWD,Ipswich Town,5.0,0.05,0.27,0.0,"FUL (H) 0.05, MCI (A) 0.02, NFO (H) 0.06, HUL (A) 0.15, BOU (H) 0.17","GW6 FUL (H) 0.05, GW7 MCI (A) 0.02, GW8 NFO (H) 0.06, GW9 HUL (A) 0.15, GW10 BOU (H) 0.17, GW11 TOT (A) 0.23, GW12 AVL (H) 0.28, GW13 COV (A) 0.31, GW14 LEE (A) 0.18, GW15 NEW (H) 0.2, GW16 BHA (A) 0.19, GW17 BRE (H) 0.23, GW18 CHE (H) 0.28, GW19 ARS (A) 0.22, GW20 COV (H) 0.35, GW21 BOU (A) 0.21, GW22 HUL (H) 0.27, GW23 AVL (A) 0.3, GW24 TOT (H) 0.3, GW25 ARS (H) 0.25, GW26 CHE (A) 0.27, GW27 BHA (H) 0.24, GW28 BRE (A) 0.22, GW29 LIV (A) 0.18, GW30 CRY (H) 0.33, GW31 SUN (A) 0.25, GW32 MUN (H) 0.2, GW33 NEW (A) 0.2, GW34 LEE (H) 0.21, GW35 FUL (A) 0.21, GW36 MCI (H) 0.2, GW37 NFO (A) 0.23, GW38 EVE (H) 0.22"
Kasey McAteer,MID,Ipswich Town,4.4,0.61,2.41,3.0,"FUL (H) 0.61, MCI (A) 0.56, NFO (H) 0.78, HUL (A) 0.89, BOU (H) 0.89","GW6 FUL (H) 0.61, GW7 MCI (A) 0.56, GW8 NFO (H) 0.78, GW9 HUL (A) 0.89, GW10 BOU (H) 0.89, GW11 TOT (A) 1.0, GW12 AVL (H) 1.1, GW13 COV (A) 1.21, GW14 LEE (A) 1.01, GW15 NEW (H) 1.05, GW16 BHA (A) 0.97, GW17 BRE (H) 1.07, GW18 CHE (H) 1.18, GW19 ARS (A) 0.95, GW20 COV (H) 1.34, GW21 BOU (A) 1.01, GW22 HUL (H) 1.2, GW23 AVL (A) 1.16, GW24 TOT (H) 1.23, GW25 ARS (H) 1.03, GW26 CHE (A) 1.15, GW27 BHA (H) 1.12, GW28 BRE (A) 1.05, GW29 LIV (A) 1.0, GW30 CRY (H) 1.34, GW31 SUN (A) 1.14, GW32 MUN (H) 1.04, GW33 NEW (A) 1.05, GW34 LEE (H) 1.12, GW35 FUL (A) 1.11, GW36 MCI (H) 1.04, GW37 NFO (A) 1.08, GW38 EVE (H) 1.17"
Anis Mehmeti,MID,Ipswich Town,4.8,0.16,0.71,0.0,"FUL (H) 0.16, MCI (A) 0.14, NFO (H) 0.24, HUL (A) 0.29, BOU (H) 0.3","GW6 FUL (H) 0.16, GW7 MCI (A) 0.14, GW8 NFO (H) 0.24, GW9 HUL (A) 0.29, GW10 BOU (H) 0.3, GW11 TOT (A) 0.39, GW12 AVL (H) 0.41, GW13 COV (A) 0.59, GW14 LEE (A) 0.35, GW15 NEW (H) 0.4, GW16 BHA (A) 0.37, GW17 BRE (H) 0.42, GW18 CHE (H) 0.48, GW19 ARS (A) 0.35, GW20 COV (H) 0.53, GW21 BOU (A) 0.38, GW22 HUL (H) 0.47, GW23 AVL (A) 0.46, GW24 TOT (H) 0.48, GW25 ARS (H) 0.39, GW26 CHE (A) 0.48, GW27 BHA (H) 0.44, GW28 BRE (A) 0.41, GW29 LIV (A) 0.37, GW30 CRY (H) 0.52, GW31 SUN (A) 0.48, GW32 MUN (H) 0.38, GW33 NEW (A) 0.42, GW34 LEE (H) 0.41, GW35 FUL (A) 0.43, GW36 MCI (H) 0.38, GW37 NFO (A) 0.47, GW38 EVE (H) 0.45"
Kayne van Oevelen,GK,Ipswich Town,4.5,0.13,0.51,0.0,"FUL (H) 0.13, MCI (A) 0.09, NFO (H) 0.17, HUL (A) 0.19, BOU (H) 0.2","GW6 FUL (H) 0.13, GW7 MCI (A) 0.09, GW8 NFO (H) 0.17, GW9 HUL (A) 0.19, GW10 BOU (H) 0.2, GW11 TOT (A) 0.24, GW12 AVL (H) 0.29, GW13 COV (A) 0.45, GW14 LEE (A) 0.22, GW15 NEW (H) 0.26, GW16 BHA (A) 0.21, GW17 BRE (H) 0.27, GW18 CHE (H) 0.34, GW19 ARS (A) 0.18, GW20 COV (H) 0.38, GW21 BOU (A) 0.21, GW22 HUL (H) 0.31, GW23 AVL (A) 0.29, GW24 TOT (H) 0.3, GW25 ARS (H) 0.23, GW26 CHE (A) 0.31, GW27 BHA (H) 0.28, GW28 BRE (A) 0.24, GW29 LIV (A) 0.22, GW30 CRY (H) 0.36, GW31 SUN (A) 0.26, GW32 MUN (H) 0.24, GW33 NEW (A) 0.25, GW34 LEE (H) 0.27, GW35 FUL (A) 0.26, GW36 MCI (H) 0.24, GW37 NFO (A) 0.29, GW38 EVE (H) 0.29"
Daizen Maeda,MID,Ipswich Town,5.3,1.57,5.47,8.0,"FUL (H) 1.57, MCI (A) 1.49, NFO (H) 1.67, HUL (A) 1.75, BOU (H) 1.77","GW6 FUL (H) 1.57, GW7 MCI (A) 1.49, GW8 NFO (H) 1.67, GW9 HUL (A) 1.75, GW10 BOU (H) 1.77, GW11 TOT (A) 1.95, GW12 AVL (H) 1.9, GW13 COV (A) 2.06, GW14 LEE (A) 1.78, GW15 NEW (H) 1.78, GW16 BHA (A) 1.8, GW17 BRE (H) 1.87, GW18 CHE (H) 1.98, GW19 ARS (A) 1.61, GW20 COV (H) 2.03, GW21 BOU (A) 1.8, GW22 HUL (H) 1.89, GW23 AVL (A) 1.92, GW24 TOT (H) 1.8, GW25 ARS (H) 1.7, GW26 CHE (A) 1.96, GW27 BHA (H) 1.88, GW28 BRE (A) 1.84, GW29 LIV (A) 1.77, GW30 CRY (H) 2.01, GW31 SUN (A) 1.96, GW32 MUN (H) 1.72, GW33 NEW (A) 1.79, GW34 LEE (H) 1.82, GW35 FUL (A) 1.9, GW36 MCI (H) 1.72, GW37 NFO (A) 1.83, GW38 EVE (H) 1.93"
Kjell Scherpen,GK,Ipswich Town,4.5,1.14,4.0,7.0,"FUL (H) 1.14, MCI (A) 1.1, NFO (H) 1.18, HUL (A) 1.29, BOU (H) 1.35","GW6 FUL (H) 1.14, GW7 MCI (A) 1.1, GW8 NFO (H) 1.18, GW9 HUL (A) 1.29, GW10 BOU (H) 1.35, GW11 TOT (A) 1.47, GW12 AVL (H) 1.54, GW13 COV (A) 1.57, GW14 LEE (A) 1.41, GW15 NEW (H) 1.36, GW16 BHA (A) 1.44, GW17 BRE (H) 1.51, GW18 CHE (H) 1.63, GW19 ARS (A) 1.59, GW20 COV (H) 1.69, GW21 BOU (A) 1.45, GW22 HUL (H) 1.54, GW23 AVL (A) 1.59, GW24 TOT (H) 1.38, GW25 ARS (H) 1.69, GW26 CHE (A) 1.61, GW27 BHA (H) 1.54, GW28 BRE (A) 1.49, GW29 LIV (A) 1.45, GW30 CRY (H) 1.69, GW31 SUN (A) 1.52, GW32 MUN (H) 1.47, GW33 NEW (A) 1.35, GW34 LEE (H) 1.52, GW35 FUL (A) 1.51, GW36 MCI (H) 1.47, GW37 NFO (A) 1.37, GW38 EVE (H) 1.56"
Florentino Ibrain Morris Luís,MID,Ipswich Town,4.8,0.84,3.05,2.0,"FUL (H) 0.84, MCI (A) 0.82, NFO (H) 0.96, HUL (A) 0.99, BOU (H) 1.03","GW6 FUL (H) 0.84, GW7 MCI (A) 0.82, GW8 NFO (H) 0.96, GW9 HUL (A) 0.99, GW10 BOU (H) 1.03, GW11 TOT (A) 1.04, GW12 AVL (H) 1.2, GW13 COV (A) 1.18, GW14 LEE (A) 1.05, GW15 NEW (H) 1.12, GW16 BHA (A) 1.05, GW17 BRE (H) 1.15, GW18 CHE (H) 1.25, GW19 ARS (A) 1.07, GW20 COV (H) 1.3, GW21 BOU (A) 1.05, GW22 HUL (H) 1.21, GW23 AVL (A) 1.19, GW24 TOT (H) 1.19, GW25 ARS (H) 1.17, GW26 CHE (A) 1.18, GW27 BHA (H) 1.16, GW28 BRE (A) 1.08, GW29 LIV (A) 1.07, GW30 CRY (H) 1.29, GW31 SUN (A) 1.09, GW32 MUN (H) 1.13, GW33 NEW (A) 1.06, GW34 LEE (H) 1.17, GW35 FUL (A) 1.09, GW36 MCI (H) 1.13, GW37 NFO (A) 1.09, GW38 EVE (H) 1.18"
Julio Enciso,MID,Ipswich Town,5.5,2.26,7.46,15.0,"FUL (H) 2.26, MCI (A) 1.84, NFO (H) 2.13, HUL (A) 2.45, BOU (H) 2.43","GW6 FUL (H) 2.26, GW7 MCI (A) 1.84, GW8 NFO (H) 2.13, GW9 HUL (A) 2.45, GW10 BOU (H) 2.43, GW11 TOT (A) 2.51, GW12 AVL (H) 2.64, GW13 COV (A) 2.91, GW14 LEE (A) 2.32, GW15 NEW (H) 2.3, GW16 BHA (A) 2.52, GW17 BRE (H) 2.67, GW18 CHE (H) 2.92, GW19 ARS (A) 2.11, GW20 COV (H) 3.08, GW21 BOU (A) 2.53, GW22 HUL (H) 2.74, GW23 AVL (A) 2.75, GW24 TOT (H) 2.45, GW25 ARS (H) 2.29, GW26 CHE (A) 2.91, GW27 BHA (H) 2.72, GW28 BRE (A) 2.67, GW29 LIV (A) 2.28, GW30 CRY (H) 3.09, GW31 SUN (A) 2.69, GW32 MUN (H) 2.38, GW33 NEW (A) 2.32, GW34 LEE (H) 2.42, GW35 FUL (A) 2.77, GW36 MCI (H) 2.24, GW37 NFO (A) 2.35, GW38 EVE (H) 2.81"
Abdoul Ouattara,DEF,Ipswich Town,4.0,1.39,4.54,6.0,"FUL (H) 1.39, MCI (A) 1.18, NFO (H) 1.39, HUL (A) 1.38, BOU (H) 1.38","GW6 FUL (H) 1.39, GW7 MCI (A) 1.18, GW8 NFO (H) 1.39, GW9 HUL (A) 1.38, GW10 BOU (H) 1.38, GW11 TOT (A) 1.44, GW12 AVL (H) 1.48, GW13 COV (A) 1.7, GW14 LEE (A) 1.37, GW15 NEW (H) 1.44, GW16 BHA (A) 1.3, GW17 BRE (H) 1.48, GW18 CHE (H) 1.52, GW19 ARS (A) 1.16, GW20 COV (H) 1.7, GW21 BOU (A) 1.36, GW22 HUL (H) 1.54, GW23 AVL (A) 1.44, GW24 TOT (H) 1.52, GW25 ARS (H) 1.33, GW26 CHE (A) 1.48, GW27 BHA (H) 1.49, GW28 BRE (A) 1.39, GW29 LIV (A) 1.3, GW30 CRY (H) 1.68, GW31 SUN (A) 1.38, GW32 MUN (H) 1.32, GW33 NEW (A) 1.38, GW34 LEE (H) 1.48, GW35 FUL (A) 1.45, GW36 MCI (H) 1.32, GW37 NFO (A) 1.48, GW38 EVE (H) 1.55"
Cameron Humphreys,MID,Ipswich Town,4.5,0.03,0.15,0.0,"FUL (H) 0.03, MCI (A) 0.02, NFO (H) 0.04, HUL (A) 0.08, BOU (H) 0.08","GW6 FUL (H) 0.03, GW7 MCI (A) 0.02, GW8 NFO (H) 0.04, GW9 HUL (A) 0.08, GW10 BOU (H) 0.08, GW11 TOT (A) 0.02, GW12 AVL (H) 0.14, GW13 COV (A) 0.18, GW14 LEE (A) 0.09, GW15 NEW (H) 0.1, GW16 BHA (A) 0.1, GW17 BRE (H) 0.11, GW18 CHE (H) 0.17, GW19 ARS (A) 0.13, GW20 COV (H) 0.21, GW21 BOU (A) 0.1, GW22 HUL (H) 0.14, GW23 AVL (A) 0.15, GW24 TOT (H) 0.04, GW25 ARS (H) 0.14, GW26 CHE (A) 0.17, GW27 BHA (H) 0.12, GW28 BRE (A) 0.11, GW29 LIV (A) 0.09, GW30 CRY (H) 0.19, GW31 SUN (A) 0.01, GW32 MUN (H) 0.1, GW33 NEW (A) 0.09, GW34 LEE (H) 0.11, GW35 FUL (A) 0.1, GW36 MCI (H) 0.1, GW37 NFO (A) 0.12, GW38 EVE (H) 0.11"
Exequiel Palacios,MID,Ipswich Town,5.0,2.81,8.36,11.0,"FUL (H) 2.81, MCI (A) 2.36, NFO (H) 2.4, HUL (A) 2.33, BOU (H) 2.16","GW6 FUL (H) 2.81, GW7 MCI (A) 2.36, GW8 NFO (H) 2.4, GW9 HUL (A) 2.33, GW10 BOU (H) 2.16, GW11 TOT (A) 2.21, GW12 AVL (H) 2.07, GW13 COV (A) 2.23, GW14 LEE (A) 1.84, GW15 NEW (H) 1.82, GW16 BHA (A) 1.79, GW17 BRE (H) 1.83, GW18 CHE (H) 1.94, GW19 ARS (A) 1.52, GW20 COV (H) 1.96, GW21 BOU (A) 1.71, GW22 HUL (H) 1.82, GW23 AVL (A) 1.78, GW24 TOT (H) 1.84, GW25 ARS (H) 1.48, GW26 CHE (A) 1.87, GW27 BHA (H) 1.76, GW28 BRE (A) 1.72, GW29 LIV (A) 1.68, GW30 CRY (H) 1.9, GW31 SUN (A) 1.9, GW32 MUN (H) 1.5, GW33 NEW (A) 1.69, GW34 LEE (H) 1.7, GW35 FUL (A) 1.8, GW36 MCI (H) 1.49, GW37 NFO (A) 1.74, GW38 EVE (H) 1.82"
Zian Flemming,FWD,Ipswich Town,5.5,2.5,7.33,6.0,"FUL (H) 2.5, MCI (A) 1.94, NFO (H) 2.19, HUL (A) 2.02, BOU (H) 1.84","GW6 FUL (H) 2.5, GW7 MCI (A) 1.94, GW8 NFO (H) 2.19, GW9 HUL (A) 2.02, GW10 BOU (H) 1.84, GW11 TOT (A) 1.8, GW12 AVL (H) 1.8, GW13 COV (A) 2.03, GW14 LEE (A) 1.43, GW15 NEW (H) 1.79, GW16 BHA (A) 1.34, GW17 BRE (H) 1.62, GW18 CHE (H) 1.95, GW19 ARS (A) 1.45, GW20 COV (H) 2.29, GW21 BOU (A) 1.27, GW22 HUL (H) 1.9, GW23 AVL (A) 1.49, GW24 TOT (H) 2.14, GW25 ARS (H) 1.65, GW26 CHE (A) 1.62, GW27 BHA (H) 1.59, GW28 BRE (A) 1.28, GW29 LIV (A) 1.34, GW30 CRY (H) 2.27, GW31 SUN (A) 1.68, GW32 MUN (H) 1.72, GW33 NEW (A) 1.43, GW34 LEE (H) 1.65, GW35 FUL (A) 1.5, GW36 MCI (H) 1.72, GW37 NFO (A) 1.46, GW38 EVE (H) 1.8"
Harry Wilson,MID,Leeds,6.2,0.17,2.1,5.0,"ARS (A) 0.17, MUN (H) 0.56, SUN (A) 0.95, BOU (A) 0.73, TOT (H) 1.34","GW6 ARS (A) 0.17, GW7 MUN (H) 0.56, GW8 SUN (A) 0.95, GW9 BOU (A) 0.73, GW10 TOT (H) 1.34, GW11 CHE (A) 1.12, GW12 COV (H) 1.54, GW13 MCI (A) 0.94, GW14 IPS (H) 1.51, GW15 LIV (A) 1.16, GW16 FUL (H) 1.59, GW17 AVL (A) 1.17, GW18 HUL (A) 1.5, GW19 EVE (H) 1.44, GW20 MCI (H) 1.26, GW21 TOT (A) 1.52, GW22 CHE (H) 1.44, GW23 COV (A) 1.69, GW24 BOU (H) 1.14, GW25 EVE (A) 1.4, GW26 AVL (H) 1.29, GW27 FUL (A) 1.4, GW28 HUL (H) 1.62, GW29 BHA (H) 1.31, GW30 NEW (A) 1.36, GW31 NFO (H) 1.43, GW32 BRE (A) 1.13, GW33 LIV (H) 1.32, GW34 IPS (A) 1.58, GW35 ARS (H) 1.05, GW36 MUN (A) 1.23, GW37 SUN (H) 1.59, GW38 CRY (A) 1.49"
Lucas Estella Perri,GK,Leeds,4.5,-0.0,0.29,0.0,"ARS (A) -0.0, MUN (H) 0.01, SUN (A) 0.12, BOU (A) 0.14, TOT (H) 0.27","GW6 ARS (A) -0.0, GW7 MUN (H) 0.01, GW8 SUN (A) 0.12, GW9 BOU (A) 0.14, GW10 TOT (H) 0.27, GW11 CHE (A) 0.24, GW12 COV (H) 0.35, GW13 MCI (A) 0.14, GW14 IPS (H) 0.29, GW15 LIV (A) 0.19, GW16 FUL (H) 0.31, GW17 AVL (A) 0.32, GW18 HUL (A) 0.26, GW19 EVE (H) 0.26, GW20 MCI (H) 0.21, GW21 TOT (A) 0.3, GW22 CHE (H) 0.33, GW23 COV (A) 0.36, GW24 BOU (H) 0.27, GW25 EVE (A) 0.23, GW26 AVL (H) 0.37, GW27 FUL (A) 0.23, GW28 HUL (H) 0.3, GW29 BHA (H) 0.28, GW30 NEW (A) 0.2, GW31 NFO (H) 0.23, GW32 BRE (A) 0.24, GW33 LIV (H) 0.24, GW34 IPS (A) 0.28, GW35 ARS (H) 0.29, GW36 MUN (A) 0.18, GW37 SUN (H) 0.3, GW38 CRY (A) 0.29"
Jaka Bijol,DEF,Leeds,5.0,0.78,3.2,12.0,"ARS (A) 0.78, MUN (H) 0.97, SUN (A) 1.2, BOU (A) 1.24, TOT (H) 1.45","GW6 ARS (A) 0.78, GW7 MUN (H) 0.97, GW8 SUN (A) 1.2, GW9 BOU (A) 1.24, GW10 TOT (H) 1.45, GW11 CHE (A) 1.46, GW12 COV (H) 1.63, GW13 MCI (A) 1.35, GW14 IPS (H) 1.56, GW15 LIV (A) 1.41, GW16 FUL (H) 1.63, GW17 AVL (A) 1.55, GW18 HUL (A) 1.55, GW19 EVE (H) 1.57, GW20 MCI (H) 1.49, GW21 TOT (A) 1.6, GW22 CHE (H) 1.68, GW23 COV (A) 1.74, GW24 BOU (H) 1.54, GW25 EVE (A) 1.54, GW26 AVL (H) 1.65, GW27 FUL (A) 1.54, GW28 HUL (H) 1.64, GW29 BHA (H) 1.58, GW30 NEW (A) 1.48, GW31 NFO (H) 1.6, GW32 BRE (A) 1.53, GW33 LIV (H) 1.53, GW34 IPS (A) 1.6, GW35 ARS (H) 1.48, GW36 MUN (A) 1.46, GW37 SUN (H) 1.59, GW38 CRY (A) 1.64"
Joe Rodon,DEF,Leeds,4.3,0.5,2.64,7.0,"ARS (A) 0.5, MUN (H) 0.72, SUN (A) 1.04, BOU (A) 1.05, TOT (H) 1.37","GW6 ARS (A) 0.5, GW7 MUN (H) 0.72, GW8 SUN (A) 1.04, GW9 BOU (A) 1.05, GW10 TOT (H) 1.37, GW11 CHE (A) 1.46, GW12 COV (H) 1.72, GW13 MCI (A) 1.43, GW14 IPS (H) 1.69, GW15 LIV (A) 1.53, GW16 FUL (H) 1.79, GW17 AVL (A) 1.66, GW18 HUL (A) 1.76, GW19 EVE (H) 1.72, GW20 MCI (H) 1.61, GW21 TOT (A) 1.79, GW22 CHE (H) 1.79, GW23 COV (A) 1.96, GW24 BOU (H) 1.6, GW25 EVE (A) 1.75, GW26 AVL (H) 1.74, GW27 FUL (A) 1.75, GW28 HUL (H) 1.84, GW29 BHA (H) 1.68, GW30 NEW (A) 1.69, GW31 NFO (H) 1.9, GW32 BRE (A) 1.62, GW33 LIV (H) 1.67, GW34 IPS (A) 1.84, GW35 ARS (H) 1.57, GW36 MUN (A) 1.63, GW37 SUN (H) 1.75, GW38 CRY (A) 1.84"
Jayden Bogle,DEF,Leeds,4.6,8.25,18.68,42.0,"ARS (A) 8.25, MUN (H) 7.81, SUN (A) 6.22, BOU (A) 4.64, TOT (H) 4.84","GW6 ARS (A) 8.25, GW7 MUN (H) 7.81, GW8 SUN (A) 6.22, GW9 BOU (A) 4.64, GW10 TOT (H) 4.84, GW11 CHE (A) 5.82, GW12 COV (H) 4.76, GW13 MCI (A) 4.02, GW14 IPS (H) 4.0, GW15 LIV (A) 4.51, GW16 FUL (H) 3.92, GW17 AVL (A) 4.28, GW18 HUL (A) 3.27, GW19 EVE (H) 3.84, GW20 MCI (H) 4.21, GW21 TOT (A) 3.46, GW22 CHE (H) 5.22, GW23 COV (A) 3.63, GW24 BOU (H) 3.07, GW25 EVE (A) 3.33, GW26 AVL (H) 4.38, GW27 FUL (A) 3.54, GW28 HUL (H) 3.4, GW29 BHA (H) 3.57, GW30 NEW (A) 2.92, GW31 NFO (H) 4.25, GW32 BRE (A) 2.82, GW33 LIV (H) 4.46, GW34 IPS (A) 3.0, GW35 ARS (H) 4.33, GW36 MUN (A) 3.49, GW37 SUN (H) 4.47, GW38 CRY (A) 3.74"
Gabriel Gudmundsson,DEF,Leeds,4.5,3.55,9.97,14.0,"ARS (A) 3.55, MUN (H) 3.41, SUN (A) 3.83, BOU (A) 2.97, TOT (H) 3.42","GW6 ARS (A) 3.55, GW7 MUN (H) 3.41, GW8 SUN (A) 3.83, GW9 BOU (A) 2.97, GW10 TOT (H) 3.42, GW11 CHE (A) 3.0, GW12 COV (H) 3.22, GW13 MCI (A) 2.05, GW14 IPS (H) 2.84, GW15 LIV (A) 2.35, GW16 FUL (H) 2.76, GW17 AVL (A) 2.47, GW18 HUL (A) 2.47, GW19 EVE (H) 2.62, GW20 MCI (H) 2.14, GW21 TOT (A) 2.77, GW22 CHE (H) 2.54, GW23 COV (A) 2.66, GW24 BOU (H) 2.2, GW25 EVE (A) 2.45, GW26 AVL (H) 2.45, GW27 FUL (A) 2.44, GW28 HUL (H) 2.53, GW29 BHA (H) 2.42, GW30 NEW (A) 2.31, GW31 NFO (H) 2.62, GW32 BRE (A) 2.29, GW33 LIV (H) 2.26, GW34 IPS (A) 2.41, GW35 ARS (H) 1.9, GW36 MUN (A) 1.98, GW37 SUN (H) 3.03, GW38 CRY (A) 2.52"
James Justin,DEF,Leeds,4.5,3.95,11.79,26.0,"ARS (A) 3.95, MUN (H) 3.65, SUN (A) 4.79, BOU (A) 3.89, TOT (H) 4.12","GW6 ARS (A) 3.95, GW7 MUN (H) 3.65, GW8 SUN (A) 4.79, GW9 BOU (A) 3.89, GW10 TOT (H) 4.12, GW11 CHE (A) 3.84, GW12 COV (H) 4.53, GW13 MCI (A) 2.28, GW14 IPS (H) 3.77, GW15 LIV (A) 2.78, GW16 FUL (H) 3.88, GW17 AVL (A) 3.49, GW18 HUL (A) 3.42, GW19 EVE (H) 3.78, GW20 MCI (H) 2.57, GW21 TOT (A) 4.11, GW22 CHE (H) 3.73, GW23 COV (A) 4.05, GW24 BOU (H) 3.46, GW25 EVE (A) 3.47, GW26 AVL (H) 3.67, GW27 FUL (A) 3.46, GW28 HUL (H) 3.66, GW29 BHA (H) 3.68, GW30 NEW (A) 2.95, GW31 NFO (H) 3.64, GW32 BRE (A) 3.39, GW33 LIV (H) 2.78, GW34 IPS (A) 3.38, GW35 ARS (H) 3.09, GW36 MUN (A) 2.37, GW37 SUN (H) 4.38, GW38 CRY (A) 3.66"
Sebastiaan Bornauw,DEF,Leeds,4.5,0.26,0.89,0.0,"ARS (A) 0.26, MUN (H) 0.28, SUN (A) 0.31, BOU (A) 0.33, TOT (H) 0.38","GW6 ARS (A) 0.26, GW7 MUN (H) 0.28, GW8 SUN (A) 0.31, GW9 BOU (A) 0.33, GW10 TOT (H) 0.38, GW11 CHE (A) 0.4, GW12 COV (H) 0.47, GW13 MCI (A) 0.34, GW14 IPS (H) 0.42, GW15 LIV (A) 0.33, GW16 FUL (H) 0.42, GW17 AVL (A) 0.41, GW18 HUL (A) 0.39, GW19 EVE (H) 0.39, GW20 MCI (H) 0.36, GW21 TOT (A) 0.38, GW22 CHE (H) 0.44, GW23 COV (A) 0.46, GW24 BOU (H) 0.39, GW25 EVE (A) 0.36, GW26 AVL (H) 0.44, GW27 FUL (A) 0.36, GW28 HUL (H) 0.42, GW29 BHA (H) 0.4, GW30 NEW (A) 0.35, GW31 NFO (H) 0.38, GW32 BRE (A) 0.36, GW33 LIV (H) 0.36, GW34 IPS (A) 0.39, GW35 ARS (H) 0.4, GW36 MUN (A) 0.33, GW37 SUN (H) 0.37, GW38 CRY (A) 0.41"
Tarik Muharemović,DEF,Leeds,5.0,4.24,11.73,27.0,"ARS (A) 4.24, MUN (H) 3.82, SUN (A) 4.54, BOU (A) 3.67, TOT (H) 3.99","GW6 ARS (A) 4.24, GW7 MUN (H) 3.82, GW8 SUN (A) 4.54, GW9 BOU (A) 3.67, GW10 TOT (H) 3.99, GW11 CHE (A) 3.65, GW12 COV (H) 3.98, GW13 MCI (A) 2.12, GW14 IPS (H) 3.47, GW15 LIV (A) 2.24, GW16 FUL (H) 3.19, GW17 AVL (A) 2.79, GW18 HUL (A) 2.75, GW19 EVE (H) 3.05, GW20 MCI (H) 1.95, GW21 TOT (A) 3.22, GW22 CHE (H) 2.98, GW23 COV (A) 3.35, GW24 BOU (H) 2.58, GW25 EVE (A) 2.83, GW26 AVL (H) 2.78, GW27 FUL (A) 2.82, GW28 HUL (H) 2.8, GW29 BHA (H) 2.76, GW30 NEW (A) 2.25, GW31 NFO (H) 2.62, GW32 BRE (A) 2.59, GW33 LIV (H) 2.11, GW34 IPS (A) 3.0, GW35 ARS (H) 2.24, GW36 MUN (A) 1.74, GW37 SUN (H) 3.32, GW38 CRY (A) 2.92"
Anton Stach,MID,Leeds,6.0,2.78,9.44,27.0,"ARS (A) 2.78, MUN (H) 3.1, SUN (A) 3.88, BOU (A) 3.02, TOT (H) 3.58","GW6 ARS (A) 2.78, GW7 MUN (H) 3.1, GW8 SUN (A) 3.88, GW9 BOU (A) 3.02, GW10 TOT (H) 3.58, GW11 CHE (A) 3.27, GW12 COV (H) 3.74, GW13 MCI (A) 2.52, GW14 IPS (H) 3.44, GW15 LIV (A) 2.89, GW16 FUL (H) 3.41, GW17 AVL (A) 2.82, GW18 HUL (A) 3.2, GW19 EVE (H) 3.35, GW20 MCI (H) 2.66, GW21 TOT (A) 3.46, GW22 CHE (H) 3.13, GW23 COV (A) 3.55, GW24 BOU (H) 2.72, GW25 EVE (A) 3.25, GW26 AVL (H) 2.91, GW27 FUL (A) 3.28, GW28 HUL (H) 3.31, GW29 BHA (H) 2.87, GW30 NEW (A) 3.02, GW31 NFO (H) 3.15, GW32 BRE (A) 2.76, GW33 LIV (H) 2.94, GW34 IPS (A) 3.23, GW35 ARS (H) 2.3, GW36 MUN (A) 2.6, GW37 SUN (H) 3.76, GW38 CRY (A) 3.29"
Noah Okafor,MID,Leeds,5.8,3.67,9.94,18.0,"ARS (A) 3.67, MUN (H) 3.37, SUN (A) 3.92, BOU (A) 2.84, TOT (H) 3.29","GW6 ARS (A) 3.67, GW7 MUN (H) 3.37, GW8 SUN (A) 3.92, GW9 BOU (A) 2.84, GW10 TOT (H) 3.29, GW11 CHE (A) 2.9, GW12 COV (H) 2.6, GW13 MCI (A) 1.48, GW14 IPS (H) 2.04, GW15 LIV (A) 1.76, GW16 FUL (H) 2.02, GW17 AVL (A) 2.18, GW18 HUL (A) 1.72, GW19 EVE (H) 1.78, GW20 MCI (H) 1.41, GW21 TOT (A) 1.97, GW22 CHE (H) 1.84, GW23 COV (A) 1.84, GW24 BOU (H) 1.23, GW25 EVE (A) 1.6, GW26 AVL (H) 2.1, GW27 FUL (A) 1.62, GW28 HUL (H) 1.71, GW29 BHA (H) 1.44, GW30 NEW (A) 1.41, GW31 NFO (H) 1.65, GW32 BRE (A) 1.33, GW33 LIV (H) 1.6, GW34 IPS (A) 1.62, GW35 ARS (H) 1.18, GW36 MUN (A) 1.21, GW37 SUN (H) 2.35, GW38 CRY (A) 1.66"
Brenden Aaronson,MID,Leeds,5.3,1.22,4.12,7.0,"ARS (A) 1.22, MUN (H) 1.23, SUN (A) 1.59, BOU (A) 1.53, TOT (H) 1.63","GW6 ARS (A) 1.22, GW7 MUN (H) 1.23, GW8 SUN (A) 1.59, GW9 BOU (A) 1.53, GW10 TOT (H) 1.63, GW11 CHE (A) 1.77, GW12 COV (H) 1.9, GW13 MCI (A) 1.65, GW14 IPS (H) 1.85, GW15 LIV (A) 1.77, GW16 FUL (H) 1.92, GW17 AVL (A) 1.97, GW18 HUL (A) 1.92, GW19 EVE (H) 1.88, GW20 MCI (H) 1.78, GW21 TOT (A) 2.2, GW22 CHE (H) 1.97, GW23 COV (A) 2.12, GW24 BOU (H) 1.86, GW25 EVE (A) 1.93, GW26 AVL (H) 2.01, GW27 FUL (A) 1.94, GW28 HUL (H) 1.95, GW29 BHA (H) 1.9, GW30 NEW (A) 1.87, GW31 NFO (H) 1.85, GW32 BRE (A) 1.92, GW33 LIV (H) 1.85, GW34 IPS (A) 2.0, GW35 ARS (H) 2.03, GW36 MUN (A) 1.83, GW37 SUN (H) 2.07, GW38 CRY (A) 2.04"
Ethan Ampadu,MID,Leeds,5.4,3.77,11.05,21.0,"ARS (A) 3.77, MUN (H) 3.48, SUN (A) 4.44, BOU (A) 3.66, TOT (H) 3.76","GW6 ARS (A) 3.77, GW7 MUN (H) 3.48, GW8 SUN (A) 4.44, GW9 BOU (A) 3.66, GW10 TOT (H) 3.76, GW11 CHE (A) 3.57, GW12 COV (H) 4.14, GW13 MCI (A) 2.13, GW14 IPS (H) 3.54, GW15 LIV (A) 2.66, GW16 FUL (H) 3.53, GW17 AVL (A) 3.28, GW18 HUL (A) 3.25, GW19 EVE (H) 3.43, GW20 MCI (H) 2.37, GW21 TOT (A) 3.63, GW22 CHE (H) 3.36, GW23 COV (A) 3.71, GW24 BOU (H) 3.15, GW25 EVE (A) 3.18, GW26 AVL (H) 3.38, GW27 FUL (A) 3.21, GW28 HUL (H) 3.41, GW29 BHA (H) 3.37, GW30 NEW (A) 2.82, GW31 NFO (H) 3.06, GW32 BRE (A) 3.16, GW33 LIV (H) 2.58, GW34 IPS (A) 3.21, GW35 ARS (H) 2.59, GW36 MUN (A) 2.24, GW37 SUN (H) 3.82, GW38 CRY (A) 3.36"
Sean Longstaff,MID,Leeds,4.8,0.52,1.94,2.0,"ARS (A) 0.52, MUN (H) 0.6, SUN (A) 0.7, BOU (A) 0.72, TOT (H) 0.86","GW6 ARS (A) 0.52, GW7 MUN (H) 0.6, GW8 SUN (A) 0.7, GW9 BOU (A) 0.72, GW10 TOT (H) 0.86, GW11 CHE (A) 0.91, GW12 COV (H) 1.04, GW13 MCI (A) 0.82, GW14 IPS (H) 0.98, GW15 LIV (A) 0.87, GW16 FUL (H) 1.0, GW17 AVL (A) 1.01, GW18 HUL (A) 0.97, GW19 EVE (H) 0.97, GW20 MCI (H) 0.93, GW21 TOT (A) 0.95, GW22 CHE (H) 1.08, GW23 COV (A) 1.1, GW24 BOU (H) 0.95, GW25 EVE (A) 0.93, GW26 AVL (H) 1.09, GW27 FUL (A) 0.93, GW28 HUL (H) 1.04, GW29 BHA (H) 0.99, GW30 NEW (A) 0.9, GW31 NFO (H) 0.96, GW32 BRE (A) 0.93, GW33 LIV (H) 0.96, GW34 IPS (A) 0.99, GW35 ARS (H) 0.99, GW36 MUN (A) 0.89, GW37 SUN (H) 0.97, GW38 CRY (A) 1.03"
Wilfried Gnonto,MID,Leeds,5.0,0.2,0.88,0.0,"ARS (A) 0.2, MUN (H) 0.24, SUN (A) 0.34, BOU (A) 0.33, TOT (H) 0.45","GW6 ARS (A) 0.2, GW7 MUN (H) 0.24, GW8 SUN (A) 0.34, GW9 BOU (A) 0.33, GW10 TOT (H) 0.45, GW11 CHE (A) 0.44, GW12 COV (H) 0.52, GW13 MCI (A) 0.4, GW14 IPS (H) 0.49, GW15 LIV (A) 0.42, GW16 FUL (H) 0.51, GW17 AVL (A) 0.54, GW18 HUL (A) 0.49, GW19 EVE (H) 0.5, GW20 MCI (H) 0.47, GW21 TOT (A) 0.55, GW22 CHE (H) 0.56, GW23 COV (A) 0.57, GW24 BOU (H) 0.5, GW25 EVE (A) 0.48, GW26 AVL (H) 0.59, GW27 FUL (A) 0.48, GW28 HUL (H) 0.53, GW29 BHA (H) 0.51, GW30 NEW (A) 0.47, GW31 NFO (H) 0.5, GW32 BRE (A) 0.48, GW33 LIV (H) 0.48, GW34 IPS (A) 0.5, GW35 ARS (H) 0.53, GW36 MUN (A) 0.45, GW37 SUN (H) 0.55, GW38 CRY (A) 0.52"
Jack Harrison,MID,Leeds,5.0,0.03,0.14,0.0,"ARS (A) 0.03, MUN (H) 0.03, SUN (A) 0.03, BOU (A) 0.05, TOT (H) 0.11","GW6 ARS (A) 0.03, GW7 MUN (H) 0.03, GW8 SUN (A) 0.03, GW9 BOU (A) 0.05, GW10 TOT (H) 0.11, GW11 CHE (A) 0.13, GW12 COV (H) 0.2, GW13 MCI (A) 0.08, GW14 IPS (H) 0.15, GW15 LIV (A) 0.08, GW16 FUL (H) 0.15, GW17 AVL (A) 0.14, GW18 HUL (A) 0.13, GW19 EVE (H) 0.13, GW20 MCI (H) 0.11, GW21 TOT (A) 0.11, GW22 CHE (H) 0.19, GW23 COV (A) 0.2, GW24 BOU (H) 0.12, GW25 EVE (A) 0.1, GW26 AVL (H) 0.18, GW27 FUL (A) 0.1, GW28 HUL (H) 0.16, GW29 BHA (H) 0.13, GW30 NEW (A) 0.09, GW31 NFO (H) 0.12, GW32 BRE (A) 0.1, GW33 LIV (H) 0.12, GW34 IPS (A) 0.13, GW35 ARS (H) 0.16, GW36 MUN (A) 0.08, GW37 SUN (H) 0.09, GW38 CRY (A) 0.14"
Daniel James,MID,Leeds,4.9,0.89,2.96,3.0,"ARS (A) 0.89, MUN (H) 0.95, SUN (A) 1.04, BOU (A) 1.09, TOT (H) 1.2","GW6 ARS (A) 0.89, GW7 MUN (H) 0.95, GW8 SUN (A) 1.04, GW9 BOU (A) 1.09, GW10 TOT (H) 1.2, GW11 CHE (A) 1.26, GW12 COV (H) 1.37, GW13 MCI (A) 1.14, GW14 IPS (H) 1.28, GW15 LIV (A) 1.19, GW16 FUL (H) 1.33, GW17 AVL (A) 1.37, GW18 HUL (A) 1.29, GW19 EVE (H) 1.34, GW20 MCI (H) 1.25, GW21 TOT (A) 1.3, GW22 CHE (H) 1.44, GW23 COV (A) 1.42, GW24 BOU (H) 1.32, GW25 EVE (A) 1.29, GW26 AVL (H) 1.46, GW27 FUL (A) 1.29, GW28 HUL (H) 1.37, GW29 BHA (H) 1.35, GW30 NEW (A) 1.22, GW31 NFO (H) 1.28, GW32 BRE (A) 1.29, GW33 LIV (H) 1.29, GW34 IPS (A) 1.28, GW35 ARS (H) 1.36, GW36 MUN (A) 1.2, GW37 SUN (H) 1.31, GW38 CRY (A) 1.39"
Ilia Gruev,MID,Leeds,5.0,-0.04,-0.01,0.0,"ARS (A) -0.04, MUN (H) -0.03, SUN (A) -0.02, BOU (A) 0.01, TOT (H) 0.08","GW6 ARS (A) -0.04, GW7 MUN (H) -0.03, GW8 SUN (A) -0.02, GW9 BOU (A) 0.01, GW10 TOT (H) 0.08, GW11 CHE (A) 0.11, GW12 COV (H) 0.19, GW13 MCI (A) 0.07, GW14 IPS (H) 0.15, GW15 LIV (A) 0.08, GW16 FUL (H) 0.17, GW17 AVL (A) 0.2, GW18 HUL (A) 0.15, GW19 EVE (H) 0.15, GW20 MCI (H) 0.13, GW21 TOT (A) 0.14, GW22 CHE (H) 0.21, GW23 COV (A) 0.23, GW24 BOU (H) 0.15, GW25 EVE (A) 0.13, GW26 AVL (H) 0.25, GW27 FUL (A) 0.13, GW28 HUL (H) 0.19, GW29 BHA (H) 0.16, GW30 NEW (A) 0.12, GW31 NFO (H) 0.15, GW32 BRE (A) 0.13, GW33 LIV (H) 0.14, GW34 IPS (A) 0.16, GW35 ARS (H) 0.18, GW36 MUN (A) 0.1, GW37 SUN (H) 0.13, GW38 CRY (A) 0.18"
Tanaka Ao,MID,Leeds,4.9,3.07,8.93,14.0,"ARS (A) 3.07, MUN (H) 3.08, SUN (A) 3.35, BOU (A) 2.85, TOT (H) 3.08","GW6 ARS (A) 3.07, GW7 MUN (H) 3.08, GW8 SUN (A) 3.35, GW9 BOU (A) 2.85, GW10 TOT (H) 3.08, GW11 CHE (A) 2.97, GW12 COV (H) 2.92, GW13 MCI (A) 1.97, GW14 IPS (H) 2.41, GW15 LIV (A) 2.28, GW16 FUL (H) 2.52, GW17 AVL (A) 2.4, GW18 HUL (A) 2.29, GW19 EVE (H) 2.5, GW20 MCI (H) 2.07, GW21 TOT (A) 2.58, GW22 CHE (H) 2.64, GW23 COV (A) 2.53, GW24 BOU (H) 2.15, GW25 EVE (A) 2.39, GW26 AVL (H) 2.34, GW27 FUL (A) 2.38, GW28 HUL (H) 2.3, GW29 BHA (H) 2.34, GW30 NEW (A) 2.12, GW31 NFO (H) 2.27, GW32 BRE (A) 2.27, GW33 LIV (H) 2.2, GW34 IPS (A) 2.17, GW35 ARS (H) 1.83, GW36 MUN (A) 1.96, GW37 SUN (H) 2.65, GW38 CRY (A) 2.51"
Dominic Calvert-Lewin,FWD,Leeds,6.0,2.79,9.99,22.0,"ARS (A) 2.79, MUN (H) 3.59, SUN (A) 3.97, BOU (A) 2.87, TOT (H) 4.09","GW6 ARS (A) 2.79, GW7 MUN (H) 3.59, GW8 SUN (A) 3.97, GW9 BOU (A) 2.87, GW10 TOT (H) 4.09, GW11 CHE (A) 3.04, GW12 COV (H) 3.67, GW13 MCI (A) 1.58, GW14 IPS (H) 3.87, GW15 LIV (A) 2.52, GW16 FUL (H) 3.61, GW17 AVL (A) 2.74, GW18 HUL (A) 2.79, GW19 EVE (H) 3.5, GW20 MCI (H) 2.65, GW21 TOT (A) 2.91, GW22 CHE (H) 3.05, GW23 COV (A) 2.67, GW24 BOU (H) 2.46, GW25 EVE (A) 2.66, GW26 AVL (H) 3.04, GW27 FUL (A) 2.69, GW28 HUL (H) 3.49, GW29 BHA (H) 2.67, GW30 NEW (A) 2.15, GW31 NFO (H) 2.97, GW32 BRE (A) 2.0, GW33 LIV (H) 3.12, GW34 IPS (A) 3.06, GW35 ARS (H) 1.72, GW36 MUN (A) 1.89, GW37 SUN (H) 3.96, GW38 CRY (A) 2.67"
Lukas Nmecha,FWD,Leeds,5.4,1.1,3.36,7.0,"ARS (A) 1.1, MUN (H) 1.07, SUN (A) 1.12, BOU (A) 1.24, TOT (H) 1.36","GW6 ARS (A) 1.1, GW7 MUN (H) 1.07, GW8 SUN (A) 1.12, GW9 BOU (A) 1.24, GW10 TOT (H) 1.36, GW11 CHE (A) 1.44, GW12 COV (H) 1.63, GW13 MCI (A) 1.26, GW14 IPS (H) 1.5, GW15 LIV (A) 1.33, GW16 FUL (H) 1.58, GW17 AVL (A) 1.56, GW18 HUL (A) 1.46, GW19 EVE (H) 1.55, GW20 MCI (H) 1.43, GW21 TOT (A) 1.4, GW22 CHE (H) 1.69, GW23 COV (A) 1.68, GW24 BOU (H) 1.55, GW25 EVE (A) 1.47, GW26 AVL (H) 1.7, GW27 FUL (A) 1.47, GW28 HUL (H) 1.58, GW29 BHA (H) 1.59, GW30 NEW (A) 1.37, GW31 NFO (H) 1.47, GW32 BRE (A) 1.49, GW33 LIV (H) 1.47, GW34 IPS (A) 1.49, GW35 ARS (H) 1.74, GW36 MUN (A) 1.35, GW37 SUN (H) 1.44, GW38 CRY (A) 1.6"
Joël Piroe,FWD,Leeds,5.0,0.12,0.63,0.0,"ARS (A) 0.12, MUN (H) 0.14, SUN (A) 0.22, BOU (A) 0.26, TOT (H) 0.39","GW6 ARS (A) 0.12, GW7 MUN (H) 0.14, GW8 SUN (A) 0.22, GW9 BOU (A) 0.26, GW10 TOT (H) 0.39, GW11 CHE (A) 0.38, GW12 COV (H) 0.49, GW13 MCI (A) 0.31, GW14 IPS (H) 0.44, GW15 LIV (A) 0.34, GW16 FUL (H) 0.46, GW17 AVL (A) 0.47, GW18 HUL (A) 0.43, GW19 EVE (H) 0.42, GW20 MCI (H) 0.39, GW21 TOT (A) 0.45, GW22 CHE (H) 0.49, GW23 COV (A) 0.52, GW24 BOU (H) 0.44, GW25 EVE (A) 0.39, GW26 AVL (H) 0.53, GW27 FUL (A) 0.39, GW28 HUL (H) 0.48, GW29 BHA (H) 0.44, GW30 NEW (A) 0.38, GW31 NFO (H) 0.42, GW32 BRE (A) 0.41, GW33 LIV (H) 0.4, GW34 IPS (A) 0.45, GW35 ARS (H) 0.46, GW36 MUN (A) 0.36, GW37 SUN (H) 0.45, GW38 CRY (A) 0.45"
Mateo Joseph Fernández-Regatillo,FWD,Leeds,4.5,0.01,0.11,0.0,"ARS (A) 0.01, MUN (H) 0.02, SUN (A) 0.03, BOU (A) 0.04, TOT (H) 0.1","GW6 ARS (A) 0.01, GW7 MUN (H) 0.02, GW8 SUN (A) 0.03, GW9 BOU (A) 0.04, GW10 TOT (H) 0.1, GW11 CHE (A) 0.12, GW12 COV (H) 0.19, GW13 MCI (A) 0.05, GW14 IPS (H) 0.14, GW15 LIV (A) 0.06, GW16 FUL (H) 0.15, GW17 AVL (A) 0.17, GW18 HUL (A) 0.12, GW19 EVE (H) 0.12, GW20 MCI (H) 0.09, GW21 TOT (A) 0.11, GW22 CHE (H) 0.17, GW23 COV (A) 0.19, GW24 BOU (H) 0.12, GW25 EVE (A) 0.09, GW26 AVL (H) 0.21, GW27 FUL (A) 0.09, GW28 HUL (H) 0.16, GW29 BHA (H) 0.12, GW30 NEW (A) 0.08, GW31 NFO (H) 0.11, GW32 BRE (A) 0.09, GW33 LIV (H) 0.1, GW34 IPS (A) 0.12, GW35 ARS (H) 0.14, GW36 MUN (A) 0.06, GW37 SUN (H) 0.1, GW38 CRY (A) 0.14"
James Trafford,GK,Leeds,5.0,4.11,11.69,28.0,"ARS (A) 4.11, MUN (H) 3.95, SUN (A) 4.6, BOU (A) 3.57, TOT (H) 3.92","GW6 ARS (A) 4.11, GW7 MUN (H) 3.95, GW8 SUN (A) 4.6, GW9 BOU (A) 3.57, GW10 TOT (H) 3.92, GW11 CHE (A) 3.56, GW12 COV (H) 3.76, GW13 MCI (A) 2.59, GW14 IPS (H) 3.34, GW15 LIV (A) 2.94, GW16 FUL (H) 3.44, GW17 AVL (A) 2.87, GW18 HUL (A) 3.07, GW19 EVE (H) 3.31, GW20 MCI (H) 2.53, GW21 TOT (A) 3.55, GW22 CHE (H) 3.08, GW23 COV (A) 3.28, GW24 BOU (H) 2.66, GW25 EVE (A) 3.12, GW26 AVL (H) 2.85, GW27 FUL (A) 3.11, GW28 HUL (H) 3.13, GW29 BHA (H) 2.9, GW30 NEW (A) 2.82, GW31 NFO (H) 3.02, GW32 BRE (A) 2.76, GW33 LIV (H) 2.73, GW34 IPS (A) 3.0, GW35 ARS (H) 2.42, GW36 MUN (A) 2.49, GW37 SUN (H) 3.78, GW38 CRY (A) 3.2"
Nico Elvedi,DEF,Leeds,4.5,2.68,7.6,13.0,"ARS (A) 2.68, MUN (H) 2.74, SUN (A) 2.83, BOU (A) 2.27, TOT (H) 2.57","GW6 ARS (A) 2.68, GW7 MUN (H) 2.74, GW8 SUN (A) 2.83, GW9 BOU (A) 2.27, GW10 TOT (H) 2.57, GW11 CHE (A) 2.29, GW12 COV (H) 2.45, GW13 MCI (A) 1.41, GW14 IPS (H) 2.14, GW15 LIV (A) 1.82, GW16 FUL (H) 2.1, GW17 AVL (A) 1.87, GW18 HUL (A) 1.9, GW19 EVE (H) 2.03, GW20 MCI (H) 1.62, GW21 TOT (A) 2.08, GW22 CHE (H) 1.96, GW23 COV (A) 2.13, GW24 BOU (H) 1.67, GW25 EVE (A) 1.85, GW26 AVL (H) 1.89, GW27 FUL (A) 1.84, GW28 HUL (H) 1.98, GW29 BHA (H) 1.9, GW30 NEW (A) 1.73, GW31 NFO (H) 1.87, GW32 BRE (A) 1.75, GW33 LIV (H) 1.78, GW34 IPS (A) 1.83, GW35 ARS (H) 1.43, GW36 MUN (A) 1.46, GW37 SUN (H) 2.08, GW38 CRY (A) 1.91"
Jayden Lienou,DEF,Leeds,4.0,0.1,0.23,0.0,"ARS (A) 0.1, MUN (H) 0.06, SUN (A) 0.08, BOU (A) 0.05, TOT (H) 0.12","GW6 ARS (A) 0.1, GW7 MUN (H) 0.06, GW8 SUN (A) 0.08, GW9 BOU (A) 0.05, GW10 TOT (H) 0.12, GW11 CHE (A) 0.14, GW12 COV (H) 0.2, GW13 MCI (A) 0.01, GW14 IPS (H) 0.09, GW15 LIV (A) 0.02, GW16 FUL (H) 0.13, GW17 AVL (A) 0.1, GW18 HUL (A) 0.05, GW19 EVE (H) 0.09, GW20 MCI (H) 0.01, GW21 TOT (A) 0.06, GW22 CHE (H) 0.15, GW23 COV (A) 0.15, GW24 BOU (H) 0.04, GW25 EVE (A) 0.05, GW26 AVL (H) 0.12, GW27 FUL (A) 0.05, GW28 HUL (H) 0.07, GW29 BHA (H) 0.04, GW30 NEW (A) -0.0, GW31 NFO (H) 0.03, GW32 BRE (A) 0.01, GW33 LIV (H) 0.03, GW34 IPS (A) 0.04, GW35 ARS (H) 0.1, GW36 MUN (A) -0.03, GW37 SUN (H) 0.03, GW38 CRY (A) 0.1"
Alfie Cresswell,MID,Leeds,4.5,-0.17,-0.42,0.0,"ARS (A) -0.17, MUN (H) -0.19, SUN (A) -0.14, BOU (A) -0.15, TOT (H) -0.06","GW6 ARS (A) -0.17, GW7 MUN (H) -0.19, GW8 SUN (A) -0.14, GW9 BOU (A) -0.15, GW10 TOT (H) -0.06, GW11 CHE (A) -0.01, GW12 COV (H) 0.05, GW13 MCI (A) -0.08, GW14 IPS (H) 0.0, GW15 LIV (A) -0.04, GW16 FUL (H) 0.03, GW17 AVL (A) 0.03, GW18 HUL (A) 0.02, GW19 EVE (H) 0.02, GW20 MCI (H) -0.03, GW21 TOT (A) 0.04, GW22 CHE (H) 0.09, GW23 COV (A) 0.12, GW24 BOU (H) -0.02, GW25 EVE (A) 0.02, GW26 AVL (H) 0.06, GW27 FUL (A) 0.02, GW28 HUL (H) 0.05, GW29 BHA (H) -0.01, GW30 NEW (A) -0.02, GW31 NFO (H) -0.01, GW32 BRE (A) -0.02, GW33 LIV (H) 0.01, GW34 IPS (A) 0.04, GW35 ARS (H) 0.05, GW36 MUN (A) -0.03, GW37 SUN (H) 0.01, GW38 CRY (A) 0.07"
Alex Cairns,GK,Leeds,4.0,-0.01,-0.09,0.0,"ARS (A) -0.01, MUN (H) -0.07, SUN (A) -0.04, BOU (A) -0.04, TOT (H) 0.01","GW6 ARS (A) -0.01, GW7 MUN (H) -0.07, GW8 SUN (A) -0.04, GW9 BOU (A) -0.04, GW10 TOT (H) 0.01, GW11 CHE (A) 0.07, GW12 COV (H) 0.12, GW13 MCI (A) -0.07, GW14 IPS (H) 0.01, GW15 LIV (A) -0.05, GW16 FUL (H) 0.05, GW17 AVL (A) 0.05, GW18 HUL (A) -0.01, GW19 EVE (H) 0.02, GW20 MCI (H) -0.06, GW21 TOT (A) 0.01, GW22 CHE (H) 0.1, GW23 COV (A) 0.12, GW24 BOU (H) -0.01, GW25 EVE (A) 0.01, GW26 AVL (H) 0.07, GW27 FUL (A) 0.01, GW28 HUL (H) 0.01, GW29 BHA (H) -0.0, GW30 NEW (A) -0.05, GW31 NFO (H) -0.04, GW32 BRE (A) -0.02, GW33 LIV (H) -0.04, GW34 IPS (A) -0.01, GW35 ARS (H) 0.05, GW36 MUN (A) -0.08, GW37 SUN (H) -0.03, GW38 CRY (A) 0.07"
Michael Zetterer,GK,Leeds,4.0,0.3,1.06,0.0,"ARS (A) 0.3, MUN (H) 0.3, SUN (A) 0.4, BOU (A) 0.36, TOT (H) 0.5","GW6 ARS (A) 0.3, GW7 MUN (H) 0.3, GW8 SUN (A) 0.4, GW9 BOU (A) 0.36, GW10 TOT (H) 0.5, GW11 CHE (A) 0.56, GW12 COV (H) 0.65, GW13 MCI (A) 0.43, GW14 IPS (H) 0.58, GW15 LIV (A) 0.48, GW16 FUL (H) 0.64, GW17 AVL (A) 0.52, GW18 HUL (A) 0.56, GW19 EVE (H) 0.63, GW20 MCI (H) 0.51, GW21 TOT (A) 0.63, GW22 CHE (H) 0.7, GW23 COV (A) 1.0, GW24 BOU (H) 0.58, GW25 EVE (A) 0.6, GW26 AVL (H) 0.63, GW27 FUL (A) 0.6, GW28 HUL (H) 0.62, GW29 BHA (H) 0.62, GW30 NEW (A) 0.55, GW31 NFO (H) 0.59, GW32 BRE (A) 0.54, GW33 LIV (H) 0.55, GW34 IPS (A) 0.59, GW35 ARS (H) 0.71, GW36 MUN (A) 0.48, GW37 SUN (H) 0.58, GW38 CRY (A) 0.65"
Melvin Bard,DEF,Leeds,4.5,0.35,1.29,1.0,"ARS (A) 0.35, MUN (H) 0.42, SUN (A) 0.49, BOU (A) 0.43, TOT (H) 0.56","GW6 ARS (A) 0.35, GW7 MUN (H) 0.42, GW8 SUN (A) 0.49, GW9 BOU (A) 0.43, GW10 TOT (H) 0.56, GW11 CHE (A) 0.6, GW12 COV (H) 0.68, GW13 MCI (A) 0.47, GW14 IPS (H) 0.6, GW15 LIV (A) 0.5, GW16 FUL (H) 0.62, GW17 AVL (A) 0.55, GW18 HUL (A) 0.57, GW19 EVE (H) 0.62, GW20 MCI (H) 0.53, GW21 TOT (A) 0.63, GW22 CHE (H) 0.7, GW23 COV (A) 0.98, GW24 BOU (H) 0.54, GW25 EVE (A) 0.58, GW26 AVL (H) 0.62, GW27 FUL (A) 0.58, GW28 HUL (H) 0.62, GW29 BHA (H) 0.59, GW30 NEW (A) 0.57, GW31 NFO (H) 0.61, GW32 BRE (A) 0.53, GW33 LIV (H) 0.56, GW34 IPS (A) 0.57, GW35 ARS (H) 0.5, GW36 MUN (A) 0.49, GW37 SUN (H) 0.58, GW38 CRY (A) 0.64"
Jean-Mattéo Bahoya,MID,Leeds,5.0,0.56,1.95,1.0,"ARS (A) 0.56, MUN (H) 0.58, SUN (A) 0.76, BOU (A) 0.68, TOT (H) 0.84","GW6 ARS (A) 0.56, GW7 MUN (H) 0.58, GW8 SUN (A) 0.76, GW9 BOU (A) 0.68, GW10 TOT (H) 0.84, GW11 CHE (A) 0.89, GW12 COV (H) 0.98, GW13 MCI (A) 0.74, GW14 IPS (H) 1.12, GW15 LIV (A) 0.79, GW16 FUL (H) 0.95, GW17 AVL (A) 0.87, GW18 HUL (A) 0.92, GW19 EVE (H) 0.96, GW20 MCI (H) 0.8, GW21 TOT (A) 0.99, GW22 CHE (H) 1.04, GW23 COV (A) 1.25, GW24 BOU (H) 0.87, GW25 EVE (A) 0.93, GW26 AVL (H) 0.95, GW27 FUL (A) 0.93, GW28 HUL (H) 0.98, GW29 BHA (H) 0.92, GW30 NEW (A) 0.88, GW31 NFO (H) 0.9, GW32 BRE (A) 0.87, GW33 LIV (H) 0.87, GW34 IPS (A) 1.16, GW35 ARS (H) 0.81, GW36 MUN (A) 0.79, GW37 SUN (H) 0.96, GW38 CRY (A) 1.0"
Alisson Becker,GK,Liverpool,5.5,8.26,20.2,27.0,"MCI (H) 8.26, BRE (A) 6.98, BHA (H) 5.66, ARS (H) 5.15, CRY (A) 5.56","GW6 MCI (H) 8.26, GW7 BRE (A) 6.98, GW8 BHA (H) 5.66, GW9 ARS (H) 5.15, GW10 CRY (A) 5.56, GW11 MUN (H) 5.29, GW12 EVE (A) 4.89, GW13 SUN (H) 6.04, GW14 CHE (A) 5.51, GW15 LEE (H) 4.93, GW16 TOT (H) 4.78, GW17 HUL (A) 4.57, GW18 AVL (A) 4.66, GW19 COV (H) 4.97, GW20 SUN (A) 5.82, GW21 CRY (H) 4.92, GW22 MUN (A) 4.8, GW23 EVE (H) 4.81, GW24 ARS (A) 3.36, GW25 COV (A) 4.85, GW26 HUL (H) 4.48, GW27 TOT (A) 5.26, GW28 AVL (H) 4.55, GW29 IPS (H) 4.5, GW30 FUL (A) 4.85, GW31 NEW (H) 4.62, GW32 NFO (A) 4.76, GW33 LEE (A) 4.64, GW34 CHE (H) 5.27, GW35 MCI (A) 3.84, GW36 BRE (H) 4.37, GW37 BHA (A) 4.64, GW38 BOU (H) 4.07"
Giorgi Mamardashvili,GK,Liverpool,4.8,0.13,0.71,0.0,"MCI (H) 0.13, BRE (A) 0.19, BHA (H) 0.26, ARS (H) 0.33, CRY (A) 0.36","GW6 MCI (H) 0.13, GW7 BRE (A) 0.19, GW8 BHA (H) 0.26, GW9 ARS (H) 0.33, GW10 CRY (A) 0.36, GW11 MUN (H) 0.33, GW12 EVE (A) 0.36, GW13 SUN (H) 0.36, GW14 CHE (A) 0.45, GW15 LEE (H) 0.39, GW16 TOT (H) 0.43, GW17 HUL (A) 0.41, GW18 AVL (A) 0.45, GW19 COV (H) 0.53, GW20 SUN (A) 0.39, GW21 CRY (H) 0.52, GW22 MUN (A) 0.37, GW23 EVE (H) 0.43, GW24 ARS (A) 0.44, GW25 COV (A) 0.52, GW26 HUL (H) 0.45, GW27 TOT (A) 0.43, GW28 AVL (H) 0.49, GW29 IPS (H) 0.46, GW30 FUL (A) 0.41, GW31 NEW (H) 0.4, GW32 NFO (A) 0.4, GW33 LEE (A) 0.4, GW34 CHE (H) 0.51, GW35 MCI (A) 0.36, GW36 BRE (H) 0.45, GW37 BHA (A) 0.42, GW38 BOU (H) 0.44"
Freddie Woodman,GK,Liverpool,4.0,-0.06,0.04,0.0,"MCI (H) -0.06, BRE (A) -0.02, BHA (H) 0.05, ARS (H) 0.04, CRY (A) 0.13","GW6 MCI (H) -0.06, GW7 BRE (A) -0.02, GW8 BHA (H) 0.05, GW9 ARS (H) 0.04, GW10 CRY (A) 0.13, GW11 MUN (H) 0.06, GW12 EVE (A) 0.11, GW13 SUN (H) 0.14, GW14 CHE (A) 0.15, GW15 LEE (H) 0.13, GW16 TOT (H) 0.21, GW17 HUL (A) 0.2, GW18 AVL (A) 0.21, GW19 COV (H) 0.32, GW20 SUN (A) 0.15, GW21 CRY (H) 0.3, GW22 MUN (A) 0.05, GW23 EVE (H) 0.15, GW24 ARS (A) 0.07, GW25 COV (A) 0.3, GW26 HUL (H) 0.23, GW27 TOT (A) 0.18, GW28 AVL (H) 0.24, GW29 IPS (H) 0.24, GW30 FUL (A) 0.13, GW31 NEW (H) 0.12, GW32 NFO (A) 0.12, GW33 LEE (A) 0.12, GW34 CHE (H) 0.19, GW35 MCI (A) 0.03, GW36 BRE (H) 0.15, GW37 BHA (A) 0.09, GW38 BOU (H) 0.15"
Armin Pecsi,GK,Liverpool,4.0,-0.04,-0.03,0.0,"MCI (H) -0.04, BRE (A) -0.03, BHA (H) 0.01, ARS (H) -0.01, CRY (A) 0.05","GW6 MCI (H) -0.04, GW7 BRE (A) -0.03, GW8 BHA (H) 0.01, GW9 ARS (H) -0.01, GW10 CRY (A) 0.05, GW11 MUN (H) -0.02, GW12 EVE (A) 0.02, GW13 SUN (H) -0.01, GW14 CHE (A) 0.07, GW15 LEE (H) 0.02, GW16 TOT (H) 0.03, GW17 HUL (A) 0.04, GW18 AVL (A) 0.05, GW19 COV (H) 0.13, GW20 SUN (A) 0.02, GW21 CRY (H) 0.11, GW22 MUN (A) -0.03, GW23 EVE (H) 0.04, GW24 ARS (A) -0.04, GW25 COV (A) 0.27, GW26 HUL (H) 0.06, GW27 TOT (A) 0.04, GW28 AVL (H) 0.1, GW29 IPS (H) 0.06, GW30 FUL (A) 0.02, GW31 NEW (H) 0.03, GW32 NFO (A) 0.05, GW33 LEE (A) -0.0, GW34 CHE (H) 0.1, GW35 MCI (A) -0.04, GW36 BRE (H) 0.05, GW37 BHA (A) 0.01, GW38 BOU (H) 0.03"
Vitezslav Jaros,GK,Liverpool,4.0,-0.13,-0.27,0.0,"MCI (H) -0.13, BRE (A) -0.12, BHA (H) -0.07, ARS (H) -0.06, CRY (A) -0.01","GW6 MCI (H) -0.13, GW7 BRE (A) -0.12, GW8 BHA (H) -0.07, GW9 ARS (H) -0.06, GW10 CRY (A) -0.01, GW11 MUN (H) -0.07, GW12 EVE (A) -0.02, GW13 SUN (H) -0.01, GW14 CHE (A) 0.06, GW15 LEE (H) -0.01, GW16 TOT (H) 0.04, GW17 HUL (A) 0.01, GW18 AVL (A) 0.03, GW19 COV (H) 0.15, GW20 SUN (A) 0.03, GW21 CRY (H) 0.13, GW22 MUN (A) -0.04, GW23 EVE (H) 0.07, GW24 ARS (A) -0.01, GW25 COV (A) 0.27, GW26 HUL (H) 0.06, GW27 TOT (A) 0.05, GW28 AVL (H) 0.1, GW29 IPS (H) 0.06, GW30 FUL (A) 0.04, GW31 NEW (H) 0.04, GW32 NFO (A) 0.05, GW33 LEE (A) -0.02, GW34 CHE (H) 0.14, GW35 MCI (A) -0.04, GW36 BRE (H) 0.06, GW37 BHA (A) 0.02, GW38 BOU (H) 0.04"
Harvey Davies,GK,Liverpool,4.0,-0.06,-0.06,0.0,"MCI (H) -0.06, BRE (A) -0.04, BHA (H) -0.01, ARS (H) 0.03, CRY (A) 0.04","GW6 MCI (H) -0.06, GW7 BRE (A) -0.04, GW8 BHA (H) -0.01, GW9 ARS (H) 0.03, GW10 CRY (A) 0.04, GW11 MUN (H) -0.04, GW12 EVE (A) 0.0, GW13 SUN (H) -0.01, GW14 CHE (A) 0.08, GW15 LEE (H) -0.02, GW16 TOT (H) 0.04, GW17 HUL (A) -0.01, GW18 AVL (A) 0.05, GW19 COV (H) 0.15, GW20 SUN (A) -0.02, GW21 CRY (H) 0.13, GW22 MUN (A) -0.08, GW23 EVE (H) 0.04, GW24 ARS (A) 0.03, GW25 COV (A) 0.12, GW26 HUL (H) 0.03, GW27 TOT (A) 0.0, GW28 AVL (H) 0.09, GW29 IPS (H) 0.03, GW30 FUL (A) 0.01, GW31 NEW (H) -0.02, GW32 NFO (A) -0.03, GW33 LEE (A) -0.05, GW34 CHE (H) 0.12, GW35 MCI (A) -0.08, GW36 BRE (H) 0.02, GW37 BHA (A) -0.03, GW38 BOU (H) 0.01"
Virgil van Dijk,DEF,Liverpool,6.5,6.07,16.54,25.0,"MCI (H) 6.07, BRE (A) 5.44, BHA (H) 5.24, ARS (H) 4.44, CRY (A) 5.28","GW6 MCI (H) 6.07, GW7 BRE (A) 5.44, GW8 BHA (H) 5.24, GW9 ARS (H) 4.44, GW10 CRY (A) 5.28, GW11 MUN (H) 4.43, GW12 EVE (A) 4.84, GW13 SUN (H) 5.47, GW14 CHE (A) 4.49, GW15 LEE (H) 4.26, GW16 TOT (H) 4.83, GW17 HUL (A) 4.47, GW18 AVL (A) 4.19, GW19 COV (H) 5.06, GW20 SUN (A) 4.91, GW21 CRY (H) 5.12, GW22 MUN (A) 3.16, GW23 EVE (H) 4.59, GW24 ARS (A) 2.3, GW25 COV (A) 4.81, GW26 HUL (H) 4.69, GW27 TOT (A) 4.62, GW28 AVL (H) 4.09, GW29 IPS (H) 5.38, GW30 FUL (A) 4.34, GW31 NEW (H) 3.85, GW32 NFO (A) 3.74, GW33 LEE (A) 3.68, GW34 CHE (H) 4.33, GW35 MCI (A) 2.19, GW36 BRE (H) 3.73, GW37 BHA (A) 3.42, GW38 BOU (H) 3.42"
Jeremie Frimpong,DEF,Liverpool,5.3,0.64,2.76,2.0,"MCI (H) 0.64, BRE (A) 0.72, BHA (H) 1.03, ARS (H) 1.07, CRY (A) 1.41","GW6 MCI (H) 0.64, GW7 BRE (A) 0.72, GW8 BHA (H) 1.03, GW9 ARS (H) 1.07, GW10 CRY (A) 1.41, GW11 MUN (H) 1.4, GW12 EVE (A) 1.51, GW13 SUN (H) 1.61, GW14 CHE (A) 1.66, GW15 LEE (H) 1.66, GW16 TOT (H) 1.8, GW17 HUL (A) 1.75, GW18 AVL (A) 1.58, GW19 COV (H) 1.99, GW20 SUN (A) 1.74, GW21 CRY (H) 1.99, GW22 MUN (A) 1.64, GW23 EVE (H) 1.81, GW24 ARS (A) 1.45, GW25 COV (A) 1.98, GW26 HUL (H) 1.89, GW27 TOT (A) 1.8, GW28 AVL (H) 1.7, GW29 IPS (H) 1.92, GW30 FUL (A) 1.76, GW31 NEW (H) 1.77, GW32 NFO (A) 1.74, GW33 LEE (A) 1.73, GW34 CHE (H) 1.89, GW35 MCI (A) 1.65, GW36 BRE (H) 1.62, GW37 BHA (A) 1.55, GW38 BOU (H) 1.57"
Milos Kerkez,DEF,Liverpool,5.3,3.39,9.72,13.0,"MCI (H) 3.39, BRE (A) 3.3, BHA (H) 3.19, ARS (H) 2.55, CRY (A) 3.12","GW6 MCI (H) 3.39, GW7 BRE (A) 3.3, GW8 BHA (H) 3.19, GW9 ARS (H) 2.55, GW10 CRY (A) 3.12, GW11 MUN (H) 2.72, GW12 EVE (A) 2.95, GW13 SUN (H) 3.41, GW14 CHE (A) 2.65, GW15 LEE (H) 2.81, GW16 TOT (H) 3.11, GW17 HUL (A) 2.7, GW18 AVL (A) 2.46, GW19 COV (H) 2.89, GW20 SUN (A) 3.28, GW21 CRY (H) 2.85, GW22 MUN (A) 2.25, GW23 EVE (H) 2.72, GW24 ARS (A) 1.49, GW25 COV (A) 2.76, GW26 HUL (H) 2.74, GW27 TOT (A) 3.33, GW28 AVL (H) 2.45, GW29 IPS (H) 2.76, GW30 FUL (A) 2.64, GW31 NEW (H) 2.61, GW32 NFO (A) 2.68, GW33 LEE (A) 2.6, GW34 CHE (H) 2.58, GW35 MCI (A) 1.79, GW36 BRE (H) 2.42, GW37 BHA (A) 2.15, GW38 BOU (H) 2.16"
Joe Gomez,DEF,Liverpool,4.9,-0.05,0.1,0.0,"MCI (H) -0.05, BRE (A) -0.01, BHA (H) 0.06, ARS (H) 0.12, CRY (A) 0.15","GW6 MCI (H) -0.05, GW7 BRE (A) -0.01, GW8 BHA (H) 0.06, GW9 ARS (H) 0.12, GW10 CRY (A) 0.15, GW11 MUN (H) 0.14, GW12 EVE (A) 0.17, GW13 SUN (H) 0.18, GW14 CHE (A) 0.26, GW15 LEE (H) 0.22, GW16 TOT (H) 0.27, GW17 HUL (A) 0.25, GW18 AVL (A) 0.29, GW19 COV (H) 0.38, GW20 SUN (A) 0.24, GW21 CRY (H) 0.36, GW22 MUN (A) 0.22, GW23 EVE (H) 0.29, GW24 ARS (A) 0.28, GW25 COV (A) 0.36, GW26 HUL (H) 0.31, GW27 TOT (A) 0.28, GW28 AVL (H) 0.35, GW29 IPS (H) 0.31, GW30 FUL (A) 0.27, GW31 NEW (H) 0.29, GW32 NFO (A) 0.29, GW33 LEE (A) 0.24, GW34 CHE (H) 0.37, GW35 MCI (A) 0.23, GW36 BRE (H) 0.3, GW37 BHA (A) 0.27, GW38 BOU (H) 0.3"
Conor Bradley,DEF,Liverpool,5.0,-0.1,-0.1,0.0,"MCI (H) -0.1, BRE (A) -0.05, BHA (H) -0.05, ARS (H) 0.06, CRY (A) 0.07","GW6 MCI (H) -0.1, GW7 BRE (A) -0.05, GW8 BHA (H) -0.05, GW9 ARS (H) 0.06, GW10 CRY (A) 0.07, GW11 MUN (H) 0.01, GW12 EVE (A) 0.07, GW13 SUN (H) 0.02, GW14 CHE (A) 0.15, GW15 LEE (H) 0.06, GW16 TOT (H) 0.08, GW17 HUL (A) 0.15, GW18 AVL (A) 0.25, GW19 COV (H) 0.18, GW20 SUN (A) 0.12, GW21 CRY (H) 0.16, GW22 MUN (A) 0.12, GW23 EVE (H) 0.09, GW24 ARS (A) 0.25, GW25 COV (A) 0.23, GW26 HUL (H) 0.13, GW27 TOT (A) 0.15, GW28 AVL (H) 0.23, GW29 IPS (H) 0.13, GW30 FUL (A) 0.14, GW31 NEW (H) 0.08, GW32 NFO (A) 0.15, GW33 LEE (A) 0.13, GW34 CHE (H) 0.16, GW35 MCI (A) 0.12, GW36 BRE (H) 0.1, GW37 BHA (A) 0.13, GW38 BOU (H) 0.09"
Wellity Lucky,DEF,Liverpool,4.0,-0.09,-0.07,0.0,"MCI (H) -0.09, BRE (A) -0.06, BHA (H) -0.0, ARS (H) 0.04, CRY (A) 0.08","GW6 MCI (H) -0.09, GW7 BRE (A) -0.06, GW8 BHA (H) -0.0, GW9 ARS (H) 0.04, GW10 CRY (A) 0.08, GW11 MUN (H) 0.04, GW12 EVE (A) 0.07, GW13 SUN (H) 0.08, GW14 CHE (A) 0.15, GW15 LEE (H) 0.12, GW16 TOT (H) 0.14, GW17 HUL (A) 0.13, GW18 AVL (A) 0.2, GW19 COV (H) 0.26, GW20 SUN (A) 0.11, GW21 CRY (H) 0.25, GW22 MUN (A) 0.07, GW23 EVE (H) 0.17, GW24 ARS (A) 0.14, GW25 COV (A) 0.24, GW26 HUL (H) 0.19, GW27 TOT (A) 0.14, GW28 AVL (H) 0.26, GW29 IPS (H) 0.19, GW30 FUL (A) 0.13, GW31 NEW (H) 0.13, GW32 NFO (A) 0.12, GW33 LEE (A) 0.12, GW34 CHE (H) 0.24, GW35 MCI (A) 0.07, GW36 BRE (H) 0.17, GW37 BHA (A) 0.12, GW38 BOU (H) 0.16"
Jeremy Jacquet,DEF,Liverpool,5.0,4.98,13.14,24.0,"MCI (H) 4.98, BRE (A) 4.3, BHA (H) 4.07, ARS (H) 3.9, CRY (A) 3.7","GW6 MCI (H) 4.98, GW7 BRE (A) 4.3, GW8 BHA (H) 4.07, GW9 ARS (H) 3.9, GW10 CRY (A) 3.7, GW11 MUN (H) 3.41, GW12 EVE (A) 3.15, GW13 SUN (H) 3.79, GW14 CHE (A) 3.02, GW15 LEE (H) 2.79, GW16 TOT (H) 2.88, GW17 HUL (A) 2.63, GW18 AVL (A) 2.65, GW19 COV (H) 2.64, GW20 SUN (A) 3.39, GW21 CRY (H) 2.57, GW22 MUN (A) 2.43, GW23 EVE (H) 2.54, GW24 ARS (A) 2.36, GW25 COV (A) 2.55, GW26 HUL (H) 2.56, GW27 TOT (A) 2.97, GW28 AVL (H) 2.57, GW29 IPS (H) 2.61, GW30 FUL (A) 2.48, GW31 NEW (H) 2.41, GW32 NFO (A) 2.64, GW33 LEE (A) 2.39, GW34 CHE (H) 2.64, GW35 MCI (A) 2.06, GW36 BRE (H) 2.18, GW37 BHA (A) 2.27, GW38 BOU (H) 1.95"
Giovanni Leoni,DEF,Liverpool,4.0,0.01,0.11,0.0,"MCI (H) 0.01, BRE (A) 0.02, BHA (H) 0.04, ARS (H) 0.06, CRY (A) 0.08","GW6 MCI (H) 0.01, GW7 BRE (A) 0.02, GW8 BHA (H) 0.04, GW9 ARS (H) 0.06, GW10 CRY (A) 0.08, GW11 MUN (H) 0.04, GW12 EVE (A) 0.05, GW13 SUN (H) 0.03, GW14 CHE (A) 0.09, GW15 LEE (H) 0.05, GW16 TOT (H) 0.07, GW17 HUL (A) 0.07, GW18 AVL (A) 0.13, GW19 COV (H) 0.16, GW20 SUN (A) 0.03, GW21 CRY (H) 0.14, GW22 MUN (A) 0.01, GW23 EVE (H) 0.06, GW24 ARS (A) 0.05, GW25 COV (A) 0.14, GW26 HUL (H) 0.09, GW27 TOT (A) 0.06, GW28 AVL (H) 0.14, GW29 IPS (H) 0.09, GW30 FUL (A) 0.04, GW31 NEW (H) 0.05, GW32 NFO (A) 0.06, GW33 LEE (A) 0.03, GW34 CHE (H) 0.11, GW35 MCI (A) 0.0, GW36 BRE (H) 0.06, GW37 BHA (A) 0.02, GW38 BOU (H) 0.05"
Kostas Tsimikas,DEF,Liverpool,4.9,0.59,2.05,2.0,"MCI (H) 0.59, BRE (A) 0.64, BHA (H) 0.73, ARS (H) 0.71, CRY (A) 0.76","GW6 MCI (H) 0.59, GW7 BRE (A) 0.64, GW8 BHA (H) 0.73, GW9 ARS (H) 0.71, GW10 CRY (A) 0.76, GW11 MUN (H) 0.71, GW12 EVE (A) 0.71, GW13 SUN (H) 0.78, GW14 CHE (A) 0.79, GW15 LEE (H) 0.74, GW16 TOT (H) 0.81, GW17 HUL (A) 0.72, GW18 AVL (A) 0.78, GW19 COV (H) 0.87, GW20 SUN (A) 0.78, GW21 CRY (H) 0.84, GW22 MUN (A) 0.66, GW23 EVE (H) 0.74, GW24 ARS (A) 0.65, GW25 COV (A) 0.93, GW26 HUL (H) 0.76, GW27 TOT (A) 0.79, GW28 AVL (H) 0.83, GW29 IPS (H) 0.76, GW30 FUL (A) 0.7, GW31 NEW (H) 0.75, GW32 NFO (A) 0.75, GW33 LEE (A) 0.69, GW34 CHE (H) 0.83, GW35 MCI (A) 0.65, GW36 BRE (H) 0.75, GW37 BHA (A) 0.69, GW38 BOU (H) 0.72"
Calvin Ramsay,DEF,Liverpool,4.0,0.02,0.28,0.0,"MCI (H) 0.02, BRE (A) 0.06, BHA (H) 0.09, ARS (H) 0.16, CRY (A) 0.22","GW6 MCI (H) 0.02, GW7 BRE (A) 0.06, GW8 BHA (H) 0.09, GW9 ARS (H) 0.16, GW10 CRY (A) 0.22, GW11 MUN (H) 0.17, GW12 EVE (A) 0.2, GW13 SUN (H) 0.15, GW14 CHE (A) 0.28, GW15 LEE (H) 0.23, GW16 TOT (H) 0.23, GW17 HUL (A) 0.28, GW18 AVL (A) 0.31, GW19 COV (H) 0.38, GW20 SUN (A) 0.18, GW21 CRY (H) 0.36, GW22 MUN (A) 0.19, GW23 EVE (H) 0.25, GW24 ARS (A) 0.24, GW25 COV (A) 0.37, GW26 HUL (H) 0.3, GW27 TOT (A) 0.21, GW28 AVL (H) 0.34, GW29 IPS (H) 0.31, GW30 FUL (A) 0.24, GW31 NEW (H) 0.22, GW32 NFO (A) 0.23, GW33 LEE (A) 0.23, GW34 CHE (H) 0.32, GW35 MCI (A) 0.18, GW36 BRE (H) 0.25, GW37 BHA (A) 0.22, GW38 BOU (H) 0.24"
Florian Wirtz,MID,Liverpool,7.3,3.93,11.05,18.0,"MCI (H) 3.93, BRE (A) 3.39, BHA (H) 3.45, ARS (H) 3.11, CRY (A) 4.17","GW6 MCI (H) 3.93, GW7 BRE (A) 3.39, GW8 BHA (H) 3.45, GW9 ARS (H) 3.11, GW10 CRY (A) 4.17, GW11 MUN (H) 3.96, GW12 EVE (A) 4.17, GW13 SUN (H) 5.02, GW14 CHE (A) 3.38, GW15 LEE (H) 4.26, GW16 TOT (H) 4.32, GW17 HUL (A) 4.03, GW18 AVL (A) 3.21, GW19 COV (H) 3.9, GW20 SUN (A) 4.97, GW21 CRY (H) 4.13, GW22 MUN (A) 3.52, GW23 EVE (H) 4.31, GW24 ARS (A) 2.37, GW25 COV (A) 3.68, GW26 HUL (H) 4.24, GW27 TOT (A) 4.5, GW28 AVL (H) 3.33, GW29 IPS (H) 4.26, GW30 FUL (A) 4.13, GW31 NEW (H) 3.97, GW32 NFO (A) 3.86, GW33 LEE (A) 4.06, GW34 CHE (H) 3.52, GW35 MCI (A) 2.97, GW36 BRE (H) 2.93, GW37 BHA (A) 2.77, GW38 BOU (H) 2.68"
Cody Gakpo,MID,Liverpool,7.2,3.81,11.41,32.0,"MCI (H) 3.81, BRE (A) 3.76, BHA (H) 3.74, ARS (H) 2.98, CRY (A) 4.24","GW6 MCI (H) 3.81, GW7 BRE (A) 3.76, GW8 BHA (H) 3.74, GW9 ARS (H) 2.98, GW10 CRY (A) 4.24, GW11 MUN (H) 3.71, GW12 EVE (A) 4.21, GW13 SUN (H) 5.1, GW14 CHE (A) 4.92, GW15 LEE (H) 4.52, GW16 TOT (H) 4.98, GW17 HUL (A) 4.56, GW18 AVL (A) 4.52, GW19 COV (H) 5.27, GW20 SUN (A) 5.34, GW21 CRY (H) 5.33, GW22 MUN (A) 4.21, GW23 EVE (H) 4.77, GW24 ARS (A) 3.94, GW25 COV (A) 5.11, GW26 HUL (H) 4.79, GW27 TOT (A) 5.19, GW28 AVL (H) 4.41, GW29 IPS (H) 4.87, GW30 FUL (A) 4.62, GW31 NEW (H) 4.56, GW32 NFO (A) 4.66, GW33 LEE (A) 4.39, GW34 CHE (H) 4.76, GW35 MCI (A) 3.54, GW36 BRE (H) 4.47, GW37 BHA (A) 4.34, GW38 BOU (H) 4.13"
Dominik Szoboszlai,MID,Liverpool,6.9,3.11,9.79,20.0,"MCI (H) 3.11, BRE (A) 2.91, BHA (H) 3.35, ARS (H) 3.2, CRY (A) 3.7","GW6 MCI (H) 3.11, GW7 BRE (A) 2.91, GW8 BHA (H) 3.35, GW9 ARS (H) 3.2, GW10 CRY (A) 3.7, GW11 MUN (H) 3.67, GW12 EVE (A) 3.8, GW13 SUN (H) 4.52, GW14 CHE (A) 3.61, GW15 LEE (H) 4.0, GW16 TOT (H) 3.96, GW17 HUL (A) 3.5, GW18 AVL (A) 3.89, GW19 COV (H) 3.95, GW20 SUN (A) 4.31, GW21 CRY (H) 4.05, GW22 MUN (A) 3.39, GW23 EVE (H) 4.26, GW24 ARS (A) 2.74, GW25 COV (A) 3.54, GW26 HUL (H) 4.11, GW27 TOT (A) 4.16, GW28 AVL (H) 3.98, GW29 IPS (H) 4.5, GW30 FUL (A) 3.97, GW31 NEW (H) 3.93, GW32 NFO (A) 3.59, GW33 LEE (A) 3.74, GW34 CHE (H) 3.83, GW35 MCI (A) 2.52, GW36 BRE (H) 3.3, GW37 BHA (A) 3.18, GW38 BOU (H) 3.6"
Rio Ngumoha,MID,Liverpool,5.7,0.59,2.6,4.0,"MCI (H) 0.59, BRE (A) 0.76, BHA (H) 0.94, ARS (H) 1.1, CRY (A) 1.14","GW6 MCI (H) 0.59, GW7 BRE (A) 0.76, GW8 BHA (H) 0.94, GW9 ARS (H) 1.1, GW10 CRY (A) 1.14, GW11 MUN (H) 1.03, GW12 EVE (A) 1.15, GW13 SUN (H) 1.33, GW14 CHE (A) 1.25, GW15 LEE (H) 1.19, GW16 TOT (H) 1.31, GW17 HUL (A) 1.37, GW18 AVL (A) 1.32, GW19 COV (H) 1.56, GW20 SUN (A) 1.42, GW21 CRY (H) 1.55, GW22 MUN (A) 1.13, GW23 EVE (H) 1.27, GW24 ARS (A) 1.31, GW25 COV (A) 1.57, GW26 HUL (H) 1.42, GW27 TOT (A) 1.5, GW28 AVL (H) 1.37, GW29 IPS (H) 1.45, GW30 FUL (A) 1.26, GW31 NEW (H) 1.21, GW32 NFO (A) 1.22, GW33 LEE (A) 1.23, GW34 CHE (H) 1.35, GW35 MCI (A) 1.1, GW36 BRE (H) 1.26, GW37 BHA (A) 1.19, GW38 BOU (H) 1.24"
Federico Chiesa,MID,Liverpool,5.3,-0.01,0.25,0.0,"MCI (H) -0.01, BRE (A) 0.03, BHA (H) 0.09, ARS (H) 0.18, CRY (A) 0.24","GW6 MCI (H) -0.01, GW7 BRE (A) 0.03, GW8 BHA (H) 0.09, GW9 ARS (H) 0.18, GW10 CRY (A) 0.24, GW11 MUN (H) 0.21, GW12 EVE (A) 0.24, GW13 SUN (H) 0.28, GW14 CHE (A) 0.33, GW15 LEE (H) 0.29, GW16 TOT (H) 0.38, GW17 HUL (A) 0.34, GW18 AVL (A) 0.4, GW19 COV (H) 0.45, GW20 SUN (A) 0.35, GW21 CRY (H) 0.43, GW22 MUN (A) 0.28, GW23 EVE (H) 0.33, GW24 ARS (A) 0.34, GW25 COV (A) 0.45, GW26 HUL (H) 0.38, GW27 TOT (A) 0.38, GW28 AVL (H) 0.43, GW29 IPS (H) 0.39, GW30 FUL (A) 0.32, GW31 NEW (H) 0.32, GW32 NFO (A) 0.34, GW33 LEE (A) 0.31, GW34 CHE (H) 0.4, GW35 MCI (A) 0.28, GW36 BRE (H) 0.35, GW37 BHA (A) 0.32, GW38 BOU (H) 0.34"
Ryan Gravenberch,MID,Liverpool,5.8,1.26,4.58,9.0,"MCI (H) 1.26, BRE (A) 1.39, BHA (H) 1.63, ARS (H) 1.56, CRY (A) 1.9","GW6 MCI (H) 1.26, GW7 BRE (A) 1.39, GW8 BHA (H) 1.63, GW9 ARS (H) 1.56, GW10 CRY (A) 1.9, GW11 MUN (H) 1.79, GW12 EVE (A) 1.92, GW13 SUN (H) 2.08, GW14 CHE (A) 2.06, GW15 LEE (H) 1.98, GW16 TOT (H) 2.11, GW17 HUL (A) 2.16, GW18 AVL (A) 2.04, GW19 COV (H) 2.38, GW20 SUN (A) 2.2, GW21 CRY (H) 2.38, GW22 MUN (A) 1.94, GW23 EVE (H) 2.07, GW24 ARS (A) 1.75, GW25 COV (A) 2.39, GW26 HUL (H) 2.22, GW27 TOT (A) 2.31, GW28 AVL (H) 2.09, GW29 IPS (H) 2.25, GW30 FUL (A) 2.06, GW31 NEW (H) 2.01, GW32 NFO (A) 2.02, GW33 LEE (A) 2.03, GW34 CHE (H) 2.18, GW35 MCI (A) 1.91, GW36 BRE (H) 1.99, GW37 BHA (A) 1.96, GW38 BOU (H) 1.96"
Alexis Mac Allister,MID,Liverpool,5.4,2.82,8.51,11.0,"MCI (H) 2.82, BRE (A) 2.92, BHA (H) 2.8, ARS (H) 2.42, CRY (A) 2.78","GW6 MCI (H) 2.82, GW7 BRE (A) 2.92, GW8 BHA (H) 2.8, GW9 ARS (H) 2.42, GW10 CRY (A) 2.78, GW11 MUN (H) 2.39, GW12 EVE (A) 2.67, GW13 SUN (H) 2.67, GW14 CHE (A) 2.52, GW15 LEE (H) 2.53, GW16 TOT (H) 2.41, GW17 HUL (A) 2.56, GW18 AVL (A) 2.61, GW19 COV (H) 2.73, GW20 SUN (A) 2.68, GW21 CRY (H) 2.7, GW22 MUN (A) 2.24, GW23 EVE (H) 2.58, GW24 ARS (A) 1.98, GW25 COV (A) 2.71, GW26 HUL (H) 2.55, GW27 TOT (A) 2.74, GW28 AVL (H) 2.61, GW29 IPS (H) 2.55, GW30 FUL (A) 2.56, GW31 NEW (H) 2.44, GW32 NFO (A) 2.52, GW33 LEE (A) 2.48, GW34 CHE (H) 2.45, GW35 MCI (A) 1.99, GW36 BRE (H) 2.46, GW37 BHA (A) 2.24, GW38 BOU (H) 2.39"
Curtis Jones,MID,Liverpool,5.5,0.17,0.76,0.0,"MCI (H) 0.17, BRE (A) 0.2, BHA (H) 0.27, ARS (H) 0.33, CRY (A) 0.38","GW6 MCI (H) 0.17, GW7 BRE (A) 0.2, GW8 BHA (H) 0.27, GW9 ARS (H) 0.33, GW10 CRY (A) 0.38, GW11 MUN (H) 0.43, GW12 EVE (A) 0.38, GW13 SUN (H) 0.43, GW14 CHE (A) 0.45, GW15 LEE (H) 0.39, GW16 TOT (H) 0.59, GW17 HUL (A) 0.54, GW18 AVL (A) 0.51, GW19 COV (H) 0.63, GW20 SUN (A) 0.49, GW21 CRY (H) 0.61, GW22 MUN (A) 0.5, GW23 EVE (H) 0.44, GW24 ARS (A) 0.45, GW25 COV (A) 0.63, GW26 HUL (H) 0.57, GW27 TOT (A) 0.57, GW28 AVL (H) 0.53, GW29 IPS (H) 0.58, GW30 FUL (A) 0.44, GW31 NEW (H) 0.53, GW32 NFO (A) 0.55, GW33 LEE (A) 0.41, GW34 CHE (H) 0.5, GW35 MCI (A) 0.46, GW36 BRE (H) 0.45, GW37 BHA (A) 0.43, GW38 BOU (H) 0.44"
Endo Wataru,MID,Liverpool,4.9,-0.01,0.11,0.0,"MCI (H) -0.01, BRE (A) 0.01, BHA (H) 0.05, ARS (H) 0.08, CRY (A) 0.12","GW6 MCI (H) -0.01, GW7 BRE (A) 0.01, GW8 BHA (H) 0.05, GW9 ARS (H) 0.08, GW10 CRY (A) 0.12, GW11 MUN (H) 0.07, GW12 EVE (A) 0.09, GW13 SUN (H) 0.07, GW14 CHE (A) 0.15, GW15 LEE (H) 0.1, GW16 TOT (H) 0.12, GW17 HUL (A) 0.13, GW18 AVL (A) 0.19, GW19 COV (H) 0.21, GW20 SUN (A) 0.1, GW21 CRY (H) 0.19, GW22 MUN (A) 0.08, GW23 EVE (H) 0.12, GW24 ARS (A) 0.12, GW25 COV (A) 0.21, GW26 HUL (H) 0.15, GW27 TOT (A) 0.12, GW28 AVL (H) 0.2, GW29 IPS (H) 0.15, GW30 FUL (A) 0.11, GW31 NEW (H) 0.11, GW32 NFO (A) 0.13, GW33 LEE (A) 0.1, GW34 CHE (H) 0.17, GW35 MCI (A) 0.07, GW36 BRE (H) 0.12, GW37 BHA (A) 0.09, GW38 BOU (H) 0.11"
Trey Nyoni,MID,Liverpool,4.9,0.86,2.9,3.0,"MCI (H) 0.86, BRE (A) 0.92, BHA (H) 0.99, ARS (H) 1.01, CRY (A) 1.05","GW6 MCI (H) 0.86, GW7 BRE (A) 0.92, GW8 BHA (H) 0.99, GW9 ARS (H) 1.01, GW10 CRY (A) 1.05, GW11 MUN (H) 0.99, GW12 EVE (A) 0.99, GW13 SUN (H) 1.02, GW14 CHE (A) 1.07, GW15 LEE (H) 1.03, GW16 TOT (H) 1.05, GW17 HUL (A) 1.02, GW18 AVL (A) 1.11, GW19 COV (H) 1.18, GW20 SUN (A) 1.0, GW21 CRY (H) 1.16, GW22 MUN (A) 0.95, GW23 EVE (H) 1.05, GW24 ARS (A) 0.99, GW25 COV (A) 1.13, GW26 HUL (H) 1.07, GW27 TOT (A) 1.01, GW28 AVL (H) 1.17, GW29 IPS (H) 1.07, GW30 FUL (A) 0.99, GW31 NEW (H) 1.04, GW32 NFO (A) 1.01, GW33 LEE (A) 0.99, GW34 CHE (H) 1.13, GW35 MCI (A) 0.94, GW36 BRE (H) 1.06, GW37 BHA (A) 0.98, GW38 BOU (H) 1.03"
Stefan Bajčetić Maquieira,MID,Liverpool,5.0,0.02,0.16,0.0,"MCI (H) 0.02, BRE (A) 0.02, BHA (H) 0.06, ARS (H) 0.1, CRY (A) 0.11","GW6 MCI (H) 0.02, GW7 BRE (A) 0.02, GW8 BHA (H) 0.06, GW9 ARS (H) 0.1, GW10 CRY (A) 0.11, GW11 MUN (H) 0.09, GW12 EVE (A) 0.08, GW13 SUN (H) 0.09, GW14 CHE (A) 0.15, GW15 LEE (H) 0.11, GW16 TOT (H) 0.13, GW17 HUL (A) 0.12, GW18 AVL (A) 0.14, GW19 COV (H) 0.21, GW20 SUN (A) 0.1, GW21 CRY (H) 0.19, GW22 MUN (A) 0.08, GW23 EVE (H) 0.13, GW24 ARS (A) 0.13, GW25 COV (A) 0.19, GW26 HUL (H) 0.15, GW27 TOT (A) 0.11, GW28 AVL (H) 0.17, GW29 IPS (H) 0.15, GW30 FUL (A) 0.09, GW31 NEW (H) 0.12, GW32 NFO (A) 0.11, GW33 LEE (A) 0.09, GW34 CHE (H) 0.19, GW35 MCI (A) 0.08, GW36 BRE (H) 0.13, GW37 BHA (A) 0.09, GW38 BOU (H) 0.12"
Victor Munoz,MID,Liverpool,6.5,1.81,5.62,15.0,"MCI (H) 1.81, BRE (A) 1.8, BHA (H) 1.87, ARS (H) 1.58, CRY (A) 2.16","GW6 MCI (H) 1.81, GW7 BRE (A) 1.8, GW8 BHA (H) 1.87, GW9 ARS (H) 1.58, GW10 CRY (A) 2.16, GW11 MUN (H) 1.81, GW12 EVE (A) 2.1, GW13 SUN (H) 2.3, GW14 CHE (A) 1.98, GW15 LEE (H) 2.03, GW16 TOT (H) 2.3, GW17 HUL (A) 2.08, GW18 AVL (A) 1.87, GW19 COV (H) 2.39, GW20 SUN (A) 2.36, GW21 CRY (H) 2.38, GW22 MUN (A) 1.77, GW23 EVE (H) 2.12, GW24 ARS (A) 1.36, GW25 COV (A) 2.31, GW26 HUL (H) 2.1, GW27 TOT (A) 2.33, GW28 AVL (H) 1.89, GW29 IPS (H) 2.25, GW30 FUL (A) 2.1, GW31 NEW (H) 1.95, GW32 NFO (A) 2.0, GW33 LEE (A) 2.01, GW34 CHE (H) 2.0, GW35 MCI (A) 1.7, GW36 BRE (H) 1.82, GW37 BHA (A) 1.71, GW38 BOU (H) 1.79"
James McConnell,MID,Liverpool,4.4,0.15,0.59,0.0,"MCI (H) 0.15, BRE (A) 0.18, BHA (H) 0.21, ARS (H) 0.22, CRY (A) 0.25","GW6 MCI (H) 0.15, GW7 BRE (A) 0.18, GW8 BHA (H) 0.21, GW9 ARS (H) 0.22, GW10 CRY (A) 0.25, GW11 MUN (H) 0.17, GW12 EVE (A) 0.2, GW13 SUN (H) 0.19, GW14 CHE (A) 0.24, GW15 LEE (H) 0.18, GW16 TOT (H) 0.22, GW17 HUL (A) 0.17, GW18 AVL (A) 0.25, GW19 COV (H) 0.31, GW20 SUN (A) 0.15, GW21 CRY (H) 0.29, GW22 MUN (A) 0.08, GW23 EVE (H) 0.19, GW24 ARS (A) 0.16, GW25 COV (A) 0.27, GW26 HUL (H) 0.2, GW27 TOT (A) 0.17, GW28 AVL (H) 0.27, GW29 IPS (H) 0.2, GW30 FUL (A) 0.15, GW31 NEW (H) 0.15, GW32 NFO (A) 0.14, GW33 LEE (A) 0.12, GW34 CHE (H) 0.25, GW35 MCI (A) 0.07, GW36 BRE (H) 0.19, GW37 BHA (A) 0.13, GW38 BOU (H) 0.18"
Alexander Isak,FWD,Liverpool,9.1,6.05,11.28,33.0,"MCI (H) 6.05, BRE (A) 4.24, BHA (H) 2.26, ARS (H) 1.87, CRY (A) 2.04","GW6 MCI (H) 6.05, GW7 BRE (A) 4.24, GW8 BHA (H) 2.26, GW9 ARS (H) 1.87, GW10 CRY (A) 2.04, GW11 MUN (H) 2.53, GW12 EVE (A) 1.21, GW13 SUN (H) 2.41, GW14 CHE (A) 2.4, GW15 LEE (H) 1.58, GW16 TOT (H) 0.37, GW17 HUL (A) 0.58, GW18 AVL (A) 0.57, GW19 COV (H) 1.37, GW20 SUN (A) 0.76, GW21 CRY (H) 1.43, GW22 MUN (A) 1.63, GW23 EVE (H) 1.04, GW24 ARS (A) 0.55, GW25 COV (A) 0.92, GW26 HUL (H) 0.74, GW27 TOT (A) -0.0, GW28 AVL (H) 0.57, GW29 IPS (H) 2.17, GW30 FUL (A) 0.88, GW31 NEW (H) 0.56, GW32 NFO (A) 0.14, GW33 LEE (A) 0.85, GW34 CHE (H) 2.4, GW35 MCI (A) 1.71, GW36 BRE (H) 0.03, GW37 BHA (A) 1.33, GW38 BOU (H) -0.32"
Hugo Ekitiké,FWD,Liverpool,7.4,0.17,0.71,0.0,"MCI (H) 0.17, BRE (A) 0.04, BHA (H) 0.3, ARS (H) 0.3, CRY (A) 0.55","GW6 MCI (H) 0.17, GW7 BRE (A) 0.04, GW8 BHA (H) 0.3, GW9 ARS (H) 0.3, GW10 CRY (A) 0.55, GW11 MUN (H) 0.43, GW12 EVE (A) 0.45, GW13 SUN (H) 0.93, GW14 CHE (A) 0.18, GW15 LEE (H) 0.79, GW16 TOT (H) 0.62, GW17 HUL (A) 0.52, GW18 AVL (A) 0.23, GW19 COV (H) 1.19, GW20 SUN (A) 0.45, GW21 CRY (H) 1.17, GW22 MUN (A) 0.18, GW23 EVE (H) 0.81, GW24 ARS (A) 0.01, GW25 COV (A) 0.75, GW26 HUL (H) 0.99, GW27 TOT (A) 0.45, GW28 AVL (H) 0.55, GW29 IPS (H) 1.01, GW30 FUL (A) 0.5, GW31 NEW (H) 0.58, GW32 NFO (A) 0.29, GW33 LEE (A) 0.52, GW34 CHE (H) 0.5, GW35 MCI (A) 0.08, GW36 BRE (H) 0.46, GW37 BHA (A) 0.06, GW38 BOU (H) 0.46"
Lewis Koumas,MID,Liverpool,5.0,0.94,3.16,3.0,"MCI (H) 0.94, BRE (A) 1.0, BHA (H) 1.09, ARS (H) 1.1, CRY (A) 1.13","GW6 MCI (H) 0.94, GW7 BRE (A) 1.0, GW8 BHA (H) 1.09, GW9 ARS (H) 1.1, GW10 CRY (A) 1.13, GW11 MUN (H) 1.09, GW12 EVE (A) 1.08, GW13 SUN (H) 1.1, GW14 CHE (A) 1.15, GW15 LEE (H) 1.11, GW16 TOT (H) 1.14, GW17 HUL (A) 1.11, GW18 AVL (A) 1.15, GW19 COV (H) 1.25, GW20 SUN (A) 1.08, GW21 CRY (H) 1.23, GW22 MUN (A) 1.04, GW23 EVE (H) 1.12, GW24 ARS (A) 1.07, GW25 COV (A) 1.21, GW26 HUL (H) 1.15, GW27 TOT (A) 1.09, GW28 AVL (H) 1.19, GW29 IPS (H) 1.15, GW30 FUL (A) 1.07, GW31 NEW (H) 1.11, GW32 NFO (A) 1.09, GW33 LEE (A) 1.06, GW34 CHE (H) 1.2, GW35 MCI (A) 1.03, GW36 BRE (H) 1.12, GW37 BHA (A) 1.05, GW38 BOU (H) 1.09"
Jayden Danns,FWD,Liverpool,4.5,0.06,0.31,0.0,"MCI (H) 0.06, BRE (A) 0.08, BHA (H) 0.11, ARS (H) 0.15, CRY (A) 0.16","GW6 MCI (H) 0.06, GW7 BRE (A) 0.08, GW8 BHA (H) 0.11, GW9 ARS (H) 0.15, GW10 CRY (A) 0.16, GW11 MUN (H) 0.08, GW12 EVE (A) 0.11, GW13 SUN (H) 0.11, GW14 CHE (A) 0.18, GW15 LEE (H) 0.09, GW16 TOT (H) 0.15, GW17 HUL (A) 0.09, GW18 AVL (A) 0.14, GW19 COV (H) 0.25, GW20 SUN (A) 0.08, GW21 CRY (H) 0.22, GW22 MUN (A) 0.01, GW23 EVE (H) 0.13, GW24 ARS (A) 0.12, GW25 COV (A) 0.21, GW26 HUL (H) 0.11, GW27 TOT (A) 0.11, GW28 AVL (H) 0.18, GW29 IPS (H) 0.11, GW30 FUL (A) 0.09, GW31 NEW (H) 0.07, GW32 NFO (A) 0.06, GW33 LEE (A) 0.03, GW34 CHE (H) 0.21, GW35 MCI (A) 0.01, GW36 BRE (H) 0.1, GW37 BHA (A) 0.06, GW38 BOU (H) 0.1"
Harvey Elliott,MID,Liverpool,5.4,0.15,0.57,0.0,"MCI (H) 0.15, BRE (A) 0.16, BHA (H) 0.2, ARS (H) 0.23, CRY (A) 0.24","GW6 MCI (H) 0.15, GW7 BRE (A) 0.16, GW8 BHA (H) 0.2, GW9 ARS (H) 0.23, GW10 CRY (A) 0.24, GW11 MUN (H) 0.21, GW12 EVE (A) 0.19, GW13 SUN (H) 0.21, GW14 CHE (A) 0.24, GW15 LEE (H) 0.2, GW16 TOT (H) 0.26, GW17 HUL (A) 0.22, GW18 AVL (A) 0.26, GW19 COV (H) 0.33, GW20 SUN (A) 0.17, GW21 CRY (H) 0.3, GW22 MUN (A) 0.13, GW23 EVE (H) 0.19, GW24 ARS (A) 0.17, GW25 COV (A) 0.28, GW26 HUL (H) 0.24, GW27 TOT (A) 0.19, GW28 AVL (H) 0.29, GW29 IPS (H) 0.24, GW30 FUL (A) 0.15, GW31 NEW (H) 0.18, GW32 NFO (A) 0.17, GW33 LEE (A) 0.14, GW34 CHE (H) 0.25, GW35 MCI (A) 0.12, GW36 BRE (H) 0.2, GW37 BHA (A) 0.15, GW38 BOU (H) 0.19"
Ronald Araujo,DEF,Liverpool,5.4,5.15,12.99,22.0,"MCI (H) 5.15, BRE (A) 4.3, BHA (H) 3.94, ARS (H) 3.64, CRY (A) 3.46","GW6 MCI (H) 5.15, GW7 BRE (A) 4.3, GW8 BHA (H) 3.94, GW9 ARS (H) 3.64, GW10 CRY (A) 3.46, GW11 MUN (H) 3.19, GW12 EVE (A) 2.8, GW13 SUN (H) 3.23, GW14 CHE (A) 2.61, GW15 LEE (H) 2.41, GW16 TOT (H) 2.62, GW17 HUL (A) 2.17, GW18 AVL (A) 2.55, GW19 COV (H) 2.25, GW20 SUN (A) 2.75, GW21 CRY (H) 2.17, GW22 MUN (A) 1.99, GW23 EVE (H) 2.1, GW24 ARS (A) 1.73, GW25 COV (A) 2.14, GW26 HUL (H) 2.07, GW27 TOT (A) 2.47, GW28 AVL (H) 2.47, GW29 IPS (H) 2.19, GW30 FUL (A) 2.03, GW31 NEW (H) 1.99, GW32 NFO (A) 2.36, GW33 LEE (A) 1.93, GW34 CHE (H) 2.25, GW35 MCI (A) 1.58, GW36 BRE (H) 1.81, GW37 BHA (A) 1.83, GW38 BOU (H) 1.58"
Bradley Barcola,MID,Liverpool,8.0,1.95,5.59,7.0,"MCI (H) 1.95, BRE (A) 1.64, BHA (H) 1.83, ARS (H) 1.47, CRY (A) 2.31","GW6 MCI (H) 1.95, GW7 BRE (A) 1.64, GW8 BHA (H) 1.83, GW9 ARS (H) 1.47, GW10 CRY (A) 2.31, GW11 MUN (H) 1.76, GW12 EVE (A) 2.12, GW13 SUN (H) 3.15, GW14 CHE (A) 1.44, GW15 LEE (H) 2.53, GW16 TOT (H) 2.15, GW17 HUL (A) 2.04, GW18 AVL (A) 1.63, GW19 COV (H) 2.81, GW20 SUN (A) 2.05, GW21 CRY (H) 2.97, GW22 MUN (A) 1.27, GW23 EVE (H) 2.67, GW24 ARS (A) 0.78, GW25 COV (A) 2.08, GW26 HUL (H) 2.67, GW27 TOT (A) 1.82, GW28 AVL (H) 2.0, GW29 IPS (H) 3.26, GW30 FUL (A) 2.25, GW31 NEW (H) 1.98, GW32 NFO (A) 1.7, GW33 LEE (A) 1.96, GW34 CHE (H) 1.77, GW35 MCI (A) 1.18, GW36 BRE (H) 1.64, GW37 BHA (A) 1.17, GW38 BOU (H) 1.57"
Enzo Fernández,MID,Man City,6.9,3.8,12.42,13.0,"LIV (A) 3.8, IPS (H) 4.01, AVL (A) 3.43, BHA (H) 3.45, NFO (A) 3.83","GW6 LIV (A) 3.8, GW7 IPS (H) 4.01, GW8 AVL (A) 3.43, GW9 BHA (H) 3.45, GW10 NFO (A) 3.83, GW11 FUL (H) 3.85, GW12 ARS (A) 2.19, GW13 LEE (H) 3.69, GW14 BRE (A) 3.16, GW15 CHE (H) 3.48, GW16 HUL (H) 3.66, GW17 NEW (A) 3.61, GW18 EVE (A) 3.63, GW19 TOT (H) 4.06, GW20 LEE (A) 3.64, GW21 NFO (H) 3.61, GW22 BHA (A) 2.94, GW23 ARS (H) 2.69, GW24 FUL (A) 3.66, GW25 TOT (A) 4.43, GW26 NEW (H) 3.62, GW27 HUL (A) 3.65, GW28 EVE (H) 3.64, GW29 COV (A) 3.77, GW30 MUN (H) 3.3, GW31 BOU (A) 2.81, GW32 CRY (H) 3.78, GW33 CHE (A) 3.49, GW34 BRE (H) 3.13, GW35 LIV (H) 3.43, GW36 IPS (A) 3.67, GW37 AVL (H) 3.03, GW38 SUN (A) 4.37"
Iliman Ndiaye,MID,Man City,5.8,3.21,11.02,22.0,"LIV (A) 3.21, IPS (H) 3.49, AVL (A) 3.24, BHA (H) 3.3, NFO (A) 3.27","GW6 LIV (A) 3.21, GW7 IPS (H) 3.49, GW8 AVL (A) 3.24, GW9 BHA (H) 3.3, GW10 NFO (A) 3.27, GW11 FUL (H) 3.52, GW12 ARS (A) 2.8, GW13 LEE (H) 3.35, GW14 BRE (A) 3.23, GW15 CHE (H) 3.58, GW16 HUL (H) 3.65, GW17 NEW (A) 3.36, GW18 EVE (A) 3.6, GW19 TOT (H) 3.44, GW20 LEE (A) 3.48, GW21 NFO (H) 3.36, GW22 BHA (A) 3.32, GW23 ARS (H) 2.98, GW24 FUL (A) 3.66, GW25 TOT (A) 3.71, GW26 NEW (H) 3.38, GW27 HUL (A) 3.72, GW28 EVE (H) 3.63, GW29 COV (A) 3.94, GW30 MUN (H) 3.11, GW31 BOU (A) 3.14, GW32 CRY (H) 3.96, GW33 CHE (A) 3.78, GW34 BRE (H) 3.29, GW35 LIV (H) 3.29, GW36 IPS (A) 3.75, GW37 AVL (H) 3.31, GW38 SUN (A) 3.76"
Gianluigi Donnarumma,GK,Man City,5.5,5.26,16.02,19.0,"LIV (A) 5.26, IPS (H) 4.98, AVL (A) 4.6, BHA (H) 4.38, NFO (A) 4.5","GW6 LIV (A) 5.26, GW7 IPS (H) 4.98, GW8 AVL (A) 4.6, GW9 BHA (H) 4.38, GW10 NFO (A) 4.5, GW11 FUL (H) 4.59, GW12 ARS (A) 2.64, GW13 LEE (H) 4.16, GW14 BRE (A) 3.65, GW15 CHE (H) 3.79, GW16 HUL (H) 4.05, GW17 NEW (A) 3.68, GW18 EVE (A) 3.81, GW19 TOT (H) 4.2, GW20 LEE (A) 3.73, GW21 NFO (H) 3.8, GW22 BHA (A) 3.17, GW23 ARS (H) 2.54, GW24 FUL (A) 3.81, GW25 TOT (A) 4.34, GW26 NEW (H) 3.72, GW27 HUL (A) 3.9, GW28 EVE (H) 3.87, GW29 COV (A) 4.05, GW30 MUN (H) 3.33, GW31 BOU (A) 3.22, GW32 CRY (H) 4.12, GW33 CHE (A) 3.64, GW34 BRE (H) 3.48, GW35 LIV (H) 3.51, GW36 IPS (A) 3.92, GW37 AVL (H) 3.75, GW38 SUN (A) 4.49"
Marcus Bettinelli,GK,Man City,4.5,-0.09,-0.07,0.0,"LIV (A) -0.09, IPS (H) -0.02, AVL (A) -0.0, BHA (H) 0.02, NFO (A) 0.02","GW6 LIV (A) -0.09, GW7 IPS (H) -0.02, GW8 AVL (A) -0.0, GW9 BHA (H) 0.02, GW10 NFO (A) 0.02, GW11 FUL (H) 0.07, GW12 ARS (A) 0.05, GW13 LEE (H) 0.06, GW14 BRE (A) 0.05, GW15 CHE (H) 0.15, GW16 HUL (H) 0.12, GW17 NEW (A) 0.04, GW18 EVE (A) 0.06, GW19 TOT (H) 0.11, GW20 LEE (A) 0.05, GW21 NFO (H) 0.09, GW22 BHA (A) 0.07, GW23 ARS (H) 0.14, GW24 FUL (A) 0.06, GW25 TOT (A) 0.08, GW26 NEW (H) 0.09, GW27 HUL (A) 0.1, GW28 EVE (H) 0.1, GW29 COV (A) 0.18, GW30 MUN (H) 0.09, GW31 BOU (A) 0.07, GW32 CRY (H) 0.2, GW33 CHE (A) 0.14, GW34 BRE (H) 0.12, GW35 LIV (H) 0.09, GW36 IPS (A) 0.1, GW37 AVL (H) 0.17, GW38 SUN (A) 0.07"
Nico O'Reilly,DEF,Man City,6.3,0.86,4.36,6.0,"LIV (A) 0.86, IPS (H) 1.57, AVL (A) 1.34, BHA (H) 1.44, NFO (A) 1.38","GW6 LIV (A) 0.86, GW7 IPS (H) 1.57, GW8 AVL (A) 1.34, GW9 BHA (H) 1.44, GW10 NFO (A) 1.38, GW11 FUL (H) 1.99, GW12 ARS (A) 1.24, GW13 LEE (H) 1.96, GW14 BRE (A) 1.48, GW15 CHE (H) 1.95, GW16 HUL (H) 2.21, GW17 NEW (A) 1.62, GW18 EVE (A) 1.85, GW19 TOT (H) 2.25, GW20 LEE (A) 1.79, GW21 NFO (H) 1.97, GW22 BHA (A) 1.59, GW23 ARS (H) 1.6, GW24 FUL (A) 1.89, GW25 TOT (A) 1.89, GW26 NEW (H) 1.98, GW27 HUL (A) 1.97, GW28 EVE (H) 2.22, GW29 COV (A) 2.13, GW30 MUN (H) 1.87, GW31 BOU (A) 1.66, GW32 CRY (H) 2.44, GW33 CHE (A) 1.93, GW34 BRE (H) 1.75, GW35 LIV (H) 2.02, GW36 IPS (A) 2.31, GW37 AVL (H) 1.91, GW38 SUN (A) 1.94"
Marc Guéhi,DEF,Man City,6.0,5.79,17.5,30.0,"LIV (A) 5.79, IPS (H) 5.98, AVL (A) 4.71, BHA (H) 4.58, NFO (A) 4.32","GW6 LIV (A) 5.79, GW7 IPS (H) 5.98, GW8 AVL (A) 4.71, GW9 BHA (H) 4.58, GW10 NFO (A) 4.32, GW11 FUL (H) 5.14, GW12 ARS (A) 2.58, GW13 LEE (H) 4.45, GW14 BRE (A) 3.57, GW15 CHE (H) 3.72, GW16 HUL (H) 4.51, GW17 NEW (A) 3.49, GW18 EVE (A) 4.0, GW19 TOT (H) 4.36, GW20 LEE (A) 3.76, GW21 NFO (H) 3.73, GW22 BHA (A) 2.98, GW23 ARS (H) 2.43, GW24 FUL (A) 3.98, GW25 TOT (A) 4.14, GW26 NEW (H) 3.75, GW27 HUL (A) 4.05, GW28 EVE (H) 4.3, GW29 COV (A) 4.16, GW30 MUN (H) 3.04, GW31 BOU (A) 3.27, GW32 CRY (H) 4.54, GW33 CHE (A) 3.53, GW34 BRE (H) 3.55, GW35 LIV (H) 3.48, GW36 IPS (A) 4.38, GW37 AVL (H) 3.58, GW38 SUN (A) 4.28"
Matheus Nunes,DEF,Man City,5.9,3.31,10.56,11.0,"LIV (A) 3.31, IPS (H) 3.38, AVL (A) 3.05, BHA (H) 2.92, NFO (A) 2.99","GW6 LIV (A) 3.31, GW7 IPS (H) 3.38, GW8 AVL (A) 3.05, GW9 BHA (H) 2.92, GW10 NFO (A) 2.99, GW11 FUL (H) 3.1, GW12 ARS (A) 2.3, GW13 LEE (H) 2.9, GW14 BRE (A) 2.59, GW15 CHE (H) 2.77, GW16 HUL (H) 2.94, GW17 NEW (A) 2.73, GW18 EVE (A) 2.76, GW19 TOT (H) 3.16, GW20 LEE (A) 2.81, GW21 NFO (H) 2.76, GW22 BHA (A) 2.41, GW23 ARS (H) 2.22, GW24 FUL (A) 2.86, GW25 TOT (A) 3.18, GW26 NEW (H) 2.75, GW27 HUL (A) 2.87, GW28 EVE (H) 2.78, GW29 COV (A) 2.93, GW30 MUN (H) 2.49, GW31 BOU (A) 2.49, GW32 CRY (H) 2.96, GW33 CHE (A) 2.73, GW34 BRE (H) 2.57, GW35 LIV (H) 2.69, GW36 IPS (A) 2.89, GW37 AVL (H) 2.68, GW38 SUN (A) 3.14"
Rúben dos Santos Gato Alves Dias,DEF,Man City,5.5,3.97,13.27,17.0,"LIV (A) 3.97, IPS (H) 4.24, AVL (A) 3.95, BHA (H) 3.82, NFO (A) 3.76","GW6 LIV (A) 3.97, GW7 IPS (H) 4.24, GW8 AVL (A) 3.95, GW9 BHA (H) 3.82, GW10 NFO (A) 3.76, GW11 FUL (H) 4.04, GW12 ARS (A) 2.63, GW13 LEE (H) 3.68, GW14 BRE (A) 3.29, GW15 CHE (H) 3.6, GW16 HUL (H) 3.77, GW17 NEW (A) 3.37, GW18 EVE (A) 3.56, GW19 TOT (H) 4.02, GW20 LEE (A) 3.43, GW21 NFO (H) 3.53, GW22 BHA (A) 2.98, GW23 ARS (H) 2.72, GW24 FUL (A) 3.58, GW25 TOT (A) 4.15, GW26 NEW (H) 3.51, GW27 HUL (A) 3.57, GW28 EVE (H) 3.71, GW29 COV (A) 3.77, GW30 MUN (H) 3.13, GW31 BOU (A) 3.06, GW32 CRY (H) 3.92, GW33 CHE (A) 3.41, GW34 BRE (H) 3.38, GW35 LIV (H) 3.32, GW36 IPS (A) 3.59, GW37 AVL (H) 3.55, GW38 SUN (A) 4.17"
Joško Gvardiol,DEF,Man City,5.7,6.91,20.73,37.0,"LIV (A) 6.91, IPS (H) 7.14, AVL (A) 5.56, BHA (H) 5.59, NFO (A) 4.7","GW6 LIV (A) 6.91, GW7 IPS (H) 7.14, GW8 AVL (A) 5.56, GW9 BHA (H) 5.59, GW10 NFO (A) 4.7, GW11 FUL (H) 5.13, GW12 ARS (A) 4.45, GW13 LEE (H) 4.71, GW14 BRE (A) 4.6, GW15 CHE (H) 5.95, GW16 HUL (H) 4.66, GW17 NEW (A) 3.62, GW18 EVE (A) 4.58, GW19 TOT (H) 3.76, GW20 LEE (A) 4.14, GW21 NFO (H) 4.14, GW22 BHA (A) 4.87, GW23 ARS (H) 4.36, GW24 FUL (A) 4.64, GW25 TOT (A) 3.89, GW26 NEW (H) 3.69, GW27 HUL (A) 4.29, GW28 EVE (H) 4.7, GW29 COV (A) 5.66, GW30 MUN (H) 3.12, GW31 BOU (A) 4.32, GW32 CRY (H) 5.7, GW33 CHE (A) 5.92, GW34 BRE (H) 4.4, GW35 LIV (H) 3.83, GW36 IPS (A) 4.3, GW37 AVL (H) 4.5, GW38 SUN (A) 4.19"
Rayan Aït-Nouri,DEF,Man City,5.2,-0.07,0.31,0.0,"LIV (A) -0.07, IPS (H) 0.05, AVL (A) 0.17, BHA (H) 0.2, NFO (A) 0.25","GW6 LIV (A) -0.07, GW7 IPS (H) 0.05, GW8 AVL (A) 0.17, GW9 BHA (H) 0.2, GW10 NFO (A) 0.25, GW11 FUL (H) 0.37, GW12 ARS (A) 0.45, GW13 LEE (H) 0.35, GW14 BRE (A) 0.38, GW15 CHE (H) 0.44, GW16 HUL (H) 0.46, GW17 NEW (A) 0.38, GW18 EVE (A) 0.41, GW19 TOT (H) 0.51, GW20 LEE (A) 0.42, GW21 NFO (H) 0.4, GW22 BHA (A) 0.42, GW23 ARS (H) 0.6, GW24 FUL (A) 0.43, GW25 TOT (A) 0.52, GW26 NEW (H) 0.41, GW27 HUL (A) 0.5, GW28 EVE (H) 0.44, GW29 COV (A) 0.61, GW30 MUN (H) 0.4, GW31 BOU (A) 0.44, GW32 CRY (H) 0.59, GW33 CHE (A) 0.5, GW34 BRE (H) 0.46, GW35 LIV (H) 0.42, GW36 IPS (A) 0.53, GW37 AVL (H) 0.54, GW38 SUN (A) 0.51"
Abdukodir Khusanov,DEF,Man City,5.4,1.91,6.86,9.0,"LIV (A) 1.91, IPS (H) 2.1, AVL (A) 2.15, BHA (H) 2.09, NFO (A) 2.12","GW6 LIV (A) 1.91, GW7 IPS (H) 2.1, GW8 AVL (A) 2.15, GW9 BHA (H) 2.09, GW10 NFO (A) 2.12, GW11 FUL (H) 2.27, GW12 ARS (A) 1.93, GW13 LEE (H) 2.15, GW14 BRE (A) 2.1, GW15 CHE (H) 2.22, GW16 HUL (H) 2.25, GW17 NEW (A) 2.1, GW18 EVE (A) 2.2, GW19 TOT (H) 2.23, GW20 LEE (A) 2.16, GW21 NFO (H) 2.08, GW22 BHA (A) 2.07, GW23 ARS (H) 1.89, GW24 FUL (A) 2.2, GW25 TOT (A) 2.2, GW26 NEW (H) 2.08, GW27 HUL (A) 2.27, GW28 EVE (H) 2.17, GW29 COV (A) 2.42, GW30 MUN (H) 2.01, GW31 BOU (A) 1.97, GW32 CRY (H) 2.38, GW33 CHE (A) 2.24, GW34 BRE (H) 2.07, GW35 LIV (H) 2.08, GW36 IPS (A) 2.29, GW37 AVL (H) 2.18, GW38 SUN (A) 2.14"
Max Alleyne,DEF,Man City,5.0,0.03,0.3,0.0,"LIV (A) 0.03, IPS (H) 0.09, AVL (A) 0.11, BHA (H) 0.12, NFO (A) 0.13","GW6 LIV (A) 0.03, GW7 IPS (H) 0.09, GW8 AVL (A) 0.11, GW9 BHA (H) 0.12, GW10 NFO (A) 0.13, GW11 FUL (H) 0.17, GW12 ARS (A) 0.15, GW13 LEE (H) 0.16, GW14 BRE (A) 0.14, GW15 CHE (H) 0.23, GW16 HUL (H) 0.2, GW17 NEW (A) 0.14, GW18 EVE (A) 0.15, GW19 TOT (H) 0.19, GW20 LEE (A) 0.14, GW21 NFO (H) 0.17, GW22 BHA (A) 0.15, GW23 ARS (H) 0.21, GW24 FUL (A) 0.15, GW25 TOT (A) 0.17, GW26 NEW (H) 0.18, GW27 HUL (A) 0.18, GW28 EVE (H) 0.19, GW29 COV (A) 0.25, GW30 MUN (H) 0.17, GW31 BOU (A) 0.15, GW32 CRY (H) 0.26, GW33 CHE (A) 0.22, GW34 BRE (H) 0.19, GW35 LIV (H) 0.17, GW36 IPS (A) 0.18, GW37 AVL (H) 0.23, GW38 SUN (A) 0.16"
Rico Lewis,DEF,Man City,4.4,0.17,1.24,1.0,"LIV (A) 0.17, IPS (H) 0.34, AVL (A) 0.45, BHA (H) 0.52, NFO (A) 0.54","GW6 LIV (A) 0.17, GW7 IPS (H) 0.34, GW8 AVL (A) 0.45, GW9 BHA (H) 0.52, GW10 NFO (A) 0.54, GW11 FUL (H) 0.71, GW12 ARS (A) 0.66, GW13 LEE (H) 0.72, GW14 BRE (A) 0.72, GW15 CHE (H) 0.88, GW16 HUL (H) 0.85, GW17 NEW (A) 0.73, GW18 EVE (A) 0.78, GW19 TOT (H) 0.94, GW20 LEE (A) 0.78, GW21 NFO (H) 0.82, GW22 BHA (A) 0.8, GW23 ARS (H) 0.89, GW24 FUL (A) 0.81, GW25 TOT (A) 0.88, GW26 NEW (H) 0.83, GW27 HUL (A) 0.87, GW28 EVE (H) 0.87, GW29 COV (A) 1.01, GW30 MUN (H) 0.82, GW31 BOU (A) 0.83, GW32 CRY (H) 1.04, GW33 CHE (A) 0.92, GW34 BRE (H) 0.89, GW35 LIV (H) 0.85, GW36 IPS (A) 0.89, GW37 AVL (H) 0.98, GW38 SUN (A) 0.88"
Vitor de Oliveira Nunes dos Reis,DEF,Man City,4.5,0.05,0.63,1.0,"LIV (A) 0.05, IPS (H) 0.16, AVL (A) 0.25, BHA (H) 0.29, NFO (A) 0.31","GW6 LIV (A) 0.05, GW7 IPS (H) 0.16, GW8 AVL (A) 0.25, GW9 BHA (H) 0.29, GW10 NFO (A) 0.31, GW11 FUL (H) 0.39, GW12 ARS (A) 0.37, GW13 LEE (H) 0.42, GW14 BRE (A) 0.41, GW15 CHE (H) 0.56, GW16 HUL (H) 0.5, GW17 NEW (A) 0.44, GW18 EVE (A) 0.45, GW19 TOT (H) 0.51, GW20 LEE (A) 0.46, GW21 NFO (H) 0.51, GW22 BHA (A) 0.47, GW23 ARS (H) 0.54, GW24 FUL (A) 0.48, GW25 TOT (A) 0.5, GW26 NEW (H) 0.52, GW27 HUL (A) 0.51, GW28 EVE (H) 0.53, GW29 COV (A) 0.61, GW30 MUN (H) 0.52, GW31 BOU (A) 0.46, GW32 CRY (H) 0.64, GW33 CHE (A) 0.59, GW34 BRE (H) 0.54, GW35 LIV (H) 0.52, GW36 IPS (A) 0.51, GW37 AVL (H) 0.61, GW38 SUN (A) 0.49"
Antoine Semenyo,MID,Man City,8.4,7.5,23.08,33.0,"LIV (A) 7.5, IPS (H) 8.39, AVL (A) 5.85, BHA (H) 6.02, NFO (A) 5.37","GW6 LIV (A) 7.5, GW7 IPS (H) 8.39, GW8 AVL (A) 5.85, GW9 BHA (H) 6.02, GW10 NFO (A) 5.37, GW11 FUL (H) 5.89, GW12 ARS (A) 4.78, GW13 LEE (H) 6.53, GW14 BRE (A) 5.92, GW15 CHE (H) 6.52, GW16 HUL (H) 6.48, GW17 NEW (A) 5.81, GW18 EVE (A) 6.39, GW19 TOT (H) 7.33, GW20 LEE (A) 6.59, GW21 NFO (H) 7.17, GW22 BHA (A) 5.86, GW23 ARS (H) 5.1, GW24 FUL (A) 6.56, GW25 TOT (A) 6.82, GW26 NEW (H) 6.32, GW27 HUL (A) 6.01, GW28 EVE (H) 6.91, GW29 COV (A) 7.39, GW30 MUN (H) 5.35, GW31 BOU (A) 5.87, GW32 CRY (H) 7.57, GW33 CHE (A) 6.65, GW34 BRE (H) 6.09, GW35 LIV (H) 6.35, GW36 IPS (A) 7.25, GW37 AVL (H) 6.37, GW38 SUN (A) 7.4"
Phil Foden,MID,Man City,6.9,0.48,2.71,9.0,"LIV (A) 0.48, IPS (H) 0.78, AVL (A) 0.91, BHA (H) 1.0, NFO (A) 1.17","GW6 LIV (A) 0.48, GW7 IPS (H) 0.78, GW8 AVL (A) 0.91, GW9 BHA (H) 1.0, GW10 NFO (A) 1.17, GW11 FUL (H) 1.43, GW12 ARS (A) 1.51, GW13 LEE (H) 1.41, GW14 BRE (A) 1.3, GW15 CHE (H) 1.54, GW16 HUL (H) 1.61, GW17 NEW (A) 1.44, GW18 EVE (A) 1.62, GW19 TOT (H) 1.66, GW20 LEE (A) 1.57, GW21 NFO (H) 1.48, GW22 BHA (A) 1.38, GW23 ARS (H) 1.2, GW24 FUL (A) 1.67, GW25 TOT (A) 1.68, GW26 NEW (H) 1.5, GW27 HUL (A) 1.72, GW28 EVE (H) 1.67, GW29 COV (A) 2.04, GW30 MUN (H) 1.44, GW31 BOU (A) 1.3, GW32 CRY (H) 2.0, GW33 CHE (A) 1.68, GW34 BRE (H) 1.43, GW35 LIV (H) 1.53, GW36 IPS (A) 1.75, GW37 AVL (H) 1.52, GW38 SUN (A) 1.67"
Rayan Cherki,MID,Man City,7.8,4.35,15.01,34.0,"LIV (A) 4.35, IPS (H) 5.02, AVL (A) 4.53, BHA (H) 3.95, NFO (A) 4.37","GW6 LIV (A) 4.35, GW7 IPS (H) 5.02, GW8 AVL (A) 4.53, GW9 BHA (H) 3.95, GW10 NFO (A) 4.37, GW11 FUL (H) 5.17, GW12 ARS (A) 4.3, GW13 LEE (H) 4.65, GW14 BRE (A) 3.97, GW15 CHE (H) 4.37, GW16 HUL (H) 5.14, GW17 NEW (A) 4.35, GW18 EVE (A) 4.97, GW19 TOT (H) 4.73, GW20 LEE (A) 4.58, GW21 NFO (H) 4.41, GW22 BHA (A) 4.15, GW23 ARS (H) 3.24, GW24 FUL (A) 5.18, GW25 TOT (A) 5.4, GW26 NEW (H) 4.41, GW27 HUL (A) 5.04, GW28 EVE (H) 5.05, GW29 COV (A) 4.99, GW30 MUN (H) 4.17, GW31 BOU (A) 3.92, GW32 CRY (H) 5.23, GW33 CHE (A) 4.7, GW34 BRE (H) 3.88, GW35 LIV (H) 4.59, GW36 IPS (A) 5.48, GW37 AVL (H) 4.12, GW38 SUN (A) 5.85"
Jérémy Doku,MID,Man City,7.4,0.95,4.79,1.0,"LIV (A) 0.95, IPS (H) 1.61, AVL (A) 1.44, BHA (H) 1.72, NFO (A) 1.66","GW6 LIV (A) 0.95, GW7 IPS (H) 1.61, GW8 AVL (A) 1.44, GW9 BHA (H) 1.72, GW10 NFO (A) 1.66, GW11 FUL (H) 2.41, GW12 ARS (A) 2.01, GW13 LEE (H) 2.4, GW14 BRE (A) 1.92, GW15 CHE (H) 2.23, GW16 HUL (H) 2.71, GW17 NEW (A) 1.99, GW18 EVE (A) 2.36, GW19 TOT (H) 2.27, GW20 LEE (A) 2.4, GW21 NFO (H) 2.27, GW22 BHA (A) 1.98, GW23 ARS (H) 2.52, GW24 FUL (A) 2.43, GW25 TOT (A) 2.19, GW26 NEW (H) 2.3, GW27 HUL (A) 2.49, GW28 EVE (H) 2.67, GW29 COV (A) 2.75, GW30 MUN (H) 2.22, GW31 BOU (A) 2.07, GW32 CRY (H) 3.09, GW33 CHE (A) 2.17, GW34 BRE (H) 2.32, GW35 LIV (H) 2.46, GW36 IPS (A) 2.52, GW37 AVL (H) 2.4, GW38 SUN (A) 2.18"
Rodrigo 'Rodri' Hernandez Cascante,MID,Man City,6.5,0.14,0.78,0.0,"LIV (A) 0.14, IPS (H) 0.21, AVL (A) 0.29, BHA (H) 0.29, NFO (A) 0.32","GW6 LIV (A) 0.14, GW7 IPS (H) 0.21, GW8 AVL (A) 0.29, GW9 BHA (H) 0.29, GW10 NFO (A) 0.32, GW11 FUL (H) 0.37, GW12 ARS (A) 0.34, GW13 LEE (H) 0.4, GW14 BRE (A) 0.35, GW15 CHE (H) 0.43, GW16 HUL (H) 0.42, GW17 NEW (A) 0.37, GW18 EVE (A) 0.38, GW19 TOT (H) 0.49, GW20 LEE (A) 0.41, GW21 NFO (H) 0.41, GW22 BHA (A) 0.36, GW23 ARS (H) 0.43, GW24 FUL (A) 0.39, GW25 TOT (A) 0.48, GW26 NEW (H) 0.41, GW27 HUL (A) 0.41, GW28 EVE (H) 0.43, GW29 COV (A) 0.62, GW30 MUN (H) 0.4, GW31 BOU (A) 0.37, GW32 CRY (H) 0.62, GW33 CHE (A) 0.43, GW34 BRE (H) 0.41, GW35 LIV (H) 0.43, GW36 IPS (A) 0.41, GW37 AVL (H) 0.5, GW38 SUN (A) 0.47"
Tijjani Reijnders,MID,Man City,6.0,0.08,0.75,0.0,"LIV (A) 0.08, IPS (H) 0.26, AVL (A) 0.27, BHA (H) 0.28, NFO (A) 0.3","GW6 LIV (A) 0.08, GW7 IPS (H) 0.26, GW8 AVL (A) 0.27, GW9 BHA (H) 0.28, GW10 NFO (A) 0.3, GW11 FUL (H) 0.47, GW12 ARS (A) 0.33, GW13 LEE (H) 0.39, GW14 BRE (A) 0.36, GW15 CHE (H) 0.48, GW16 HUL (H) 0.53, GW17 NEW (A) 0.36, GW18 EVE (A) 0.4, GW19 TOT (H) 0.55, GW20 LEE (A) 0.39, GW21 NFO (H) 0.4, GW22 BHA (A) 0.37, GW23 ARS (H) 0.44, GW24 FUL (A) 0.41, GW25 TOT (A) 0.46, GW26 NEW (H) 0.41, GW27 HUL (A) 0.52, GW28 EVE (H) 0.45, GW29 COV (A) 0.61, GW30 MUN (H) 0.39, GW31 BOU (A) 0.38, GW32 CRY (H) 0.63, GW33 CHE (A) 0.48, GW34 BRE (H) 0.43, GW35 LIV (H) 0.42, GW36 IPS (A) 0.55, GW37 AVL (H) 0.52, GW38 SUN (A) 0.46"
Mateo Kovačić,MID,Man City,5.3,0.47,2.25,2.0,"LIV (A) 0.47, IPS (H) 0.65, AVL (A) 0.75, BHA (H) 0.79, NFO (A) 0.89","GW6 LIV (A) 0.47, GW7 IPS (H) 0.65, GW8 AVL (A) 0.75, GW9 BHA (H) 0.79, GW10 NFO (A) 0.89, GW11 FUL (H) 1.02, GW12 ARS (A) 0.9, GW13 LEE (H) 1.04, GW14 BRE (A) 0.95, GW15 CHE (H) 1.09, GW16 HUL (H) 1.16, GW17 NEW (A) 1.06, GW18 EVE (A) 1.0, GW19 TOT (H) 1.18, GW20 LEE (A) 1.09, GW21 NFO (H) 1.14, GW22 BHA (A) 1.0, GW23 ARS (H) 1.08, GW24 FUL (A) 1.11, GW25 TOT (A) 1.14, GW26 NEW (H) 1.15, GW27 HUL (A) 1.17, GW28 EVE (H) 1.07, GW29 COV (A) 1.19, GW30 MUN (H) 1.14, GW31 BOU (A) 1.0, GW32 CRY (H) 1.21, GW33 CHE (A) 1.12, GW34 BRE (H) 1.08, GW35 LIV (H) 1.14, GW36 IPS (A) 1.17, GW37 AVL (H) 1.19, GW38 SUN (A) 1.05"
Claudio Echeverri,MID,Man City,4.9,-0.01,0.19,0.0,"LIV (A) -0.01, IPS (H) 0.02, AVL (A) 0.17, BHA (H) 0.04, NFO (A) 0.11","GW6 LIV (A) -0.01, GW7 IPS (H) 0.02, GW8 AVL (A) 0.17, GW9 BHA (H) 0.04, GW10 NFO (A) 0.11, GW11 FUL (H) 0.09, GW12 ARS (A) 0.19, GW13 LEE (H) 0.07, GW14 BRE (A) 0.11, GW15 CHE (H) 0.13, GW16 HUL (H) 0.11, GW17 NEW (A) 0.11, GW18 EVE (A) 0.12, GW19 TOT (H) 0.1, GW20 LEE (A) 0.11, GW21 NFO (H) 0.07, GW22 BHA (A) 0.11, GW23 ARS (H) 0.19, GW24 FUL (A) 0.12, GW25 TOT (A) 0.14, GW26 NEW (H) 0.07, GW27 HUL (A) 0.16, GW28 EVE (H) 0.08, GW29 COV (A) 0.22, GW30 MUN (H) 0.06, GW31 BOU (A) 0.12, GW32 CRY (H) 0.16, GW33 CHE (A) 0.18, GW34 BRE (H) 0.08, GW35 LIV (H) 0.06, GW36 IPS (A) 0.16, GW37 AVL (H) 0.26, GW38 SUN (A) 0.12"
Kalvin Phillips,MID,Man City,5.0,0.17,0.71,0.0,"LIV (A) 0.17, IPS (H) 0.23, AVL (A) 0.23, BHA (H) 0.23, NFO (A) 0.22","GW6 LIV (A) 0.17, GW7 IPS (H) 0.23, GW8 AVL (A) 0.23, GW9 BHA (H) 0.23, GW10 NFO (A) 0.22, GW11 FUL (H) 0.26, GW12 ARS (A) 0.22, GW13 LEE (H) 0.21, GW14 BRE (A) 0.19, GW15 CHE (H) 0.27, GW16 HUL (H) 0.23, GW17 NEW (A) 0.16, GW18 EVE (A) 0.17, GW19 TOT (H) 0.21, GW20 LEE (A) 0.15, GW21 NFO (H) 0.18, GW22 BHA (A) 0.16, GW23 ARS (H) 0.22, GW24 FUL (A) 0.15, GW25 TOT (A) 0.17, GW26 NEW (H) 0.18, GW27 HUL (A) 0.19, GW28 EVE (H) 0.18, GW29 COV (A) 0.25, GW30 MUN (H) 0.17, GW31 BOU (A) 0.15, GW32 CRY (H) 0.26, GW33 CHE (A) 0.22, GW34 BRE (H) 0.19, GW35 LIV (H) 0.17, GW36 IPS (A) 0.18, GW37 AVL (H) 0.23, GW38 SUN (A) 0.14"
Divine Mukasa,MID,Man City,4.5,0.06,0.41,0.0,"LIV (A) 0.06, IPS (H) 0.12, AVL (A) 0.15, BHA (H) 0.15, NFO (A) 0.17","GW6 LIV (A) 0.06, GW7 IPS (H) 0.12, GW8 AVL (A) 0.15, GW9 BHA (H) 0.15, GW10 NFO (A) 0.17, GW11 FUL (H) 0.24, GW12 ARS (A) 0.19, GW13 LEE (H) 0.2, GW14 BRE (A) 0.19, GW15 CHE (H) 0.26, GW16 HUL (H) 0.25, GW17 NEW (A) 0.16, GW18 EVE (A) 0.19, GW19 TOT (H) 0.29, GW20 LEE (A) 0.18, GW21 NFO (H) 0.17, GW22 BHA (A) 0.17, GW23 ARS (H) 0.22, GW24 FUL (A) 0.19, GW25 TOT (A) 0.26, GW26 NEW (H) 0.17, GW27 HUL (A) 0.24, GW28 EVE (H) 0.2, GW29 COV (A) 0.32, GW30 MUN (H) 0.16, GW31 BOU (A) 0.18, GW32 CRY (H) 0.31, GW33 CHE (A) 0.25, GW34 BRE (H) 0.2, GW35 LIV (H) 0.18, GW36 IPS (A) 0.24, GW37 AVL (H) 0.29, GW38 SUN (A) 0.23"
Jeremy Monga,MID,Man City,4.9,0.03,0.37,0.0,"LIV (A) 0.03, IPS (H) 0.1, AVL (A) 0.16, BHA (H) 0.15, NFO (A) 0.17","GW6 LIV (A) 0.03, GW7 IPS (H) 0.1, GW8 AVL (A) 0.16, GW9 BHA (H) 0.15, GW10 NFO (A) 0.17, GW11 FUL (H) 0.22, GW12 ARS (A) 0.18, GW13 LEE (H) 0.2, GW14 BRE (A) 0.18, GW15 CHE (H) 0.26, GW16 HUL (H) 0.25, GW17 NEW (A) 0.18, GW18 EVE (A) 0.19, GW19 TOT (H) 0.24, GW20 LEE (A) 0.19, GW21 NFO (H) 0.22, GW22 BHA (A) 0.18, GW23 ARS (H) 0.25, GW24 FUL (A) 0.2, GW25 TOT (A) 0.22, GW26 NEW (H) 0.22, GW27 HUL (A) 0.23, GW28 EVE (H) 0.23, GW29 COV (A) 0.3, GW30 MUN (H) 0.2, GW31 BOU (A) 0.19, GW32 CRY (H) 0.31, GW33 CHE (A) 0.25, GW34 BRE (H) 0.23, GW35 LIV (H) 0.21, GW36 IPS (A) 0.23, GW37 AVL (H) 0.32, GW38 SUN (A) 0.19"
Erling Haaland,FWD,Man City,15.6,9.71,28.72,39.0,"LIV (A) 9.71, IPS (H) 10.33, AVL (A) 7.04, BHA (H) 6.68, NFO (A) 7.59","GW6 LIV (A) 9.71, GW7 IPS (H) 10.33, GW8 AVL (A) 7.04, GW9 BHA (H) 6.68, GW10 NFO (A) 7.59, GW11 FUL (H) 7.25, GW12 ARS (A) 4.77, GW13 LEE (H) 7.15, GW14 BRE (A) 9.72, GW15 CHE (H) 6.53, GW16 HUL (H) 7.29, GW17 NEW (A) 7.68, GW18 EVE (A) 10.19, GW19 TOT (H) 5.52, GW20 LEE (A) 10.03, GW21 NFO (H) 5.33, GW22 BHA (A) 8.89, GW23 ARS (H) 1.72, GW24 FUL (A) 10.6, GW25 TOT (A) 6.71, GW26 NEW (H) 4.96, GW27 HUL (A) 9.58, GW28 EVE (H) 7.55, GW29 COV (A) 10.63, GW30 MUN (H) 4.45, GW31 BOU (A) 8.52, GW32 CRY (H) 8.05, GW33 CHE (A) 9.28, GW34 BRE (H) 6.77, GW35 LIV (H) 6.37, GW36 IPS (A) 12.95, GW37 AVL (H) 3.66, GW38 SUN (A) 7.68"
Elliot Anderson,MID,Man City,6.3,3.45,11.77,15.0,"LIV (A) 3.45, IPS (H) 3.66, AVL (A) 3.62, BHA (H) 3.42, NFO (A) 3.49","GW6 LIV (A) 3.45, GW7 IPS (H) 3.66, GW8 AVL (A) 3.62, GW9 BHA (H) 3.42, GW10 NFO (A) 3.49, GW11 FUL (H) 3.55, GW12 ARS (A) 2.8, GW13 LEE (H) 3.36, GW14 BRE (A) 3.36, GW15 CHE (H) 3.42, GW16 HUL (H) 3.48, GW17 NEW (A) 3.32, GW18 EVE (A) 3.58, GW19 TOT (H) 3.83, GW20 LEE (A) 3.28, GW21 NFO (H) 3.36, GW22 BHA (A) 3.15, GW23 ARS (H) 2.71, GW24 FUL (A) 3.62, GW25 TOT (A) 4.23, GW26 NEW (H) 3.37, GW27 HUL (A) 3.57, GW28 EVE (H) 3.5, GW29 COV (A) 3.91, GW30 MUN (H) 2.89, GW31 BOU (A) 3.14, GW32 CRY (H) 3.8, GW33 CHE (A) 3.7, GW34 BRE (H) 3.27, GW35 LIV (H) 2.94, GW36 IPS (A) 3.6, GW37 AVL (H) 3.36, GW38 SUN (A) 4.17"
Gerónimo Rulli,GK,Man City,5.0,-0.01,0.44,0.0,"LIV (A) -0.01, IPS (H) 0.18, AVL (A) 0.13, BHA (H) 0.19, NFO (A) 0.22","GW6 LIV (A) -0.01, GW7 IPS (H) 0.18, GW8 AVL (A) 0.13, GW9 BHA (H) 0.19, GW10 NFO (A) 0.22, GW11 FUL (H) 0.3, GW12 ARS (A) 0.28, GW13 LEE (H) 0.28, GW14 BRE (A) 0.31, GW15 CHE (H) 0.44, GW16 HUL (H) 0.4, GW17 NEW (A) 0.32, GW18 EVE (A) 0.38, GW19 TOT (H) 0.4, GW20 LEE (A) 0.33, GW21 NFO (H) 0.36, GW22 BHA (A) 0.37, GW23 ARS (H) 0.35, GW24 FUL (A) 0.4, GW25 TOT (A) 0.42, GW26 NEW (H) 0.37, GW27 HUL (A) 0.43, GW28 EVE (H) 0.43, GW29 COV (A) 0.63, GW30 MUN (H) 0.32, GW31 BOU (A) 0.36, GW32 CRY (H) 0.5, GW33 CHE (A) 0.49, GW34 BRE (H) 0.41, GW35 LIV (H) 0.36, GW36 IPS (A) 0.54, GW37 AVL (H) 0.44, GW38 SUN (A) 0.41"
Ayyoub Bouaddi,MID,Man City,5.5,0.57,2.69,2.0,"LIV (A) 0.57, IPS (H) 0.91, AVL (A) 0.79, BHA (H) 0.87, NFO (A) 1.01","GW6 LIV (A) 0.57, GW7 IPS (H) 0.91, GW8 AVL (A) 0.79, GW9 BHA (H) 0.87, GW10 NFO (A) 1.01, GW11 FUL (H) 1.17, GW12 ARS (A) 0.89, GW13 LEE (H) 1.11, GW14 BRE (A) 1.06, GW15 CHE (H) 1.36, GW16 HUL (H) 1.34, GW17 NEW (A) 1.2, GW18 EVE (A) 1.28, GW19 TOT (H) 1.43, GW20 LEE (A) 1.2, GW21 NFO (H) 1.24, GW22 BHA (A) 1.16, GW23 ARS (H) 1.07, GW24 FUL (A) 1.32, GW25 TOT (A) 1.44, GW26 NEW (H) 1.26, GW27 HUL (A) 1.39, GW28 EVE (H) 1.36, GW29 COV (A) 1.69, GW30 MUN (H) 1.21, GW31 BOU (A) 1.14, GW32 CRY (H) 1.52, GW33 CHE (A) 1.44, GW34 BRE (H) 1.22, GW35 LIV (H) 1.25, GW36 IPS (A) 1.57, GW37 AVL (H) 1.27, GW38 SUN (A) 1.44"
Ryan McAidoo,MID,Man City,4.5,0.16,0.87,2.0,"LIV (A) 0.16, IPS (H) 0.26, AVL (A) 0.31, BHA (H) 0.31, NFO (A) 0.32","GW6 LIV (A) 0.16, GW7 IPS (H) 0.26, GW8 AVL (A) 0.31, GW9 BHA (H) 0.31, GW10 NFO (A) 0.32, GW11 FUL (H) 0.42, GW12 ARS (A) 0.39, GW13 LEE (H) 0.42, GW14 BRE (A) 0.38, GW15 CHE (H) 0.56, GW16 HUL (H) 0.49, GW17 NEW (A) 0.4, GW18 EVE (A) 0.45, GW19 TOT (H) 0.52, GW20 LEE (A) 0.44, GW21 NFO (H) 0.46, GW22 BHA (A) 0.42, GW23 ARS (H) 0.52, GW24 FUL (A) 0.47, GW25 TOT (A) 0.5, GW26 NEW (H) 0.47, GW27 HUL (A) 0.48, GW28 EVE (H) 0.52, GW29 COV (A) 0.6, GW30 MUN (H) 0.47, GW31 BOU (A) 0.41, GW32 CRY (H) 0.63, GW33 CHE (A) 0.57, GW34 BRE (H) 0.48, GW35 LIV (H) 0.5, GW36 IPS (A) 0.49, GW37 AVL (H) 0.58, GW38 SUN (A) 0.49"
Kaden Braithwaite,DEF,Man City,4.0,0.05,0.43,1.0,"LIV (A) 0.05, IPS (H) 0.14, AVL (A) 0.13, BHA (H) 0.19, NFO (A) 0.18","GW6 LIV (A) 0.05, GW7 IPS (H) 0.14, GW8 AVL (A) 0.13, GW9 BHA (H) 0.19, GW10 NFO (A) 0.18, GW11 FUL (H) 0.24, GW12 ARS (A) 0.13, GW13 LEE (H) 0.21, GW14 BRE (A) 0.17, GW15 CHE (H) 0.36, GW16 HUL (H) 0.27, GW17 NEW (A) 0.18, GW18 EVE (A) 0.22, GW19 TOT (H) 0.25, GW20 LEE (A) 0.18, GW21 NFO (H) 0.23, GW22 BHA (A) 0.21, GW23 ARS (H) 0.22, GW24 FUL (A) 0.22, GW25 TOT (A) 0.24, GW26 NEW (H) 0.23, GW27 HUL (A) 0.23, GW28 EVE (H) 0.27, GW29 COV (A) 0.59, GW30 MUN (H) 0.19, GW31 BOU (A) 0.15, GW32 CRY (H) 0.37, GW33 CHE (A) 0.34, GW34 BRE (H) 0.27, GW35 LIV (H) 0.22, GW36 IPS (A) 0.23, GW37 AVL (H) 0.29, GW38 SUN (A) 0.19"
Allan Andrade Elias,MID,Man City,6.0,0.5,2.53,0.0,"LIV (A) 0.5, IPS (H) 0.86, AVL (A) 0.75, BHA (H) 0.85, NFO (A) 0.94","GW6 LIV (A) 0.5, GW7 IPS (H) 0.86, GW8 AVL (A) 0.75, GW9 BHA (H) 0.85, GW10 NFO (A) 0.94, GW11 FUL (H) 1.04, GW12 ARS (A) 0.73, GW13 LEE (H) 0.98, GW14 BRE (A) 1.01, GW15 CHE (H) 1.27, GW16 HUL (H) 1.16, GW17 NEW (A) 1.08, GW18 EVE (A) 1.15, GW19 TOT (H) 1.25, GW20 LEE (A) 1.04, GW21 NFO (H) 1.1, GW22 BHA (A) 1.08, GW23 ARS (H) 0.89, GW24 FUL (A) 1.18, GW25 TOT (A) 1.33, GW26 NEW (H) 1.11, GW27 HUL (A) 1.18, GW28 EVE (H) 1.23, GW29 COV (A) 1.13, GW30 MUN (H) 0.96, GW31 BOU (A) 1.06, GW32 CRY (H) 1.29, GW33 CHE (A) 1.31, GW34 BRE (H) 1.16, GW35 LIV (H) 1.06, GW36 IPS (A) 1.41, GW37 AVL (H) 1.18, GW38 SUN (A) 1.33"
Floyd Samba,MID,Man City,4.5,-0.08,-0.05,0.0,"LIV (A) -0.08, IPS (H) -0.01, AVL (A) -0.03, BHA (H) 0.02, NFO (A) 0.07","GW6 LIV (A) -0.08, GW7 IPS (H) -0.01, GW8 AVL (A) -0.03, GW9 BHA (H) 0.02, GW10 NFO (A) 0.07, GW11 FUL (H) 0.1, GW12 ARS (A) -0.04, GW13 LEE (H) 0.08, GW14 BRE (A) 0.05, GW15 CHE (H) 0.22, GW16 HUL (H) 0.15, GW17 NEW (A) 0.1, GW18 EVE (A) 0.12, GW19 TOT (H) 0.16, GW20 LEE (A) 0.08, GW21 NFO (H) 0.14, GW22 BHA (A) 0.08, GW23 ARS (H) 0.04, GW24 FUL (A) 0.14, GW25 TOT (A) 0.18, GW26 NEW (H) 0.15, GW27 HUL (A) 0.14, GW28 EVE (H) 0.17, GW29 COV (A) 0.56, GW30 MUN (H) 0.08, GW31 BOU (A) 0.05, GW32 CRY (H) 0.24, GW33 CHE (A) 0.23, GW34 BRE (H) 0.14, GW35 LIV (H) 0.11, GW36 IPS (A) 0.15, GW37 AVL (H) 0.16, GW38 SUN (A) 0.14"
Youri Tielemans,MID,Man Utd,5.8,3.03,9.7,14.0,"TOT (H) 3.03, LEE (A) 2.89, BOU (H) 2.49, CHE (A) 2.66, AVL (H) 2.6","GW6 TOT (H) 3.03, GW7 LEE (A) 2.89, GW8 BOU (H) 2.49, GW9 CHE (A) 2.66, GW10 AVL (H) 2.6, GW11 LIV (A) 2.53, GW12 BRE (H) 2.52, GW13 NEW (A) 2.6, GW14 COV (H) 3.16, GW15 CRY (A) 2.81, GW16 ARS (A) 1.79, GW17 NFO (H) 2.65, GW18 SUN (H) 3.03, GW19 BHA (A) 2.24, GW20 NEW (H) 2.65, GW21 AVL (A) 2.49, GW22 LIV (H) 2.53, GW23 BRE (A) 2.39, GW24 CHE (H) 2.68, GW25 BHA (H) 2.49, GW26 NFO (A) 2.68, GW27 ARS (H) 1.99, GW28 SUN (A) 3.08, GW29 EVE (H) 2.81, GW30 MCI (A) 2.1, GW31 HUL (H) 2.9, GW32 IPS (A) 2.86, GW33 CRY (H) 3.19, GW34 COV (A) 3.14, GW35 BOU (A) 2.23, GW36 LEE (H) 2.76, GW37 TOT (A) 3.04, GW38 FUL (H) 3.11"
Carlos Baleba,MID,Man Utd,4.9,0.26,1.2,0.0,"TOT (H) 0.26, LEE (A) 0.29, BOU (H) 0.38, CHE (A) 0.46, AVL (H) 0.55","GW6 TOT (H) 0.26, GW7 LEE (A) 0.29, GW8 BOU (H) 0.38, GW9 CHE (A) 0.46, GW10 AVL (H) 0.55, GW11 LIV (A) 0.45, GW12 BRE (H) 0.53, GW13 NEW (A) 0.49, GW14 COV (H) 0.73, GW15 CRY (A) 0.59, GW16 ARS (A) 0.54, GW17 NFO (H) 0.53, GW18 SUN (H) 0.49, GW19 BHA (A) 0.53, GW20 NEW (H) 0.54, GW21 AVL (A) 0.65, GW22 LIV (H) 0.53, GW23 BRE (A) 0.57, GW24 CHE (H) 0.62, GW25 BHA (H) 0.59, GW26 NFO (A) 0.56, GW27 ARS (H) 0.59, GW28 SUN (A) 0.52, GW29 EVE (H) 0.58, GW30 MCI (A) 0.48, GW31 HUL (H) 0.68, GW32 IPS (A) 0.68, GW33 CRY (H) 0.76, GW34 COV (A) 0.77, GW35 BOU (A) 0.57, GW36 LEE (H) 0.57, GW37 TOT (A) 0.54, GW38 FUL (H) 0.7"
Andrey Nascimento dos Santos,MID,Man Utd,4.8,0.62,2.69,4.0,"TOT (H) 0.62, LEE (A) 0.69, BOU (H) 0.85, CHE (A) 1.02, AVL (H) 1.06","GW6 TOT (H) 0.62, GW7 LEE (A) 0.69, GW8 BOU (H) 0.85, GW9 CHE (A) 1.02, GW10 AVL (H) 1.06, GW11 LIV (A) 0.98, GW12 BRE (H) 1.04, GW13 NEW (A) 0.98, GW14 COV (H) 1.3, GW15 CRY (A) 1.16, GW16 ARS (A) 1.11, GW17 NFO (H) 1.04, GW18 SUN (H) 1.25, GW19 BHA (A) 1.09, GW20 NEW (H) 1.05, GW21 AVL (A) 1.19, GW22 LIV (H) 1.1, GW23 BRE (A) 1.09, GW24 CHE (H) 1.26, GW25 BHA (H) 1.12, GW26 NFO (A) 1.06, GW27 ARS (H) 1.21, GW28 SUN (A) 1.28, GW29 EVE (H) 1.14, GW30 MCI (A) 1.0, GW31 HUL (H) 1.21, GW32 IPS (A) 1.2, GW33 CRY (H) 1.35, GW34 COV (A) 1.35, GW35 BOU (A) 1.07, GW36 LEE (H) 1.09, GW37 TOT (A) 1.35, GW38 FUL (H) 1.26"
Karl Darlow,GK,Man Utd,4.5,0.19,0.9,0.0,"TOT (H) 0.19, LEE (A) 0.2, BOU (H) 0.3, CHE (A) 0.35, AVL (H) 0.43","GW6 TOT (H) 0.19, GW7 LEE (A) 0.2, GW8 BOU (H) 0.3, GW9 CHE (A) 0.35, GW10 AVL (H) 0.43, GW11 LIV (A) 0.34, GW12 BRE (H) 0.43, GW13 NEW (A) 0.39, GW14 COV (H) 0.62, GW15 CRY (A) 0.47, GW16 ARS (A) 0.4, GW17 NFO (H) 0.49, GW18 SUN (H) 0.47, GW19 BHA (A) 0.38, GW20 NEW (H) 0.5, GW21 AVL (A) 0.45, GW22 LIV (H) 0.49, GW23 BRE (A) 0.41, GW24 CHE (H) 0.58, GW25 BHA (H) 0.5, GW26 NFO (A) 0.46, GW27 ARS (H) 0.5, GW28 SUN (A) 0.43, GW29 EVE (H) 0.52, GW30 MCI (A) 0.41, GW31 HUL (H) 0.58, GW32 IPS (A) 0.51, GW33 CRY (H) 0.65, GW34 COV (A) 0.59, GW35 BOU (A) 0.41, GW36 LEE (H) 0.52, GW37 TOT (A) 0.46, GW38 FUL (H) 0.6"
Senne Lammens,GK,Man Utd,4.9,3.18,9.93,11.0,"TOT (H) 3.18, LEE (A) 2.72, BOU (H) 2.64, CHE (A) 2.81, AVL (H) 2.67","GW6 TOT (H) 3.18, GW7 LEE (A) 2.72, GW8 BOU (H) 2.64, GW9 CHE (A) 2.81, GW10 AVL (H) 2.67, GW11 LIV (A) 2.23, GW12 BRE (H) 2.56, GW13 NEW (A) 2.45, GW14 COV (H) 3.22, GW15 CRY (A) 2.88, GW16 ARS (A) 1.93, GW17 NFO (H) 2.81, GW18 SUN (H) 3.36, GW19 BHA (A) 2.36, GW20 NEW (H) 2.71, GW21 AVL (A) 2.7, GW22 LIV (H) 2.44, GW23 BRE (A) 2.42, GW24 CHE (H) 2.93, GW25 BHA (H) 2.68, GW26 NFO (A) 2.59, GW27 ARS (H) 2.11, GW28 SUN (A) 3.16, GW29 EVE (H) 3.12, GW30 MCI (A) 1.61, GW31 HUL (H) 3.16, GW32 IPS (A) 2.86, GW33 CRY (H) 3.33, GW34 COV (A) 3.1, GW35 BOU (A) 2.46, GW36 LEE (H) 2.64, GW37 TOT (A) 3.07, GW38 FUL (H) 3.21"
Altay Bayındır,GK,Man Utd,4.5,-0.03,-0.01,0.0,"TOT (H) -0.03, LEE (A) -0.04, BOU (H) -0.01, CHE (A) 0.06, AVL (H) 0.09","GW6 TOT (H) -0.03, GW7 LEE (A) -0.04, GW8 BOU (H) -0.01, GW9 CHE (A) 0.06, GW10 AVL (H) 0.09, GW11 LIV (A) 0.01, GW12 BRE (H) 0.03, GW13 NEW (A) -0.0, GW14 COV (H) 0.12, GW15 CRY (A) 0.06, GW16 ARS (A) 0.06, GW17 NFO (H) 0.01, GW18 SUN (H) -0.01, GW19 BHA (A) 0.04, GW20 NEW (H) 0.01, GW21 AVL (A) 0.1, GW22 LIV (H) 0.03, GW23 BRE (A) 0.02, GW24 CHE (H) 0.12, GW25 BHA (H) 0.03, GW26 NFO (A) 0.02, GW27 ARS (H) 0.08, GW28 SUN (A) -0.0, GW29 EVE (H) 0.02, GW30 MCI (A) 0.0, GW31 HUL (H) 0.05, GW32 IPS (A) 0.04, GW33 CRY (H) 0.11, GW34 COV (A) 0.12, GW35 BOU (A) 0.01, GW36 LEE (H) 0.01, GW37 TOT (A) 0.02, GW38 FUL (H) 0.05"
Tom Heaton,GK,Man Utd,4.0,0.16,0.62,0.0,"TOT (H) 0.16, LEE (A) 0.15, BOU (H) 0.19, CHE (A) 0.22, AVL (H) 0.24","GW6 TOT (H) 0.16, GW7 LEE (A) 0.15, GW8 BOU (H) 0.19, GW9 CHE (A) 0.22, GW10 AVL (H) 0.24, GW11 LIV (A) 0.15, GW12 BRE (H) 0.19, GW13 NEW (A) 0.12, GW14 COV (H) 0.27, GW15 CRY (A) 0.19, GW16 ARS (A) 0.16, GW17 NFO (H) 0.13, GW18 SUN (H) 0.13, GW19 BHA (A) 0.12, GW20 NEW (H) 0.12, GW21 AVL (A) 0.17, GW22 LIV (H) 0.14, GW23 BRE (A) 0.12, GW24 CHE (H) 0.22, GW25 BHA (H) 0.16, GW26 NFO (A) 0.1, GW27 ARS (H) 0.18, GW28 SUN (A) 0.1, GW29 EVE (H) 0.14, GW30 MCI (A) 0.06, GW31 HUL (H) 0.15, GW32 IPS (A) 0.13, GW33 CRY (H) 0.23, GW34 COV (A) 0.21, GW35 BOU (A) 0.11, GW36 LEE (H) 0.13, GW37 TOT (A) 0.12, GW38 FUL (H) 0.17"
Patrick Dorgu,MID,Man Utd,5.8,2.67,9.33,10.0,"TOT (H) 2.67, LEE (A) 2.77, BOU (H) 2.59, CHE (A) 2.78, AVL (H) 2.71","GW6 TOT (H) 2.67, GW7 LEE (A) 2.77, GW8 BOU (H) 2.59, GW9 CHE (A) 2.78, GW10 AVL (H) 2.71, GW11 LIV (A) 2.61, GW12 BRE (H) 2.6, GW13 NEW (A) 2.47, GW14 COV (H) 2.99, GW15 CRY (A) 2.91, GW16 ARS (A) 2.6, GW17 NFO (H) 2.5, GW18 SUN (H) 2.79, GW19 BHA (A) 2.71, GW20 NEW (H) 2.51, GW21 AVL (A) 2.88, GW22 LIV (H) 2.67, GW23 BRE (A) 2.74, GW24 CHE (H) 2.91, GW25 BHA (H) 2.69, GW26 NFO (A) 2.58, GW27 ARS (H) 2.63, GW28 SUN (A) 2.88, GW29 EVE (H) 2.78, GW30 MCI (A) 2.4, GW31 HUL (H) 2.82, GW32 IPS (A) 2.89, GW33 CRY (H) 3.03, GW34 COV (A) 3.1, GW35 BOU (A) 2.68, GW36 LEE (H) 2.7, GW37 TOT (A) 2.94, GW38 FUL (H) 2.87"
Matthijs de Ligt,DEF,Man Utd,5.0,0.14,0.67,0.0,"TOT (H) 0.14, LEE (A) 0.14, BOU (H) 0.22, CHE (A) 0.26, AVL (H) 0.35","GW6 TOT (H) 0.14, GW7 LEE (A) 0.14, GW8 BOU (H) 0.22, GW9 CHE (A) 0.26, GW10 AVL (H) 0.35, GW11 LIV (A) 0.22, GW12 BRE (H) 0.3, GW13 NEW (A) 0.25, GW14 COV (H) 0.42, GW15 CRY (A) 0.31, GW16 ARS (A) 0.29, GW17 NFO (H) 0.29, GW18 SUN (H) 0.28, GW19 BHA (A) 0.27, GW20 NEW (H) 0.29, GW21 AVL (A) 0.38, GW22 LIV (H) 0.28, GW23 BRE (A) 0.29, GW24 CHE (H) 0.37, GW25 BHA (H) 0.33, GW26 NFO (A) 0.28, GW27 ARS (H) 0.35, GW28 SUN (A) 0.27, GW29 EVE (H) 0.3, GW30 MCI (A) 0.23, GW31 HUL (H) 0.36, GW32 IPS (A) 0.33, GW33 CRY (H) 0.43, GW34 COV (A) 0.41, GW35 BOU (A) 0.29, GW36 LEE (H) 0.3, GW37 TOT (A) 0.29, GW38 FUL (H) 0.37"
Diogo Dalot Teixeira,DEF,Man Utd,4.9,2.29,7.98,8.0,"TOT (H) 2.29, LEE (A) 2.25, BOU (H) 2.29, CHE (A) 2.37, AVL (H) 2.44","GW6 TOT (H) 2.29, GW7 LEE (A) 2.25, GW8 BOU (H) 2.29, GW9 CHE (A) 2.37, GW10 AVL (H) 2.44, GW11 LIV (A) 2.32, GW12 BRE (H) 2.51, GW13 NEW (A) 2.44, GW14 COV (H) 2.89, GW15 CRY (A) 2.7, GW16 ARS (A) 2.12, GW17 NFO (H) 2.59, GW18 SUN (H) 2.76, GW19 BHA (A) 2.36, GW20 NEW (H) 2.6, GW21 AVL (A) 2.58, GW22 LIV (H) 2.5, GW23 BRE (A) 2.47, GW24 CHE (H) 2.7, GW25 BHA (H) 2.63, GW26 NFO (A) 2.6, GW27 ARS (H) 2.36, GW28 SUN (A) 2.77, GW29 EVE (H) 2.78, GW30 MCI (A) 2.2, GW31 HUL (H) 2.82, GW32 IPS (A) 2.69, GW33 CRY (H) 2.95, GW34 COV (A) 2.86, GW35 BOU (A) 2.45, GW36 LEE (H) 2.7, GW37 TOT (A) 2.87, GW38 FUL (H) 2.87"
Harry Maguire,DEF,Man Utd,4.8,2.71,9.37,10.0,"TOT (H) 2.71, LEE (A) 2.53, BOU (H) 2.66, CHE (A) 2.95, AVL (H) 2.9","GW6 TOT (H) 2.71, GW7 LEE (A) 2.53, GW8 BOU (H) 2.66, GW9 CHE (A) 2.95, GW10 AVL (H) 2.9, GW11 LIV (A) 2.62, GW12 BRE (H) 2.88, GW13 NEW (A) 2.84, GW14 COV (H) 3.62, GW15 CRY (A) 3.28, GW16 ARS (A) 2.5, GW17 NFO (H) 3.15, GW18 SUN (H) 3.68, GW19 BHA (A) 2.83, GW20 NEW (H) 3.08, GW21 AVL (A) 3.06, GW22 LIV (H) 2.89, GW23 BRE (A) 2.91, GW24 CHE (H) 3.4, GW25 BHA (H) 3.17, GW26 NFO (A) 3.14, GW27 ARS (H) 2.87, GW28 SUN (A) 3.68, GW29 EVE (H) 3.41, GW30 MCI (A) 2.32, GW31 HUL (H) 3.52, GW32 IPS (A) 3.34, GW33 CRY (H) 3.69, GW34 COV (A) 3.62, GW35 BOU (A) 2.87, GW36 LEE (H) 3.11, GW37 TOT (A) 3.59, GW38 FUL (H) 3.57"
Lisandro Martínez,DEF,Man Utd,4.9,2.31,7.96,6.0,"TOT (H) 2.31, LEE (A) 2.24, BOU (H) 2.3, CHE (A) 2.29, AVL (H) 2.4","GW6 TOT (H) 2.31, GW7 LEE (A) 2.24, GW8 BOU (H) 2.3, GW9 CHE (A) 2.29, GW10 AVL (H) 2.4, GW11 LIV (A) 2.12, GW12 BRE (H) 2.38, GW13 NEW (A) 2.21, GW14 COV (H) 2.67, GW15 CRY (A) 2.47, GW16 ARS (A) 1.96, GW17 NFO (H) 2.36, GW18 SUN (H) 2.58, GW19 BHA (A) 2.16, GW20 NEW (H) 2.37, GW21 AVL (A) 2.44, GW22 LIV (H) 2.23, GW23 BRE (A) 2.33, GW24 CHE (H) 2.46, GW25 BHA (H) 2.46, GW26 NFO (A) 2.35, GW27 ARS (H) 2.21, GW28 SUN (A) 2.57, GW29 EVE (H) 2.55, GW30 MCI (A) 1.9, GW31 HUL (H) 2.55, GW32 IPS (A) 2.44, GW33 CRY (H) 2.72, GW34 COV (A) 2.61, GW35 BOU (A) 2.31, GW36 LEE (H) 2.44, GW37 TOT (A) 2.68, GW38 FUL (H) 2.63"
Leny Yoro,DEF,Man Utd,4.8,0.55,2.35,2.0,"TOT (H) 0.55, LEE (A) 0.57, BOU (H) 0.76, CHE (A) 0.88, AVL (H) 0.95","GW6 TOT (H) 0.55, GW7 LEE (A) 0.57, GW8 BOU (H) 0.76, GW9 CHE (A) 0.88, GW10 AVL (H) 0.95, GW11 LIV (A) 0.85, GW12 BRE (H) 0.96, GW13 NEW (A) 0.9, GW14 COV (H) 1.22, GW15 CRY (A) 1.08, GW16 ARS (A) 1.12, GW17 NFO (H) 1.0, GW18 SUN (H) 1.07, GW19 BHA (A) 0.99, GW20 NEW (H) 1.02, GW21 AVL (A) 1.1, GW22 LIV (H) 1.02, GW23 BRE (A) 1.02, GW24 CHE (H) 1.19, GW25 BHA (H) 1.08, GW26 NFO (A) 1.0, GW27 ARS (H) 1.23, GW28 SUN (A) 1.07, GW29 EVE (H) 1.1, GW30 MCI (A) 0.94, GW31 HUL (H) 1.14, GW32 IPS (A) 1.1, GW33 CRY (H) 1.29, GW34 COV (A) 1.26, GW35 BOU (A) 1.02, GW36 LEE (H) 1.06, GW37 TOT (A) 1.08, GW38 FUL (H) 1.19"
Ayden Heaven,DEF,Man Utd,4.3,0.46,2.17,1.0,"TOT (H) 0.46, LEE (A) 0.52, BOU (H) 0.69, CHE (A) 0.87, AVL (H) 0.98","GW6 TOT (H) 0.46, GW7 LEE (A) 0.52, GW8 BOU (H) 0.69, GW9 CHE (A) 0.87, GW10 AVL (H) 0.98, GW11 LIV (A) 0.9, GW12 BRE (H) 0.99, GW13 NEW (A) 0.97, GW14 COV (H) 1.23, GW15 CRY (A) 1.13, GW16 ARS (A) 1.06, GW17 NFO (H) 1.05, GW18 SUN (H) 1.09, GW19 BHA (A) 1.08, GW20 NEW (H) 1.07, GW21 AVL (A) 1.22, GW22 LIV (H) 1.08, GW23 BRE (A) 1.11, GW24 CHE (H) 1.22, GW25 BHA (H) 1.13, GW26 NFO (A) 1.1, GW27 ARS (H) 1.14, GW28 SUN (A) 1.14, GW29 EVE (H) 1.13, GW30 MCI (A) 1.04, GW31 HUL (H) 1.2, GW32 IPS (A) 1.2, GW33 CRY (H) 1.32, GW34 COV (A) 1.32, GW35 BOU (A) 1.1, GW36 LEE (H) 1.12, GW37 TOT (A) 1.17, GW38 FUL (H) 1.22"
Noussair Mazraoui,DEF,Man Utd,4.4,0.57,2.38,3.0,"TOT (H) 0.57, LEE (A) 0.57, BOU (H) 0.75, CHE (A) 0.87, AVL (H) 0.99","GW6 TOT (H) 0.57, GW7 LEE (A) 0.57, GW8 BOU (H) 0.75, GW9 CHE (A) 0.87, GW10 AVL (H) 0.99, GW11 LIV (A) 0.86, GW12 BRE (H) 0.99, GW13 NEW (A) 0.93, GW14 COV (H) 1.24, GW15 CRY (A) 1.12, GW16 ARS (A) 1.14, GW17 NFO (H) 1.05, GW18 SUN (H) 1.18, GW19 BHA (A) 1.02, GW20 NEW (H) 1.07, GW21 AVL (A) 1.18, GW22 LIV (H) 1.06, GW23 BRE (A) 1.08, GW24 CHE (H) 1.22, GW25 BHA (H) 1.13, GW26 NFO (A) 1.06, GW27 ARS (H) 1.26, GW28 SUN (A) 1.19, GW29 EVE (H) 1.16, GW30 MCI (A) 0.98, GW31 HUL (H) 1.18, GW32 IPS (A) 1.14, GW33 CRY (H) 1.32, GW34 COV (A) 1.29, GW35 BOU (A) 1.06, GW36 LEE (H) 1.11, GW37 TOT (A) 1.21, GW38 FUL (H) 1.23"
Luke Shaw,DEF,Man Utd,4.3,3.11,10.12,9.0,"TOT (H) 3.11, LEE (A) 2.84, BOU (H) 2.7, CHE (A) 2.96, AVL (H) 2.88","GW6 TOT (H) 3.11, GW7 LEE (A) 2.84, GW8 BOU (H) 2.7, GW9 CHE (A) 2.96, GW10 AVL (H) 2.88, GW11 LIV (A) 2.79, GW12 BRE (H) 2.81, GW13 NEW (A) 2.88, GW14 COV (H) 3.71, GW15 CRY (A) 3.23, GW16 ARS (A) 2.74, GW17 NFO (H) 3.17, GW18 SUN (H) 3.55, GW19 BHA (A) 2.83, GW20 NEW (H) 3.19, GW21 AVL (A) 3.15, GW22 LIV (H) 3.22, GW23 BRE (A) 2.86, GW24 CHE (H) 3.29, GW25 BHA (H) 3.06, GW26 NFO (A) 3.0, GW27 ARS (H) 2.77, GW28 SUN (A) 3.39, GW29 EVE (H) 3.43, GW30 MCI (A) 2.64, GW31 HUL (H) 3.83, GW32 IPS (A) 3.57, GW33 CRY (H) 4.0, GW34 COV (A) 3.78, GW35 BOU (A) 2.95, GW36 LEE (H) 3.35, GW37 TOT (A) 3.42, GW38 FUL (H) 3.88"
Harry Amass,DEF,Man Utd,4.0,-0.04,-0.01,0.0,"TOT (H) -0.04, LEE (A) -0.05, BOU (H) 0.0, CHE (A) 0.05, AVL (H) 0.13","GW6 TOT (H) -0.04, GW7 LEE (A) -0.05, GW8 BOU (H) 0.0, GW9 CHE (A) 0.05, GW10 AVL (H) 0.13, GW11 LIV (A) 0.02, GW12 BRE (H) 0.08, GW13 NEW (A) 0.03, GW14 COV (H) 0.21, GW15 CRY (A) 0.13, GW16 ARS (A) 0.08, GW17 NFO (H) 0.08, GW18 SUN (H) 0.07, GW19 BHA (A) 0.07, GW20 NEW (H) 0.09, GW21 AVL (A) 0.17, GW22 LIV (H) 0.09, GW23 BRE (A) 0.09, GW24 CHE (H) 0.19, GW25 BHA (H) 0.13, GW26 NFO (A) 0.08, GW27 ARS (H) 0.14, GW28 SUN (A) 0.07, GW29 EVE (H) 0.13, GW30 MCI (A) 0.03, GW31 HUL (H) 0.16, GW32 IPS (A) 0.12, GW33 CRY (H) 0.22, GW34 COV (A) 0.21, GW35 BOU (A) 0.08, GW36 LEE (H) 0.12, GW37 TOT (A) 0.09, GW38 FUL (H) 0.16"
Tyler Fredricson,DEF,Man Utd,4.0,0.0,0.08,0.0,"TOT (H) 0.0, LEE (A) -0.01, BOU (H) 0.03, CHE (A) 0.07, AVL (H) 0.1","GW6 TOT (H) 0.0, GW7 LEE (A) -0.01, GW8 BOU (H) 0.03, GW9 CHE (A) 0.07, GW10 AVL (H) 0.1, GW11 LIV (A) 0.03, GW12 BRE (H) 0.08, GW13 NEW (A) 0.04, GW14 COV (H) 0.17, GW15 CRY (A) 0.1, GW16 ARS (A) 0.07, GW17 NFO (H) 0.08, GW18 SUN (H) 0.07, GW19 BHA (A) 0.05, GW20 NEW (H) 0.08, GW21 AVL (A) 0.1, GW22 LIV (H) 0.08, GW23 BRE (A) 0.06, GW24 CHE (H) 0.15, GW25 BHA (H) 0.09, GW26 NFO (A) 0.07, GW27 ARS (H) 0.12, GW28 SUN (A) 0.06, GW29 EVE (H) 0.09, GW30 MCI (A) 0.04, GW31 HUL (H) 0.11, GW32 IPS (A) 0.08, GW33 CRY (H) 0.16, GW34 COV (A) 0.15, GW35 BOU (A) 0.05, GW36 LEE (H) 0.08, GW37 TOT (A) 0.08, GW38 FUL (H) 0.11"
Bruno Borges Fernandes,MID,Man Utd,11.9,4.03,13.9,31.0,"TOT (H) 4.03, LEE (A) 2.84, BOU (H) 4.77, CHE (A) 4.59, AVL (H) 4.54","GW6 TOT (H) 4.03, GW7 LEE (A) 2.84, GW8 BOU (H) 4.77, GW9 CHE (A) 4.59, GW10 AVL (H) 4.54, GW11 LIV (A) 3.34, GW12 BRE (H) 5.5, GW13 NEW (A) 3.62, GW14 COV (H) 7.43, GW15 CRY (A) 5.25, GW16 ARS (A) 3.97, GW17 NFO (H) 4.47, GW18 SUN (H) 7.2, GW19 BHA (A) 5.01, GW20 NEW (H) 4.28, GW21 AVL (A) 5.66, GW22 LIV (H) 4.09, GW23 BRE (A) 5.73, GW24 CHE (H) 5.12, GW25 BHA (H) 5.25, GW26 NFO (A) 4.13, GW27 ARS (H) 4.72, GW28 SUN (A) 6.6, GW29 EVE (H) 5.58, GW30 MCI (A) 2.34, GW31 HUL (H) 7.8, GW32 IPS (A) 9.7, GW33 CRY (H) 7.86, GW34 COV (A) 6.33, GW35 BOU (A) 6.07, GW36 LEE (H) 4.45, GW37 TOT (A) 4.56, GW38 FUL (H) 8.17"
Bryan Mbeumo,MID,Man Utd,7.9,5.0,15.15,25.0,"TOT (H) 5.0, LEE (A) 4.3, BOU (H) 3.81, CHE (A) 3.69, AVL (H) 4.29","GW6 TOT (H) 5.0, GW7 LEE (A) 4.3, GW8 BOU (H) 3.81, GW9 CHE (A) 3.69, GW10 AVL (H) 4.29, GW11 LIV (A) 3.77, GW12 BRE (H) 3.59, GW13 NEW (A) 3.05, GW14 COV (H) 4.77, GW15 CRY (A) 3.95, GW16 ARS (A) 2.24, GW17 NFO (H) 5.03, GW18 SUN (H) 6.54, GW19 BHA (A) 2.87, GW20 NEW (H) 4.04, GW21 AVL (A) 3.66, GW22 LIV (H) 4.46, GW23 BRE (A) 2.88, GW24 CHE (H) 3.77, GW25 BHA (H) 3.71, GW26 NFO (A) 3.38, GW27 ARS (H) 2.57, GW28 SUN (A) 4.6, GW29 EVE (H) 4.89, GW30 MCI (A) 2.39, GW31 HUL (H) 4.97, GW32 IPS (A) 4.64, GW33 CRY (H) 5.01, GW34 COV (A) 3.74, GW35 BOU (A) 2.73, GW36 LEE (H) 4.92, GW37 TOT (A) 4.21, GW38 FUL (H) 5.33"
Matheus Santos Carneiro da Cunha,MID,Man Utd,7.9,5.4,16.51,26.0,"TOT (H) 5.4, LEE (A) 5.04, BOU (H) 4.01, CHE (A) 4.27, AVL (H) 4.1","GW6 TOT (H) 5.4, GW7 LEE (A) 5.04, GW8 BOU (H) 4.01, GW9 CHE (A) 4.27, GW10 AVL (H) 4.1, GW11 LIV (A) 4.53, GW12 BRE (H) 3.9, GW13 NEW (A) 4.12, GW14 COV (H) 4.71, GW15 CRY (A) 4.23, GW16 ARS (A) 2.59, GW17 NFO (H) 4.2, GW18 SUN (H) 5.47, GW19 BHA (A) 3.08, GW20 NEW (H) 4.17, GW21 AVL (A) 3.28, GW22 LIV (H) 4.45, GW23 BRE (A) 3.13, GW24 CHE (H) 3.95, GW25 BHA (H) 3.49, GW26 NFO (A) 3.91, GW27 ARS (H) 2.53, GW28 SUN (A) 4.94, GW29 EVE (H) 4.46, GW30 MCI (A) 3.48, GW31 HUL (H) 4.59, GW32 IPS (A) 4.39, GW33 CRY (H) 4.64, GW34 COV (A) 4.16, GW35 BOU (A) 2.79, GW36 LEE (H) 4.6, GW37 TOT (A) 4.67, GW38 FUL (H) 4.88"
Marcus Rashford,MID,Man Utd,7.0,2.4,8.46,10.0,"TOT (H) 2.4, LEE (A) 2.58, BOU (H) 2.29, CHE (A) 2.6, AVL (H) 2.41","GW6 TOT (H) 2.4, GW7 LEE (A) 2.58, GW8 BOU (H) 2.29, GW9 CHE (A) 2.6, GW10 AVL (H) 2.41, GW11 LIV (A) 2.72, GW12 BRE (H) 2.47, GW13 NEW (A) 2.91, GW14 COV (H) 2.86, GW15 CRY (A) 3.19, GW16 ARS (A) 2.51, GW17 NFO (H) 2.74, GW18 SUN (H) 2.9, GW19 BHA (A) 2.71, GW20 NEW (H) 2.69, GW21 AVL (A) 2.93, GW22 LIV (H) 2.54, GW23 BRE (A) 2.95, GW24 CHE (H) 2.56, GW25 BHA (H) 2.6, GW26 NFO (A) 3.19, GW27 ARS (H) 2.19, GW28 SUN (A) 3.29, GW29 EVE (H) 2.74, GW30 MCI (A) 2.74, GW31 HUL (H) 2.7, GW32 IPS (A) 3.15, GW33 CRY (H) 2.96, GW34 COV (A) 3.36, GW35 BOU (A) 2.94, GW36 LEE (H) 2.78, GW37 TOT (A) 3.31, GW38 FUL (H) 2.76"
Mason Mount,MID,Man Utd,5.4,0.42,1.73,1.0,"TOT (H) 0.42, LEE (A) 0.43, BOU (H) 0.54, CHE (A) 0.62, AVL (H) 0.69","GW6 TOT (H) 0.42, GW7 LEE (A) 0.43, GW8 BOU (H) 0.54, GW9 CHE (A) 0.62, GW10 AVL (H) 0.69, GW11 LIV (A) 0.56, GW12 BRE (H) 0.68, GW13 NEW (A) 0.63, GW14 COV (H) 0.86, GW15 CRY (A) 0.75, GW16 ARS (A) 0.68, GW17 NFO (H) 0.72, GW18 SUN (H) 0.71, GW19 BHA (A) 0.68, GW20 NEW (H) 0.73, GW21 AVL (A) 0.78, GW22 LIV (H) 0.7, GW23 BRE (A) 0.71, GW24 CHE (H) 0.84, GW25 BHA (H) 0.77, GW26 NFO (A) 0.72, GW27 ARS (H) 0.77, GW28 SUN (A) 0.71, GW29 EVE (H) 0.76, GW30 MCI (A) 0.64, GW31 HUL (H) 0.8, GW32 IPS (A) 0.74, GW33 CRY (H) 0.91, GW34 COV (A) 0.88, GW35 BOU (A) 0.69, GW36 LEE (H) 0.73, GW37 TOT (A) 0.72, GW38 FUL (H) 0.82"
Amad Diallo,MID,Man Utd,5.7,0.48,2.21,0.0,"TOT (H) 0.48, LEE (A) 0.49, BOU (H) 0.69, CHE (A) 0.91, AVL (H) 1.04","GW6 TOT (H) 0.48, GW7 LEE (A) 0.49, GW8 BOU (H) 0.69, GW9 CHE (A) 0.91, GW10 AVL (H) 1.04, GW11 LIV (A) 1.0, GW12 BRE (H) 1.08, GW13 NEW (A) 1.11, GW14 COV (H) 1.4, GW15 CRY (A) 1.23, GW16 ARS (A) 1.14, GW17 NFO (H) 1.17, GW18 SUN (H) 1.23, GW19 BHA (A) 1.17, GW20 NEW (H) 1.2, GW21 AVL (A) 1.32, GW22 LIV (H) 1.16, GW23 BRE (A) 1.26, GW24 CHE (H) 1.24, GW25 BHA (H) 1.24, GW26 NFO (A) 1.26, GW27 ARS (H) 1.2, GW28 SUN (A) 1.32, GW29 EVE (H) 1.25, GW30 MCI (A) 1.15, GW31 HUL (H) 1.43, GW32 IPS (A) 1.48, GW33 CRY (H) 1.5, GW34 COV (A) 1.54, GW35 BOU (A) 1.16, GW36 LEE (H) 1.25, GW37 TOT (A) 1.35, GW38 FUL (H) 1.45"
Kobbie Mainoo,MID,Man Utd,5.5,4.53,13.94,22.0,"TOT (H) 4.53, LEE (A) 3.96, BOU (H) 3.62, CHE (A) 3.76, AVL (H) 3.61","GW6 TOT (H) 4.53, GW7 LEE (A) 3.96, GW8 BOU (H) 3.62, GW9 CHE (A) 3.76, GW10 AVL (H) 3.61, GW11 LIV (A) 3.35, GW12 BRE (H) 3.38, GW13 NEW (A) 3.11, GW14 COV (H) 3.57, GW15 CRY (A) 3.19, GW16 ARS (A) 1.91, GW17 NFO (H) 2.95, GW18 SUN (H) 3.6, GW19 BHA (A) 2.73, GW20 NEW (H) 2.93, GW21 AVL (A) 2.95, GW22 LIV (H) 2.86, GW23 BRE (A) 2.84, GW24 CHE (H) 3.14, GW25 BHA (H) 2.94, GW26 NFO (A) 2.83, GW27 ARS (H) 2.09, GW28 SUN (A) 3.51, GW29 EVE (H) 3.12, GW30 MCI (A) 2.21, GW31 HUL (H) 3.15, GW32 IPS (A) 3.06, GW33 CRY (H) 3.38, GW34 COV (A) 3.3, GW35 BOU (A) 2.65, GW36 LEE (H) 2.98, GW37 TOT (A) 3.41, GW38 FUL (H) 3.29"
Manuel Ugarte Ribeiro,MID,Man Utd,5.0,0.05,0.27,0.0,"TOT (H) 0.05, LEE (A) 0.04, BOU (H) 0.08, CHE (A) 0.13, AVL (H) 0.17","GW6 TOT (H) 0.05, GW7 LEE (A) 0.04, GW8 BOU (H) 0.08, GW9 CHE (A) 0.13, GW10 AVL (H) 0.17, GW11 LIV (A) 0.1, GW12 BRE (H) 0.15, GW13 NEW (A) 0.12, GW14 COV (H) 0.25, GW15 CRY (A) 0.18, GW16 ARS (A) 0.17, GW17 NFO (H) 0.16, GW18 SUN (H) 0.15, GW19 BHA (A) 0.14, GW20 NEW (H) 0.16, GW21 AVL (A) 0.19, GW22 LIV (H) 0.16, GW23 BRE (A) 0.15, GW24 CHE (H) 0.24, GW25 BHA (H) 0.18, GW26 NFO (A) 0.16, GW27 ARS (H) 0.21, GW28 SUN (A) 0.15, GW29 EVE (H) 0.18, GW30 MCI (A) 0.13, GW31 HUL (H) 0.21, GW32 IPS (A) 0.18, GW33 CRY (H) 0.26, GW34 COV (A) 0.25, GW35 BOU (A) 0.14, GW36 LEE (H) 0.17, GW37 TOT (A) 0.16, GW38 FUL (H) 0.21"
Jack Fletcher,MID,Man Utd,4.9,-0.0,0.03,0.0,"TOT (H) -0.0, LEE (A) -0.03, BOU (H) 0.0, CHE (A) 0.05, AVL (H) 0.08","GW6 TOT (H) -0.0, GW7 LEE (A) -0.03, GW8 BOU (H) 0.0, GW9 CHE (A) 0.05, GW10 AVL (H) 0.08, GW11 LIV (A) 0.01, GW12 BRE (H) 0.05, GW13 NEW (A) 0.01, GW14 COV (H) 0.15, GW15 CRY (A) 0.07, GW16 ARS (A) 0.05, GW17 NFO (H) 0.05, GW18 SUN (H) 0.02, GW19 BHA (A) 0.02, GW20 NEW (H) 0.05, GW21 AVL (A) 0.07, GW22 LIV (H) 0.04, GW23 BRE (A) 0.03, GW24 CHE (H) 0.12, GW25 BHA (H) 0.06, GW26 NFO (A) 0.04, GW27 ARS (H) 0.09, GW28 SUN (A) 0.02, GW29 EVE (H) 0.06, GW30 MCI (A) 0.01, GW31 HUL (H) 0.09, GW32 IPS (A) 0.06, GW33 CRY (H) 0.14, GW34 COV (A) 0.13, GW35 BOU (A) 0.02, GW36 LEE (H) 0.05, GW37 TOT (A) 0.04, GW38 FUL (H) 0.09"
Shea Lacey,MID,Man Utd,4.9,0.45,1.88,1.0,"TOT (H) 0.45, LEE (A) 0.48, BOU (H) 0.58, CHE (A) 0.67, AVL (H) 0.75","GW6 TOT (H) 0.45, GW7 LEE (A) 0.48, GW8 BOU (H) 0.58, GW9 CHE (A) 0.67, GW10 AVL (H) 0.75, GW11 LIV (A) 0.62, GW12 BRE (H) 0.69, GW13 NEW (A) 0.65, GW14 COV (H) 0.83, GW15 CRY (A) 0.75, GW16 ARS (A) 0.67, GW17 NFO (H) 0.71, GW18 SUN (H) 0.7, GW19 BHA (A) 0.66, GW20 NEW (H) 0.71, GW21 AVL (A) 0.79, GW22 LIV (H) 0.7, GW23 BRE (A) 0.68, GW24 CHE (H) 0.81, GW25 BHA (H) 0.73, GW26 NFO (A) 0.7, GW27 ARS (H) 0.74, GW28 SUN (A) 0.69, GW29 EVE (H) 0.73, GW30 MCI (A) 0.65, GW31 HUL (H) 0.75, GW32 IPS (A) 0.71, GW33 CRY (H) 0.83, GW34 COV (A) 0.81, GW35 BOU (A) 0.65, GW36 LEE (H) 0.72, GW37 TOT (A) 0.7, GW38 FUL (H) 0.75"
Toby Collyer,MID,Man Utd,5.0,0.07,0.36,0.0,"TOT (H) 0.07, LEE (A) 0.06, BOU (H) 0.11, CHE (A) 0.15, AVL (H) 0.23","GW6 TOT (H) 0.07, GW7 LEE (A) 0.06, GW8 BOU (H) 0.11, GW9 CHE (A) 0.15, GW10 AVL (H) 0.23, GW11 LIV (A) 0.11, GW12 BRE (H) 0.17, GW13 NEW (A) 0.13, GW14 COV (H) 0.26, GW15 CRY (A) 0.19, GW16 ARS (A) 0.15, GW17 NFO (H) 0.17, GW18 SUN (H) 0.15, GW19 BHA (A) 0.13, GW20 NEW (H) 0.17, GW21 AVL (A) 0.23, GW22 LIV (H) 0.15, GW23 BRE (A) 0.15, GW24 CHE (H) 0.23, GW25 BHA (H) 0.18, GW26 NFO (A) 0.16, GW27 ARS (H) 0.19, GW28 SUN (A) 0.15, GW29 EVE (H) 0.18, GW30 MCI (A) 0.11, GW31 HUL (H) 0.2, GW32 IPS (A) 0.17, GW33 CRY (H) 0.25, GW34 COV (A) 0.24, GW35 BOU (A) 0.14, GW36 LEE (H) 0.17, GW37 TOT (A) 0.16, GW38 FUL (H) 0.2"
Bendito Mantato,MID,Man Utd,4.4,0.01,0.13,0.0,"TOT (H) 0.01, LEE (A) 0.0, BOU (H) 0.03, CHE (A) 0.1, AVL (H) 0.15","GW6 TOT (H) 0.01, GW7 LEE (A) 0.0, GW8 BOU (H) 0.03, GW9 CHE (A) 0.1, GW10 AVL (H) 0.15, GW11 LIV (A) 0.06, GW12 BRE (H) 0.11, GW13 NEW (A) 0.07, GW14 COV (H) 0.22, GW15 CRY (A) 0.16, GW16 ARS (A) 0.11, GW17 NFO (H) 0.08, GW18 SUN (H) 0.08, GW19 BHA (A) 0.09, GW20 NEW (H) 0.09, GW21 AVL (A) 0.19, GW22 LIV (H) 0.09, GW23 BRE (A) 0.11, GW24 CHE (H) 0.19, GW25 BHA (H) 0.12, GW26 NFO (A) 0.1, GW27 ARS (H) 0.14, GW28 SUN (A) 0.1, GW29 EVE (H) 0.13, GW30 MCI (A) 0.05, GW31 HUL (H) 0.15, GW32 IPS (A) 0.14, GW33 CRY (H) 0.22, GW34 COV (A) 0.23, GW35 BOU (A) 0.1, GW36 LEE (H) 0.11, GW37 TOT (A) 0.13, GW38 FUL (H) 0.16"
Tyler Fletcher,MID,Man Utd,4.4,0.16,0.62,0.0,"TOT (H) 0.16, LEE (A) 0.13, BOU (H) 0.18, CHE (A) 0.21, AVL (H) 0.29","GW6 TOT (H) 0.16, GW7 LEE (A) 0.13, GW8 BOU (H) 0.18, GW9 CHE (A) 0.21, GW10 AVL (H) 0.29, GW11 LIV (A) 0.14, GW12 BRE (H) 0.22, GW13 NEW (A) 0.14, GW14 COV (H) 0.3, GW15 CRY (A) 0.22, GW16 ARS (A) 0.18, GW17 NFO (H) 0.16, GW18 SUN (H) 0.17, GW19 BHA (A) 0.15, GW20 NEW (H) 0.15, GW21 AVL (A) 0.25, GW22 LIV (H) 0.14, GW23 BRE (A) 0.16, GW24 CHE (H) 0.25, GW25 BHA (H) 0.2, GW26 NFO (A) 0.14, GW27 ARS (H) 0.21, GW28 SUN (A) 0.15, GW29 EVE (H) 0.19, GW30 MCI (A) 0.07, GW31 HUL (H) 0.17, GW32 IPS (A) 0.15, GW33 CRY (H) 0.27, GW34 COV (A) 0.25, GW35 BOU (A) 0.15, GW36 LEE (H) 0.15, GW37 TOT (A) 0.16, GW38 FUL (H) 0.21"
Benjamin Sesko,FWD,Man Utd,7.0,2.13,7.43,8.0,"TOT (H) 2.13, LEE (A) 2.18, BOU (H) 2.08, CHE (A) 2.2, AVL (H) 2.18","GW6 TOT (H) 2.13, GW7 LEE (A) 2.18, GW8 BOU (H) 2.08, GW9 CHE (A) 2.2, GW10 AVL (H) 2.18, GW11 LIV (A) 2.11, GW12 BRE (H) 2.12, GW13 NEW (A) 2.18, GW14 COV (H) 2.62, GW15 CRY (A) 2.47, GW16 ARS (A) 1.87, GW17 NFO (H) 2.29, GW18 SUN (H) 2.42, GW19 BHA (A) 1.99, GW20 NEW (H) 2.31, GW21 AVL (A) 2.21, GW22 LIV (H) 2.26, GW23 BRE (A) 2.1, GW24 CHE (H) 2.33, GW25 BHA (H) 2.18, GW26 NFO (A) 2.27, GW27 ARS (H) 1.95, GW28 SUN (A) 2.4, GW29 EVE (H) 2.4, GW30 MCI (A) 2.02, GW31 HUL (H) 2.4, GW32 IPS (A) 2.35, GW33 CRY (H) 2.68, GW34 COV (A) 2.64, GW35 BOU (A) 2.08, GW36 LEE (H) 2.38, GW37 TOT (A) 2.42, GW38 FUL (H) 2.47"
Joshua Zirkzee,FWD,Man Utd,5.3,0.67,2.74,2.0,"TOT (H) 0.67, LEE (A) 0.68, BOU (H) 0.87, CHE (A) 0.97, AVL (H) 1.08","GW6 TOT (H) 0.67, GW7 LEE (A) 0.68, GW8 BOU (H) 0.87, GW9 CHE (A) 0.97, GW10 AVL (H) 1.08, GW11 LIV (A) 0.9, GW12 BRE (H) 1.05, GW13 NEW (A) 0.96, GW14 COV (H) 1.25, GW15 CRY (A) 1.16, GW16 ARS (A) 1.18, GW17 NFO (H) 1.05, GW18 SUN (H) 1.07, GW19 BHA (A) 1.05, GW20 NEW (H) 1.07, GW21 AVL (A) 1.21, GW22 LIV (H) 1.06, GW23 BRE (A) 1.1, GW24 CHE (H) 1.25, GW25 BHA (H) 1.16, GW26 NFO (A) 1.06, GW27 ARS (H) 1.29, GW28 SUN (A) 1.07, GW29 EVE (H) 1.18, GW30 MCI (A) 0.98, GW31 HUL (H) 1.17, GW32 IPS (A) 1.12, GW33 CRY (H) 1.31, GW34 COV (A) 1.28, GW35 BOU (A) 1.08, GW36 LEE (H) 1.11, GW37 TOT (A) 1.1, GW38 FUL (H) 1.22"
Chido Obi,FWD,Man Utd,4.5,0.07,0.43,0.0,"TOT (H) 0.07, LEE (A) 0.07, BOU (H) 0.11, CHE (A) 0.25, AVL (H) 0.29","GW6 TOT (H) 0.07, GW7 LEE (A) 0.07, GW8 BOU (H) 0.11, GW9 CHE (A) 0.25, GW10 AVL (H) 0.29, GW11 LIV (A) 0.25, GW12 BRE (H) 0.28, GW13 NEW (A) 0.31, GW14 COV (H) 0.49, GW15 CRY (A) 0.4, GW16 ARS (A) 0.25, GW17 NFO (H) 0.32, GW18 SUN (H) 0.37, GW19 BHA (A) 0.32, GW20 NEW (H) 0.33, GW21 AVL (A) 0.41, GW22 LIV (H) 0.31, GW23 BRE (A) 0.33, GW24 CHE (H) 0.4, GW25 BHA (H) 0.36, GW26 NFO (A) 0.37, GW27 ARS (H) 0.28, GW28 SUN (A) 0.42, GW29 EVE (H) 0.38, GW30 MCI (A) 0.28, GW31 HUL (H) 0.45, GW32 IPS (A) 0.47, GW33 CRY (H) 0.52, GW34 COV (A) 0.54, GW35 BOU (A) 0.32, GW36 LEE (H) 0.36, GW37 TOT (A) 0.45, GW38 FUL (H) 0.47"
Nico González Iglesias,MID,Newcastle,5.5,1.17,4.32,5.0,"COV (A) 1.17, AVL (H) 1.17, CRY (A) 1.27, EVE (H) 1.27, FUL (A) 1.25","GW6 COV (A) 1.17, GW7 AVL (H) 1.17, GW8 CRY (A) 1.27, GW9 EVE (H) 1.27, GW10 FUL (A) 1.25, GW11 ARS (H) 1.31, GW12 BHA (A) 1.24, GW13 MUN (H) 1.27, GW14 SUN (H) 1.33, GW15 IPS (A) 1.41, GW16 BRE (A) 1.28, GW17 MCI (H) 1.29, GW18 NFO (H) 1.32, GW19 CHE (A) 1.41, GW20 MUN (A) 1.24, GW21 FUL (H) 1.51, GW22 ARS (A) 1.32, GW23 BHA (H) 1.35, GW24 EVE (A) 1.32, GW25 CHE (H) 1.47, GW26 MCI (A) 1.25, GW27 BRE (H) 1.35, GW28 NFO (A) 1.3, GW29 BOU (A) 1.27, GW30 LEE (H) 1.35, GW31 LIV (A) 1.27, GW32 TOT (H) 1.5, GW33 IPS (H) 1.5, GW34 SUN (A) 1.34, GW35 COV (H) 1.63, GW36 AVL (A) 1.4, GW37 CRY (H) 1.61, GW38 HUL (A) 1.44"
Nick Pope,GK,Newcastle,4.9,0.2,1.02,0.0,"COV (A) 0.2, AVL (H) 0.22, CRY (A) 0.35, EVE (H) 0.39, FUL (A) 0.43","GW6 COV (A) 0.2, GW7 AVL (H) 0.22, GW8 CRY (A) 0.35, GW9 EVE (H) 0.39, GW10 FUL (A) 0.43, GW11 ARS (H) 0.41, GW12 BHA (A) 0.42, GW13 MUN (H) 0.45, GW14 SUN (H) 0.54, GW15 IPS (A) 0.59, GW16 BRE (A) 0.47, GW17 MCI (H) 0.48, GW18 NFO (H) 0.5, GW19 CHE (A) 0.6, GW20 MUN (A) 0.48, GW21 FUL (H) 0.62, GW22 ARS (A) 0.46, GW23 BHA (H) 0.49, GW24 EVE (A) 0.54, GW25 CHE (H) 0.61, GW26 MCI (A) 0.48, GW27 BRE (H) 0.49, GW28 NFO (A) 0.54, GW29 BOU (A) 0.49, GW30 LEE (H) 0.53, GW31 LIV (A) 0.51, GW32 TOT (H) 0.63, GW33 IPS (H) 0.63, GW34 SUN (A) 0.6, GW35 COV (H) 0.71, GW36 AVL (A) 0.58, GW37 CRY (H) 0.69, GW38 HUL (A) 0.61"
Mark Gillespie,GK,Newcastle,4.5,0.02,0.08,0.0,"COV (A) 0.02, AVL (H) 0.03, CRY (A) 0.02, EVE (H) 0.02, FUL (A) 0.02","GW6 COV (A) 0.02, GW7 AVL (H) 0.03, GW8 CRY (A) 0.02, GW9 EVE (H) 0.02, GW10 FUL (A) 0.02, GW11 ARS (H) 0.07, GW12 BHA (A) 0.02, GW13 MUN (H) 0.04, GW14 SUN (H) 0.04, GW15 IPS (A) 0.06, GW16 BRE (A) 0.03, GW17 MCI (H) 0.04, GW18 NFO (H) 0.05, GW19 CHE (A) 0.09, GW20 MUN (A) 0.01, GW21 FUL (H) 0.09, GW22 ARS (A) 0.06, GW23 BHA (H) 0.06, GW24 EVE (A) 0.03, GW25 CHE (H) 0.12, GW26 MCI (A) 0.02, GW27 BRE (H) 0.06, GW28 NFO (A) 0.05, GW29 BOU (A) 0.02, GW30 LEE (H) 0.05, GW31 LIV (A) 0.02, GW32 TOT (H) 0.08, GW33 IPS (H) 0.09, GW34 SUN (A) 0.04, GW35 COV (H) 0.16, GW36 AVL (A) 0.08, GW37 CRY (H) 0.14, GW38 HUL (A) 0.06"
Ewen Jaouen,GK,Newcastle,4.4,0.22,0.67,0.0,"COV (A) 0.22, AVL (H) 0.16, CRY (A) 0.17, EVE (H) 0.18, FUL (A) 0.19","GW6 COV (A) 0.22, GW7 AVL (H) 0.16, GW8 CRY (A) 0.17, GW9 EVE (H) 0.18, GW10 FUL (A) 0.19, GW11 ARS (H) 0.19, GW12 BHA (A) 0.2, GW13 MUN (H) 0.19, GW14 SUN (H) 0.24, GW15 IPS (A) 0.25, GW16 BRE (A) 0.21, GW17 MCI (H) 0.2, GW18 NFO (H) 0.24, GW19 CHE (A) 0.3, GW20 MUN (A) 0.19, GW21 FUL (H) 0.28, GW22 ARS (A) 0.18, GW23 BHA (H) 0.26, GW24 EVE (A) 0.24, GW25 CHE (H) 0.31, GW26 MCI (A) 0.19, GW27 BRE (H) 0.26, GW28 NFO (A) 0.27, GW29 BOU (A) 0.2, GW30 LEE (H) 0.24, GW31 LIV (A) 0.21, GW32 TOT (H) 0.3, GW33 IPS (H) 0.29, GW34 SUN (A) 0.28, GW35 COV (H) 0.33, GW36 AVL (A) 0.28, GW37 CRY (H) 0.31, GW38 HUL (A) 0.27"
Malick Thiaw,DEF,Newcastle,5.0,2.34,8.46,14.0,"COV (A) 2.34, AVL (H) 2.32, CRY (A) 2.4, EVE (H) 2.52, FUL (A) 2.37","GW6 COV (A) 2.34, GW7 AVL (H) 2.32, GW8 CRY (A) 2.4, GW9 EVE (H) 2.52, GW10 FUL (A) 2.37, GW11 ARS (H) 2.07, GW12 BHA (A) 2.03, GW13 MUN (H) 1.95, GW14 SUN (H) 2.5, GW15 IPS (A) 2.27, GW16 BRE (A) 2.1, GW17 MCI (H) 1.8, GW18 NFO (H) 2.31, GW19 CHE (A) 2.26, GW20 MUN (A) 1.71, GW21 FUL (H) 2.69, GW22 ARS (A) 1.63, GW23 BHA (H) 2.34, GW24 EVE (A) 2.4, GW25 CHE (H) 2.47, GW26 MCI (A) 1.57, GW27 BRE (H) 2.35, GW28 NFO (A) 2.3, GW29 BOU (A) 2.05, GW30 LEE (H) 2.16, GW31 LIV (A) 1.79, GW32 TOT (H) 2.45, GW33 IPS (H) 2.54, GW34 SUN (A) 2.41, GW35 COV (H) 2.83, GW36 AVL (A) 2.2, GW37 CRY (H) 2.75, GW38 HUL (A) 2.29"
Fabian Schär,DEF,Newcastle,4.9,0.71,3.07,2.0,"COV (A) 0.71, AVL (H) 0.82, CRY (A) 0.96, EVE (H) 1.0, FUL (A) 1.06","GW6 COV (A) 0.71, GW7 AVL (H) 0.82, GW8 CRY (A) 0.96, GW9 EVE (H) 1.0, GW10 FUL (A) 1.06, GW11 ARS (H) 1.12, GW12 BHA (A) 1.13, GW13 MUN (H) 1.14, GW14 SUN (H) 1.25, GW15 IPS (A) 1.09, GW16 BRE (A) 1.08, GW17 MCI (H) 1.03, GW18 NFO (H) 1.07, GW19 CHE (A) 1.21, GW20 MUN (A) 1.04, GW21 FUL (H) 1.21, GW22 ARS (A) 1.12, GW23 BHA (H) 1.15, GW24 EVE (A) 1.15, GW25 CHE (H) 1.25, GW26 MCI (A) 1.05, GW27 BRE (H) 1.16, GW28 NFO (A) 1.12, GW29 BOU (A) 1.14, GW30 LEE (H) 1.13, GW31 LIV (A) 1.09, GW32 TOT (H) 1.24, GW33 IPS (H) 1.2, GW34 SUN (A) 1.18, GW35 COV (H) 1.35, GW36 AVL (A) 1.23, GW37 CRY (H) 1.33, GW38 HUL (A) 1.17"
Sven Botman,DEF,Newcastle,5.0,2.58,9.09,15.0,"COV (A) 2.58, AVL (H) 2.57, CRY (A) 2.54, EVE (H) 2.6, FUL (A) 2.39","GW6 COV (A) 2.58, GW7 AVL (H) 2.57, GW8 CRY (A) 2.54, GW9 EVE (H) 2.6, GW10 FUL (A) 2.39, GW11 ARS (H) 1.97, GW12 BHA (A) 2.07, GW13 MUN (H) 1.72, GW14 SUN (H) 2.39, GW15 IPS (A) 2.2, GW16 BRE (A) 2.18, GW17 MCI (H) 1.67, GW18 NFO (H) 2.2, GW19 CHE (A) 2.31, GW20 MUN (A) 1.57, GW21 FUL (H) 2.6, GW22 ARS (A) 1.61, GW23 BHA (H) 2.42, GW24 EVE (A) 2.38, GW25 CHE (H) 2.51, GW26 MCI (A) 1.38, GW27 BRE (H) 2.42, GW28 NFO (A) 2.18, GW29 BOU (A) 2.12, GW30 LEE (H) 1.96, GW31 LIV (A) 1.64, GW32 TOT (H) 2.42, GW33 IPS (H) 2.45, GW34 SUN (A) 2.4, GW35 COV (H) 2.74, GW36 AVL (A) 2.27, GW37 CRY (H) 2.65, GW38 HUL (A) 2.2"
Dan Burn,DEF,Newcastle,4.8,0.31,1.48,0.0,"COV (A) 0.31, AVL (H) 0.38, CRY (A) 0.45, EVE (H) 0.56, FUL (A) 0.55","GW6 COV (A) 0.31, GW7 AVL (H) 0.38, GW8 CRY (A) 0.45, GW9 EVE (H) 0.56, GW10 FUL (A) 0.55, GW11 ARS (H) 0.58, GW12 BHA (A) 0.58, GW13 MUN (H) 0.64, GW14 SUN (H) 0.72, GW15 IPS (A) 0.72, GW16 BRE (A) 0.59, GW17 MCI (H) 0.66, GW18 NFO (H) 0.69, GW19 CHE (A) 0.7, GW20 MUN (A) 0.59, GW21 FUL (H) 0.82, GW22 ARS (A) 0.57, GW23 BHA (H) 0.72, GW24 EVE (A) 0.65, GW25 CHE (H) 0.78, GW26 MCI (A) 0.58, GW27 BRE (H) 0.68, GW28 NFO (A) 0.65, GW29 BOU (A) 0.6, GW30 LEE (H) 0.72, GW31 LIV (A) 0.62, GW32 TOT (H) 0.82, GW33 IPS (H) 0.82, GW34 SUN (A) 0.7, GW35 COV (H) 0.9, GW36 AVL (A) 0.69, GW37 CRY (H) 0.88, GW38 HUL (A) 0.73"
Lewis Hall,DEF,Newcastle,5.3,5.58,17.95,31.0,"COV (A) 5.58, AVL (H) 4.73, CRY (A) 4.85, EVE (H) 4.84, FUL (A) 4.62","GW6 COV (A) 5.58, GW7 AVL (H) 4.73, GW8 CRY (A) 4.85, GW9 EVE (H) 4.84, GW10 FUL (A) 4.62, GW11 ARS (H) 3.34, GW12 BHA (A) 3.5, GW13 MUN (H) 3.17, GW14 SUN (H) 4.39, GW15 IPS (A) 3.94, GW16 BRE (A) 3.26, GW17 MCI (H) 2.83, GW18 NFO (H) 3.48, GW19 CHE (A) 3.63, GW20 MUN (A) 2.81, GW21 FUL (H) 4.41, GW22 ARS (A) 2.57, GW23 BHA (H) 3.36, GW24 EVE (A) 3.79, GW25 CHE (H) 3.65, GW26 MCI (A) 2.33, GW27 BRE (H) 3.34, GW28 NFO (A) 3.39, GW29 BOU (A) 2.9, GW30 LEE (H) 3.36, GW31 LIV (A) 3.05, GW32 TOT (H) 4.04, GW33 IPS (H) 4.02, GW34 SUN (A) 4.24, GW35 COV (H) 4.23, GW36 AVL (A) 3.36, GW37 CRY (H) 4.3, GW38 HUL (A) 3.78"
Tino Livramento,DEF,Newcastle,4.9,1.24,4.58,4.0,"COV (A) 1.24, AVL (H) 1.26, CRY (A) 1.37, EVE (H) 1.32, FUL (A) 1.3","GW6 COV (A) 1.24, GW7 AVL (H) 1.26, GW8 CRY (A) 1.37, GW9 EVE (H) 1.32, GW10 FUL (A) 1.3, GW11 ARS (H) 1.36, GW12 BHA (A) 1.28, GW13 MUN (H) 1.23, GW14 SUN (H) 1.29, GW15 IPS (A) 1.31, GW16 BRE (A) 1.33, GW17 MCI (H) 1.26, GW18 NFO (H) 1.28, GW19 CHE (A) 1.55, GW20 MUN (A) 1.21, GW21 FUL (H) 1.53, GW22 ARS (A) 1.4, GW23 BHA (H) 1.4, GW24 EVE (A) 1.42, GW25 CHE (H) 1.62, GW26 MCI (A) 1.22, GW27 BRE (H) 1.4, GW28 NFO (A) 1.27, GW29 BOU (A) 1.32, GW30 LEE (H) 1.32, GW31 LIV (A) 1.26, GW32 TOT (H) 1.36, GW33 IPS (H) 1.39, GW34 SUN (A) 1.31, GW35 COV (H) 1.69, GW36 AVL (A) 1.45, GW37 CRY (H) 1.67, GW38 HUL (A) 1.36"
Alex Murphy,DEF,Newcastle,4.0,0.01,0.03,0.0,"COV (A) 0.01, AVL (H) 0.03, CRY (A) 0.0, EVE (H) -0.01, FUL (A) 0.01","GW6 COV (A) 0.01, GW7 AVL (H) 0.03, GW8 CRY (A) 0.0, GW9 EVE (H) -0.01, GW10 FUL (A) 0.01, GW11 ARS (H) 0.09, GW12 BHA (A) 0.06, GW13 MUN (H) 0.05, GW14 SUN (H) 0.01, GW15 IPS (A) 0.06, GW16 BRE (A) 0.05, GW17 MCI (H) 0.05, GW18 NFO (H) 0.03, GW19 CHE (A) 0.12, GW20 MUN (A) 0.04, GW21 FUL (H) 0.08, GW22 ARS (A) 0.09, GW23 BHA (H) 0.07, GW24 EVE (A) 0.03, GW25 CHE (H) 0.14, GW26 MCI (A) 0.03, GW27 BRE (H) 0.07, GW28 NFO (A) 0.05, GW29 BOU (A) 0.05, GW30 LEE (H) 0.04, GW31 LIV (A) 0.04, GW32 TOT (H) 0.06, GW33 IPS (H) 0.08, GW34 SUN (A) 0.02, GW35 COV (H) 0.16, GW36 AVL (A) 0.14, GW37 CRY (H) 0.14, GW38 HUL (A) 0.05"
Harvey Barnes,MID,Newcastle,6.1,7.53,22.84,28.0,"COV (A) 7.53, AVL (H) 6.76, CRY (A) 5.77, EVE (H) 5.16, FUL (A) 5.03","GW6 COV (A) 7.53, GW7 AVL (H) 6.76, GW8 CRY (A) 5.77, GW9 EVE (H) 5.16, GW10 FUL (A) 5.03, GW11 ARS (H) 4.51, GW12 BHA (A) 4.93, GW13 MUN (H) 3.73, GW14 SUN (H) 4.14, GW15 IPS (A) 4.63, GW16 BRE (A) 5.29, GW17 MCI (H) 3.59, GW18 NFO (H) 4.05, GW19 CHE (A) 5.7, GW20 MUN (A) 3.69, GW21 FUL (H) 4.62, GW22 ARS (A) 4.43, GW23 BHA (H) 5.14, GW24 EVE (A) 4.63, GW25 CHE (H) 5.47, GW26 MCI (A) 3.04, GW27 BRE (H) 5.12, GW28 NFO (A) 4.04, GW29 BOU (A) 4.92, GW30 LEE (H) 4.13, GW31 LIV (A) 3.94, GW32 TOT (H) 3.37, GW33 IPS (H) 4.36, GW34 SUN (A) 3.9, GW35 COV (H) 5.66, GW36 AVL (A) 4.94, GW37 CRY (H) 5.43, GW38 HUL (A) 4.43"
Anthony Elanga,MID,Newcastle,6.1,0.67,3.14,18.0,"COV (A) 0.67, AVL (H) 0.64, CRY (A) 1.06, EVE (H) 1.18, FUL (A) 1.31","GW6 COV (A) 0.67, GW7 AVL (H) 0.64, GW8 CRY (A) 1.06, GW9 EVE (H) 1.18, GW10 FUL (A) 1.31, GW11 ARS (H) 0.97, GW12 BHA (A) 1.01, GW13 MUN (H) 0.92, GW14 SUN (H) 1.31, GW15 IPS (A) 1.45, GW16 BRE (A) 1.13, GW17 MCI (H) 0.95, GW18 NFO (H) 1.05, GW19 CHE (A) 1.53, GW20 MUN (A) 0.92, GW21 FUL (H) 1.82, GW22 ARS (A) 0.92, GW23 BHA (H) 1.3, GW24 EVE (A) 1.54, GW25 CHE (H) 1.64, GW26 MCI (A) 0.76, GW27 BRE (H) 1.27, GW28 NFO (A) 1.04, GW29 BOU (A) 1.15, GW30 LEE (H) 1.48, GW31 LIV (A) 1.34, GW32 TOT (H) 1.38, GW33 IPS (H) 1.63, GW34 SUN (A) 1.39, GW35 COV (H) 1.85, GW36 AVL (A) 1.33, GW37 CRY (H) 1.83, GW38 HUL (A) 1.54"
Jacob Ramsey,MID,Newcastle,4.9,1.23,4.83,7.0,"COV (A) 1.23, AVL (H) 1.34, CRY (A) 1.41, EVE (H) 1.54, FUL (A) 1.44","GW6 COV (A) 1.23, GW7 AVL (H) 1.34, GW8 CRY (A) 1.41, GW9 EVE (H) 1.54, GW10 FUL (A) 1.44, GW11 ARS (H) 1.38, GW12 BHA (A) 1.41, GW13 MUN (H) 1.46, GW14 SUN (H) 1.56, GW15 IPS (A) 1.57, GW16 BRE (A) 1.53, GW17 MCI (H) 1.56, GW18 NFO (H) 1.59, GW19 CHE (A) 1.75, GW20 MUN (A) 1.5, GW21 FUL (H) 1.82, GW22 ARS (A) 1.57, GW23 BHA (H) 1.7, GW24 EVE (A) 1.68, GW25 CHE (H) 1.88, GW26 MCI (A) 1.52, GW27 BRE (H) 1.71, GW28 NFO (A) 1.57, GW29 BOU (A) 1.59, GW30 LEE (H) 1.71, GW31 LIV (A) 1.6, GW32 TOT (H) 1.77, GW33 IPS (H) 1.78, GW34 SUN (A) 1.63, GW35 COV (H) 1.97, GW36 AVL (A) 1.73, GW37 CRY (H) 1.95, GW38 HUL (A) 1.71"
Jacob Murphy,MID,Newcastle,5.9,1.29,4.98,3.0,"COV (A) 1.29, AVL (H) 1.4, CRY (A) 1.45, EVE (H) 1.55, FUL (A) 1.45","GW6 COV (A) 1.29, GW7 AVL (H) 1.4, GW8 CRY (A) 1.45, GW9 EVE (H) 1.55, GW10 FUL (A) 1.45, GW11 ARS (H) 1.43, GW12 BHA (A) 1.35, GW13 MUN (H) 1.46, GW14 SUN (H) 1.72, GW15 IPS (A) 1.5, GW16 BRE (A) 1.4, GW17 MCI (H) 1.37, GW18 NFO (H) 1.56, GW19 CHE (A) 1.51, GW20 MUN (A) 1.31, GW21 FUL (H) 1.71, GW22 ARS (A) 1.04, GW23 BHA (H) 1.56, GW24 EVE (A) 1.53, GW25 CHE (H) 1.63, GW26 MCI (A) 1.0, GW27 BRE (H) 1.57, GW28 NFO (A) 1.55, GW29 BOU (A) 1.41, GW30 LEE (H) 1.61, GW31 LIV (A) 1.37, GW32 TOT (H) 1.74, GW33 IPS (H) 1.68, GW34 SUN (A) 1.65, GW35 COV (H) 1.85, GW36 AVL (A) 1.55, GW37 CRY (H) 1.82, GW38 HUL (A) 1.53"
Joelinton Cássio Apolinário de Lira,MID,Newcastle,5.4,0.09,0.43,0.0,"COV (A) 0.09, AVL (H) 0.14, CRY (A) 0.13, EVE (H) 0.14, FUL (A) 0.14","GW6 COV (A) 0.09, GW7 AVL (H) 0.14, GW8 CRY (A) 0.13, GW9 EVE (H) 0.14, GW10 FUL (A) 0.14, GW11 ARS (H) 0.2, GW12 BHA (A) 0.15, GW13 MUN (H) 0.17, GW14 SUN (H) 0.17, GW15 IPS (A) 0.2, GW16 BRE (A) 0.18, GW17 MCI (H) 0.18, GW18 NFO (H) 0.2, GW19 CHE (A) 0.24, GW20 MUN (A) 0.15, GW21 FUL (H) 0.25, GW22 ARS (A) 0.2, GW23 BHA (H) 0.23, GW24 EVE (A) 0.18, GW25 CHE (H) 0.28, GW26 MCI (A) 0.15, GW27 BRE (H) 0.23, GW28 NFO (A) 0.2, GW29 BOU (A) 0.19, GW30 LEE (H) 0.21, GW31 LIV (A) 0.15, GW32 TOT (H) 0.23, GW33 IPS (H) 0.25, GW34 SUN (A) 0.17, GW35 COV (H) 0.33, GW36 AVL (A) 0.28, GW37 CRY (H) 0.31, GW38 HUL (A) 0.21"
Lewis Miley,MID,Newcastle,5.5,2.16,7.65,12.0,"COV (A) 2.16, AVL (H) 2.14, CRY (A) 2.17, EVE (H) 2.17, FUL (A) 2.06","GW6 COV (A) 2.16, GW7 AVL (H) 2.14, GW8 CRY (A) 2.17, GW9 EVE (H) 2.17, GW10 FUL (A) 2.06, GW11 ARS (H) 1.74, GW12 BHA (A) 1.85, GW13 MUN (H) 1.89, GW14 SUN (H) 1.93, GW15 IPS (A) 2.04, GW16 BRE (A) 1.86, GW17 MCI (H) 1.76, GW18 NFO (H) 1.95, GW19 CHE (A) 1.95, GW20 MUN (A) 1.71, GW21 FUL (H) 2.19, GW22 ARS (A) 1.48, GW23 BHA (H) 1.96, GW24 EVE (A) 1.99, GW25 CHE (H) 2.01, GW26 MCI (A) 1.57, GW27 BRE (H) 1.96, GW28 NFO (A) 1.97, GW29 BOU (A) 1.81, GW30 LEE (H) 2.04, GW31 LIV (A) 1.8, GW32 TOT (H) 1.99, GW33 IPS (H) 2.17, GW34 SUN (A) 1.85, GW35 COV (H) 2.32, GW36 AVL (A) 1.98, GW37 CRY (H) 2.3, GW38 HUL (A) 2.06"
Joe Willock,MID,Newcastle,5.0,3.76,12.61,22.0,"COV (A) 3.76, AVL (H) 3.5, CRY (A) 3.46, EVE (H) 3.47, FUL (A) 3.18","GW6 COV (A) 3.76, GW7 AVL (H) 3.5, GW8 CRY (A) 3.46, GW9 EVE (H) 3.47, GW10 FUL (A) 3.18, GW11 ARS (H) 2.64, GW12 BHA (A) 2.77, GW13 MUN (H) 2.65, GW14 SUN (H) 3.18, GW15 IPS (A) 2.6, GW16 BRE (A) 2.5, GW17 MCI (H) 2.46, GW18 NFO (H) 2.56, GW19 CHE (A) 2.84, GW20 MUN (A) 2.27, GW21 FUL (H) 2.89, GW22 ARS (A) 1.84, GW23 BHA (H) 2.62, GW24 EVE (A) 2.7, GW25 CHE (H) 2.97, GW26 MCI (A) 1.89, GW27 BRE (H) 2.61, GW28 NFO (A) 2.34, GW29 BOU (A) 2.22, GW30 LEE (H) 2.67, GW31 LIV (A) 2.47, GW32 TOT (H) 2.8, GW33 IPS (H) 2.68, GW34 SUN (A) 2.92, GW35 COV (H) 2.99, GW36 AVL (A) 2.42, GW37 CRY (H) 2.97, GW38 HUL (A) 2.57"
Bazoumana Touré,MID,Newcastle,5.8,1.98,6.67,8.0,"COV (A) 1.98, AVL (H) 1.89, CRY (A) 1.84, EVE (H) 1.81, FUL (A) 1.66","GW6 COV (A) 1.98, GW7 AVL (H) 1.89, GW8 CRY (A) 1.84, GW9 EVE (H) 1.81, GW10 FUL (A) 1.66, GW11 ARS (H) 1.39, GW12 BHA (A) 1.54, GW13 MUN (H) 1.54, GW14 SUN (H) 1.75, GW15 IPS (A) 1.77, GW16 BRE (A) 1.52, GW17 MCI (H) 1.49, GW18 NFO (H) 1.59, GW19 CHE (A) 1.67, GW20 MUN (A) 1.49, GW21 FUL (H) 1.72, GW22 ARS (A) 1.3, GW23 BHA (H) 1.57, GW24 EVE (A) 1.59, GW25 CHE (H) 1.71, GW26 MCI (A) 1.44, GW27 BRE (H) 1.56, GW28 NFO (A) 1.6, GW29 BOU (A) 1.47, GW30 LEE (H) 1.56, GW31 LIV (A) 1.5, GW32 TOT (H) 1.85, GW33 IPS (H) 1.82, GW34 SUN (A) 1.77, GW35 COV (H) 1.78, GW36 AVL (A) 1.58, GW37 CRY (H) 1.79, GW38 HUL (A) 1.65"
Sean Steur,MID,Newcastle,4.9,2.18,7.26,8.0,"COV (A) 2.18, AVL (H) 2.11, CRY (A) 1.98, EVE (H) 1.9, FUL (A) 1.76","GW6 COV (A) 2.18, GW7 AVL (H) 2.11, GW8 CRY (A) 1.98, GW9 EVE (H) 1.9, GW10 FUL (A) 1.76, GW11 ARS (H) 1.57, GW12 BHA (A) 1.65, GW13 MUN (H) 1.59, GW14 SUN (H) 1.67, GW15 IPS (A) 1.61, GW16 BRE (A) 1.59, GW17 MCI (H) 1.51, GW18 NFO (H) 1.6, GW19 CHE (A) 1.64, GW20 MUN (A) 1.45, GW21 FUL (H) 1.61, GW22 ARS (A) 1.38, GW23 BHA (H) 1.61, GW24 EVE (A) 1.56, GW25 CHE (H) 1.66, GW26 MCI (A) 1.41, GW27 BRE (H) 1.6, GW28 NFO (A) 1.57, GW29 BOU (A) 1.48, GW30 LEE (H) 1.57, GW31 LIV (A) 1.48, GW32 TOT (H) 1.61, GW33 IPS (H) 1.6, GW34 SUN (A) 1.6, GW35 COV (H) 1.7, GW36 AVL (A) 1.61, GW37 CRY (H) 1.67, GW38 HUL (A) 1.55"
Nick Woltemade,FWD,Newcastle,5.9,0.43,2.04,4.0,"COV (A) 0.43, AVL (H) 0.46, CRY (A) 0.71, EVE (H) 0.74, FUL (A) 0.8","GW6 COV (A) 0.43, GW7 AVL (H) 0.46, GW8 CRY (A) 0.71, GW9 EVE (H) 0.74, GW10 FUL (A) 0.8, GW11 ARS (H) 0.86, GW12 BHA (A) 0.84, GW13 MUN (H) 0.85, GW14 SUN (H) 1.02, GW15 IPS (A) 1.06, GW16 BRE (A) 0.91, GW17 MCI (H) 0.92, GW18 NFO (H) 0.95, GW19 CHE (A) 1.14, GW20 MUN (A) 0.93, GW21 FUL (H) 1.17, GW22 ARS (A) 1.01, GW23 BHA (H) 1.02, GW24 EVE (A) 1.05, GW25 CHE (H) 1.19, GW26 MCI (A) 0.93, GW27 BRE (H) 0.99, GW28 NFO (A) 1.0, GW29 BOU (A) 0.94, GW30 LEE (H) 1.04, GW31 LIV (A) 1.0, GW32 TOT (H) 1.21, GW33 IPS (H) 1.16, GW34 SUN (A) 1.14, GW35 COV (H) 1.33, GW36 AVL (A) 1.09, GW37 CRY (H) 1.31, GW38 HUL (A) 1.12"
Yoane Wissa,FWD,Newcastle,6.2,1.59,5.55,15.0,"COV (A) 1.59, AVL (H) 1.44, CRY (A) 1.5, EVE (H) 1.74, FUL (A) 1.57","GW6 COV (A) 1.59, GW7 AVL (H) 1.44, GW8 CRY (A) 1.5, GW9 EVE (H) 1.74, GW10 FUL (A) 1.57, GW11 ARS (H) 1.23, GW12 BHA (A) 0.8, GW13 MUN (H) 1.56, GW14 SUN (H) 1.99, GW15 IPS (A) 1.92, GW16 BRE (A) 1.01, GW17 MCI (H) 1.78, GW18 NFO (H) 1.86, GW19 CHE (A) 1.81, GW20 MUN (A) 1.4, GW21 FUL (H) 2.79, GW22 ARS (A) 1.56, GW23 BHA (H) 1.44, GW24 EVE (A) 1.79, GW25 CHE (H) 2.23, GW26 MCI (A) 1.87, GW27 BRE (H) 1.44, GW28 NFO (A) 1.54, GW29 BOU (A) 1.03, GW30 LEE (H) 2.04, GW31 LIV (A) 1.59, GW32 TOT (H) 2.81, GW33 IPS (H) 2.41, GW34 SUN (A) 1.93, GW35 COV (H) 2.8, GW36 AVL (A) 1.55, GW37 CRY (H) 2.83, GW38 HUL (A) 1.95"
William Osula,FWD,Newcastle,5.8,0.98,3.85,4.0,"COV (A) 0.98, AVL (H) 0.94, CRY (A) 1.2, EVE (H) 1.23, FUL (A) 1.29","GW6 COV (A) 0.98, GW7 AVL (H) 0.94, GW8 CRY (A) 1.2, GW9 EVE (H) 1.23, GW10 FUL (A) 1.29, GW11 ARS (H) 1.68, GW12 BHA (A) 1.41, GW13 MUN (H) 1.38, GW14 SUN (H) 1.49, GW15 IPS (A) 1.66, GW16 BRE (A) 1.52, GW17 MCI (H) 1.46, GW18 NFO (H) 1.47, GW19 CHE (A) 1.68, GW20 MUN (A) 1.47, GW21 FUL (H) 1.93, GW22 ARS (A) 1.9, GW23 BHA (H) 1.6, GW24 EVE (A) 1.56, GW25 CHE (H) 1.73, GW26 MCI (A) 1.48, GW27 BRE (H) 1.6, GW28 NFO (A) 1.52, GW29 BOU (A) 1.56, GW30 LEE (H) 1.54, GW31 LIV (A) 1.52, GW32 TOT (H) 1.8, GW33 IPS (H) 1.78, GW34 SUN (A) 1.62, GW35 COV (H) 2.11, GW36 AVL (A) 1.64, GW37 CRY (H) 2.09, GW38 HUL (A) 1.74"
Sean Neave,FWD,Newcastle,4.5,-0.04,0.08,0.0,"COV (A) -0.04, AVL (H) 0.01, CRY (A) 0.04, EVE (H) 0.1, FUL (A) 0.11","GW6 COV (A) -0.04, GW7 AVL (H) 0.01, GW8 CRY (A) 0.04, GW9 EVE (H) 0.1, GW10 FUL (A) 0.11, GW11 ARS (H) 0.2, GW12 BHA (A) 0.15, GW13 MUN (H) 0.16, GW14 SUN (H) 0.25, GW15 IPS (A) 0.23, GW16 BRE (A) 0.21, GW17 MCI (H) 0.19, GW18 NFO (H) 0.22, GW19 CHE (A) 0.28, GW20 MUN (A) 0.17, GW21 FUL (H) 0.31, GW22 ARS (A) 0.24, GW23 BHA (H) 0.28, GW24 EVE (A) 0.23, GW25 CHE (H) 0.33, GW26 MCI (A) 0.16, GW27 BRE (H) 0.28, GW28 NFO (A) 0.22, GW29 BOU (A) 0.24, GW30 LEE (H) 0.26, GW31 LIV (A) 0.2, GW32 TOT (H) 0.35, GW33 IPS (H) 0.31, GW34 SUN (A) 0.29, GW35 COV (H) 0.4, GW36 AVL (A) 0.33, GW37 CRY (H) 0.38, GW38 HUL (A) 0.26"
Aladji Bamba,MID,Newcastle,4.9,0.92,3.3,3.0,"COV (A) 0.92, AVL (H) 0.91, CRY (A) 0.94, EVE (H) 0.94, FUL (A) 0.95","GW6 COV (A) 0.92, GW7 AVL (H) 0.91, GW8 CRY (A) 0.94, GW9 EVE (H) 0.94, GW10 FUL (A) 0.95, GW11 ARS (H) 0.98, GW12 BHA (A) 1.0, GW13 MUN (H) 0.99, GW14 SUN (H) 1.12, GW15 IPS (A) 1.03, GW16 BRE (A) 1.02, GW17 MCI (H) 1.01, GW18 NFO (H) 1.06, GW19 CHE (A) 1.14, GW20 MUN (A) 1.0, GW21 FUL (H) 1.07, GW22 ARS (A) 1.01, GW23 BHA (H) 1.06, GW24 EVE (A) 1.03, GW25 CHE (H) 1.16, GW26 MCI (A) 1.0, GW27 BRE (H) 1.07, GW28 NFO (A) 1.09, GW29 BOU (A) 1.0, GW30 LEE (H) 1.05, GW31 LIV (A) 1.04, GW32 TOT (H) 1.19, GW33 IPS (H) 1.07, GW34 SUN (A) 1.18, GW35 COV (H) 1.16, GW36 AVL (A) 1.11, GW37 CRY (H) 1.14, GW38 HUL (A) 1.05"
Lukás Hornícek,GK,Newcastle,5.0,2.43,8.45,14.0,"COV (A) 2.43, AVL (H) 2.34, CRY (A) 2.35, EVE (H) 2.41, FUL (A) 2.26","GW6 COV (A) 2.43, GW7 AVL (H) 2.34, GW8 CRY (A) 2.35, GW9 EVE (H) 2.41, GW10 FUL (A) 2.26, GW11 ARS (H) 2.0, GW12 BHA (A) 1.98, GW13 MUN (H) 1.83, GW14 SUN (H) 2.46, GW15 IPS (A) 2.28, GW16 BRE (A) 2.1, GW17 MCI (H) 1.79, GW18 NFO (H) 2.17, GW19 CHE (A) 2.22, GW20 MUN (A) 1.72, GW21 FUL (H) 2.48, GW22 ARS (A) 1.8, GW23 BHA (H) 2.29, GW24 EVE (A) 2.28, GW25 CHE (H) 2.36, GW26 MCI (A) 1.54, GW27 BRE (H) 2.29, GW28 NFO (A) 2.17, GW29 BOU (A) 2.04, GW30 LEE (H) 2.06, GW31 LIV (A) 1.79, GW32 TOT (H) 2.32, GW33 IPS (H) 2.48, GW34 SUN (A) 2.5, GW35 COV (H) 2.57, GW36 AVL (A) 2.16, GW37 CRY (H) 2.51, GW38 HUL (A) 2.18"
Amar Dedic,DEF,Newcastle,4.5,0.74,2.94,13.0,"COV (A) 0.74, AVL (H) 0.67, CRY (A) 0.93, EVE (H) 0.98, FUL (A) 1.02","GW6 COV (A) 0.74, GW7 AVL (H) 0.67, GW8 CRY (A) 0.93, GW9 EVE (H) 0.98, GW10 FUL (A) 1.02, GW11 ARS (H) 0.96, GW12 BHA (A) 1.01, GW13 MUN (H) 1.02, GW14 SUN (H) 1.18, GW15 IPS (A) 1.23, GW16 BRE (A) 1.09, GW17 MCI (H) 1.09, GW18 NFO (H) 1.13, GW19 CHE (A) 1.34, GW20 MUN (A) 1.09, GW21 FUL (H) 1.41, GW22 ARS (A) 1.03, GW23 BHA (H) 1.19, GW24 EVE (A) 1.3, GW25 CHE (H) 1.38, GW26 MCI (A) 1.02, GW27 BRE (H) 1.17, GW28 NFO (A) 1.19, GW29 BOU (A) 1.11, GW30 LEE (H) 1.22, GW31 LIV (A) 1.18, GW32 TOT (H) 1.25, GW33 IPS (H) 1.34, GW34 SUN (A) 1.31, GW35 COV (H) 1.48, GW36 AVL (A) 1.21, GW37 CRY (H) 1.51, GW38 HUL (A) 1.33"
Leo Shahar,DEF,Newcastle,4.0,0.01,0.07,0.0,"COV (A) 0.01, AVL (H) 0.0, CRY (A) 0.04, EVE (H) 0.04, FUL (A) 0.03","GW6 COV (A) 0.01, GW7 AVL (H) 0.0, GW8 CRY (A) 0.04, GW9 EVE (H) 0.04, GW10 FUL (A) 0.03, GW11 ARS (H) 0.09, GW12 BHA (A) 0.01, GW13 MUN (H) 0.02, GW14 SUN (H) 0.05, GW15 IPS (A) 0.05, GW16 BRE (A) 0.02, GW17 MCI (H) 0.03, GW18 NFO (H) 0.03, GW19 CHE (A) 0.12, GW20 MUN (A) -0.01, GW21 FUL (H) 0.12, GW22 ARS (A) 0.07, GW23 BHA (H) 0.06, GW24 EVE (A) 0.05, GW25 CHE (H) 0.16, GW26 MCI (A) -0.01, GW27 BRE (H) 0.06, GW28 NFO (A) 0.02, GW29 BOU (A) 0.01, GW30 LEE (H) 0.05, GW31 LIV (A) 0.01, GW32 TOT (H) 0.09, GW33 IPS (H) 0.1, GW34 SUN (A) 0.04, GW35 COV (H) 0.2, GW36 AVL (A) 0.09, GW37 CRY (H) 0.18, GW38 HUL (A) 0.06"
Matias Fernandez-Pardo,FWD,Newcastle,6.0,1.29,4.94,4.0,"COV (A) 1.29, AVL (H) 1.4, CRY (A) 1.44, EVE (H) 1.48, FUL (A) 1.45","GW6 COV (A) 1.29, GW7 AVL (H) 1.4, GW8 CRY (A) 1.44, GW9 EVE (H) 1.48, GW10 FUL (A) 1.45, GW11 ARS (H) 1.28, GW12 BHA (A) 1.44, GW13 MUN (H) 1.34, GW14 SUN (H) 1.76, GW15 IPS (A) 1.75, GW16 BRE (A) 1.5, GW17 MCI (H) 1.37, GW18 NFO (H) 1.53, GW19 CHE (A) 1.69, GW20 MUN (A) 1.37, GW21 FUL (H) 1.66, GW22 ARS (A) 1.3, GW23 BHA (H) 1.61, GW24 EVE (A) 1.59, GW25 CHE (H) 1.75, GW26 MCI (A) 1.38, GW27 BRE (H) 1.61, GW28 NFO (A) 1.61, GW29 BOU (A) 1.49, GW30 LEE (H) 1.52, GW31 LIV (A) 1.47, GW32 TOT (H) 1.91, GW33 IPS (H) 1.88, GW34 SUN (A) 1.9, GW35 COV (H) 1.66, GW36 AVL (A) 1.57, GW37 CRY (H) 1.69, GW38 HUL (A) 1.59"
Mason Miley,MID,Newcastle,4.5,0.23,0.49,0.0,"COV (A) 0.23, AVL (H) 0.04, CRY (A) 0.09, EVE (H) 0.14, FUL (A) 0.14","GW6 COV (A) 0.23, GW7 AVL (H) 0.04, GW8 CRY (A) 0.09, GW9 EVE (H) 0.14, GW10 FUL (A) 0.14, GW11 ARS (H) 0.07, GW12 BHA (A) 0.14, GW13 MUN (H) 0.16, GW14 SUN (H) 0.27, GW15 IPS (A) 0.24, GW16 BRE (A) 0.2, GW17 MCI (H) 0.2, GW18 NFO (H) 0.28, GW19 CHE (A) 0.34, GW20 MUN (A) 0.18, GW21 FUL (H) 0.33, GW22 ARS (A) 0.12, GW23 BHA (H) 0.29, GW24 EVE (A) 0.29, GW25 CHE (H) 0.38, GW26 MCI (A) 0.2, GW27 BRE (H) 0.3, GW28 NFO (A) 0.33, GW29 BOU (A) 0.2, GW30 LEE (H) 0.28, GW31 LIV (A) 0.23, GW32 TOT (H) 0.41, GW33 IPS (H) 0.33, GW34 SUN (A) 0.37, GW35 COV (H) 0.35, GW36 AVL (A) 0.25, GW37 CRY (H) 0.34, GW38 HUL (A) 0.29"
Miodrag Pivas,DEF,Newcastle,4.0,0.88,2.11,0.0,"COV (A) 0.88, AVL (H) 0.53, CRY (A) 0.45, EVE (H) 0.41, FUL (A) 0.32","GW6 COV (A) 0.88, GW7 AVL (H) 0.53, GW8 CRY (A) 0.45, GW9 EVE (H) 0.41, GW10 FUL (A) 0.32, GW11 ARS (H) 0.21, GW12 BHA (A) 0.26, GW13 MUN (H) 0.18, GW14 SUN (H) 0.19, GW15 IPS (A) 0.19, GW16 BRE (A) 0.13, GW17 MCI (H) 0.12, GW18 NFO (H) 0.18, GW19 CHE (A) 0.23, GW20 MUN (A) 0.06, GW21 FUL (H) 0.19, GW22 ARS (A) -0.04, GW23 BHA (H) 0.2, GW24 EVE (A) 0.13, GW25 CHE (H) 0.22, GW26 MCI (A) 0.05, GW27 BRE (H) 0.19, GW28 NFO (A) 0.18, GW29 BOU (A) 0.02, GW30 LEE (H) 0.12, GW31 LIV (A) 0.07, GW32 TOT (H) 0.13, GW33 IPS (H) 0.18, GW34 SUN (A) 0.14, GW35 COV (H) 0.17, GW36 AVL (A) 0.05, GW37 CRY (H) 0.16, GW38 HUL (A) 0.13"
Vakhtang Salia,FWD,Newcastle,4.5,0.85,2.17,0.0,"COV (A) 0.85, AVL (H) 0.52, CRY (A) 0.49, EVE (H) 0.48, FUL (A) 0.43","GW6 COV (A) 0.85, GW7 AVL (H) 0.52, GW8 CRY (A) 0.49, GW9 EVE (H) 0.48, GW10 FUL (A) 0.43, GW11 ARS (H) 0.28, GW12 BHA (A) 0.36, GW13 MUN (H) 0.34, GW14 SUN (H) 0.45, GW15 IPS (A) 0.39, GW16 BRE (A) 0.33, GW17 MCI (H) 0.32, GW18 NFO (H) 0.4, GW19 CHE (A) 0.45, GW20 MUN (A) 0.28, GW21 FUL (H) 0.42, GW22 ARS (A) 0.16, GW23 BHA (H) 0.38, GW24 EVE (A) 0.37, GW25 CHE (H) 0.45, GW26 MCI (A) 0.27, GW27 BRE (H) 0.38, GW28 NFO (A) 0.42, GW29 BOU (A) 0.26, GW30 LEE (H) 0.36, GW31 LIV (A) 0.31, GW32 TOT (H) 0.49, GW33 IPS (H) 0.41, GW34 SUN (A) 0.46, GW35 COV (H) 0.41, GW36 AVL (A) 0.3, GW37 CRY (H) 0.4, GW38 HUL (A) 0.37"
Michael Mills,MID,Newcastle,4.5,1.06,2.81,0.0,"COV (A) 1.06, AVL (H) 0.71, CRY (A) 0.66, EVE (H) 0.63, FUL (A) 0.55","GW6 COV (A) 1.06, GW7 AVL (H) 0.71, GW8 CRY (A) 0.66, GW9 EVE (H) 0.63, GW10 FUL (A) 0.55, GW11 ARS (H) 0.38, GW12 BHA (A) 0.44, GW13 MUN (H) 0.41, GW14 SUN (H) 0.5, GW15 IPS (A) 0.43, GW16 BRE (A) 0.36, GW17 MCI (H) 0.35, GW18 NFO (H) 0.41, GW19 CHE (A) 0.46, GW20 MUN (A) 0.29, GW21 FUL (H) 0.42, GW22 ARS (A) 0.17, GW23 BHA (H) 0.38, GW24 EVE (A) 0.37, GW25 CHE (H) 0.45, GW26 MCI (A) 0.27, GW27 BRE (H) 0.38, GW28 NFO (A) 0.42, GW29 BOU (A) 0.26, GW30 LEE (H) 0.36, GW31 LIV (A) 0.31, GW32 TOT (H) 0.49, GW33 IPS (H) 0.41, GW34 SUN (A) 0.45, GW35 COV (H) 0.4, GW36 AVL (A) 0.3, GW37 CRY (H) 0.4, GW38 HUL (A) 0.36"
Kyran Thompson,MID,Newcastle,4.5,1.0,2.62,0.0,"COV (A) 1.0, AVL (H) 0.65, CRY (A) 0.61, EVE (H) 0.58, FUL (A) 0.51","GW6 COV (A) 1.0, GW7 AVL (H) 0.65, GW8 CRY (A) 0.61, GW9 EVE (H) 0.58, GW10 FUL (A) 0.51, GW11 ARS (H) 0.35, GW12 BHA (A) 0.41, GW13 MUN (H) 0.39, GW14 SUN (H) 0.48, GW15 IPS (A) 0.42, GW16 BRE (A) 0.35, GW17 MCI (H) 0.34, GW18 NFO (H) 0.41, GW19 CHE (A) 0.46, GW20 MUN (A) 0.29, GW21 FUL (H) 0.42, GW22 ARS (A) 0.16, GW23 BHA (H) 0.38, GW24 EVE (A) 0.37, GW25 CHE (H) 0.45, GW26 MCI (A) 0.27, GW27 BRE (H) 0.38, GW28 NFO (A) 0.42, GW29 BOU (A) 0.26, GW30 LEE (H) 0.36, GW31 LIV (A) 0.31, GW32 TOT (H) 0.49, GW33 IPS (H) 0.41, GW34 SUN (A) 0.46, GW35 COV (H) 0.41, GW36 AVL (A) 0.3, GW37 CRY (H) 0.4, GW38 HUL (A) 0.37"
Liam Delap,FWD,Nott'm Forest,5.6,3.37,9.98,9.0,"CRY (A) 3.37, ARS (H) 2.92, IPS (A) 3.1, BRE (A) 2.83, MCI (H) 2.77","GW6 CRY (A) 3.37, GW7 ARS (H) 2.92, GW8 IPS (A) 3.1, GW9 BRE (A) 2.83, GW10 MCI (H) 2.77, GW11 BOU (A) 2.68, GW12 CHE (H) 3.04, GW13 HUL (A) 2.92, GW14 BHA (H) 2.72, GW15 SUN (A) 2.87, GW16 EVE (H) 3.03, GW17 MUN (A) 2.6, GW18 NEW (A) 2.72, GW19 FUL (H) 3.25, GW20 HUL (H) 2.98, GW21 MCI (A) 2.38, GW22 BOU (H) 2.65, GW23 CHE (A) 2.94, GW24 BRE (H) 2.67, GW25 FUL (A) 3.05, GW26 MUN (H) 2.63, GW27 EVE (A) 2.93, GW28 NEW (H) 2.79, GW29 TOT (A) 2.86, GW30 AVL (H) 2.77, GW31 LEE (A) 2.77, GW32 LIV (H) 2.71, GW33 SUN (H) 2.83, GW34 BHA (A) 2.47, GW35 CRY (H) 3.23, GW36 ARS (A) 2.28, GW37 IPS (H) 3.0, GW38 COV (A) 3.16"
Daniel Muñoz Mejía,DEF,Nott'm Forest,5.4,2.12,7.01,5.0,"CRY (A) 2.12, ARS (H) 1.98, IPS (A) 2.34, BRE (A) 2.12, MCI (H) 2.25","GW6 CRY (A) 2.12, GW7 ARS (H) 1.98, GW8 IPS (A) 2.34, GW9 BRE (A) 2.12, GW10 MCI (H) 2.25, GW11 BOU (A) 2.16, GW12 CHE (H) 2.64, GW13 HUL (A) 2.64, GW14 BHA (H) 2.49, GW15 SUN (A) 2.84, GW16 EVE (H) 2.79, GW17 MUN (A) 2.34, GW18 NEW (A) 2.5, GW19 FUL (H) 2.97, GW20 HUL (H) 2.92, GW21 MCI (A) 2.16, GW22 BOU (H) 2.47, GW23 CHE (A) 2.71, GW24 BRE (H) 2.53, GW25 FUL (A) 2.73, GW26 MUN (H) 2.53, GW27 EVE (A) 2.73, GW28 NEW (H) 2.68, GW29 TOT (A) 2.93, GW30 AVL (H) 2.7, GW31 LEE (A) 2.64, GW32 LIV (H) 2.65, GW33 SUN (H) 3.07, GW34 BHA (A) 2.33, GW35 CRY (H) 3.12, GW36 ARS (A) 2.16, GW37 IPS (H) 2.95, GW38 COV (A) 3.0"
Matz Sels,GK,Nott'm Forest,5.0,3.69,10.88,14.0,"CRY (A) 3.69, ARS (H) 3.01, IPS (A) 3.49, BRE (A) 3.26, MCI (H) 2.78","GW6 CRY (A) 3.69, GW7 ARS (H) 3.01, GW8 IPS (A) 3.49, GW9 BRE (A) 3.26, GW10 MCI (H) 2.78, GW11 BOU (A) 3.03, GW12 CHE (H) 3.3, GW13 HUL (A) 3.27, GW14 BHA (H) 3.2, GW15 SUN (A) 4.04, GW16 EVE (H) 3.47, GW17 MUN (A) 2.59, GW18 NEW (A) 3.02, GW19 FUL (H) 3.54, GW20 HUL (H) 3.37, GW21 MCI (A) 2.24, GW22 BOU (H) 3.09, GW23 CHE (A) 3.24, GW24 BRE (H) 3.19, GW25 FUL (A) 3.34, GW26 MUN (H) 2.65, GW27 EVE (A) 3.35, GW28 NEW (H) 3.14, GW29 TOT (A) 4.06, GW30 AVL (H) 3.29, GW31 LEE (A) 3.0, GW32 LIV (H) 2.86, GW33 SUN (H) 4.12, GW34 BHA (A) 2.83, GW35 CRY (H) 3.59, GW36 ARS (A) 2.12, GW37 IPS (H) 3.38, GW38 COV (A) 3.54"
John Victor Maciel Furtado,GK,Nott'm Forest,4.5,0.02,0.12,0.0,"CRY (A) 0.02, ARS (H) 0.04, IPS (A) 0.04, BRE (A) 0.04, MCI (H) 0.06","GW6 CRY (A) 0.02, GW7 ARS (H) 0.04, GW8 IPS (A) 0.04, GW9 BRE (A) 0.04, GW10 MCI (H) 0.06, GW11 BOU (A) 0.06, GW12 CHE (H) 0.14, GW13 HUL (A) 0.09, GW14 BHA (H) 0.11, GW15 SUN (A) 0.05, GW16 EVE (H) 0.1, GW17 MUN (A) 0.04, GW18 NEW (A) 0.05, GW19 FUL (H) 0.13, GW20 HUL (H) 0.13, GW21 MCI (A) 0.03, GW22 BOU (H) 0.11, GW23 CHE (A) 0.13, GW24 BRE (H) 0.12, GW25 FUL (A) 0.07, GW26 MUN (H) 0.08, GW27 EVE (A) 0.07, GW28 NEW (H) 0.09, GW29 TOT (A) 0.08, GW30 AVL (H) 0.2, GW31 LEE (A) 0.06, GW32 LIV (H) 0.08, GW33 SUN (H) 0.07, GW34 BHA (A) 0.06, GW35 CRY (H) 0.2, GW36 ARS (A) 0.09, GW37 IPS (H) 0.14, GW38 COV (A) 0.18"
Neco Williams,DEF,Nott'm Forest,5.0,3.98,11.69,19.0,"CRY (A) 3.98, ARS (H) 3.13, IPS (A) 3.97, BRE (A) 3.42, MCI (H) 2.77","GW6 CRY (A) 3.98, GW7 ARS (H) 3.13, GW8 IPS (A) 3.97, GW9 BRE (A) 3.42, GW10 MCI (H) 2.77, GW11 BOU (A) 3.09, GW12 CHE (H) 3.53, GW13 HUL (A) 3.34, GW14 BHA (H) 3.18, GW15 SUN (A) 3.95, GW16 EVE (H) 3.55, GW17 MUN (A) 2.32, GW18 NEW (A) 2.82, GW19 FUL (H) 3.64, GW20 HUL (H) 3.46, GW21 MCI (A) 1.83, GW22 BOU (H) 3.02, GW23 CHE (A) 3.33, GW24 BRE (H) 3.14, GW25 FUL (A) 3.38, GW26 MUN (H) 2.38, GW27 EVE (A) 3.39, GW28 NEW (H) 2.94, GW29 TOT (A) 3.91, GW30 AVL (H) 3.33, GW31 LEE (A) 2.69, GW32 LIV (H) 2.59, GW33 SUN (H) 4.03, GW34 BHA (A) 2.77, GW35 CRY (H) 3.71, GW36 ARS (A) 2.02, GW37 IPS (H) 3.78, GW38 COV (A) 3.64"
Felipe Rodrigues da Silva,DEF,Nott'm Forest,5.0,0.3,1.11,0.0,"CRY (A) 0.3, ARS (H) 0.35, IPS (A) 0.35, BRE (A) 0.38, MCI (H) 0.38","GW6 CRY (A) 0.3, GW7 ARS (H) 0.35, GW8 IPS (A) 0.35, GW9 BRE (A) 0.38, GW10 MCI (H) 0.38, GW11 BOU (A) 0.4, GW12 CHE (H) 0.5, GW13 HUL (A) 0.42, GW14 BHA (H) 0.46, GW15 SUN (A) 0.4, GW16 EVE (H) 0.45, GW17 MUN (A) 0.38, GW18 NEW (A) 0.39, GW19 FUL (H) 0.47, GW20 HUL (H) 0.47, GW21 MCI (A) 0.32, GW22 BOU (H) 0.44, GW23 CHE (A) 0.45, GW24 BRE (H) 0.45, GW25 FUL (A) 0.39, GW26 MUN (H) 0.42, GW27 EVE (A) 0.39, GW28 NEW (H) 0.44, GW29 TOT (A) 0.41, GW30 AVL (H) 0.53, GW31 LEE (A) 0.34, GW32 LIV (H) 0.38, GW33 SUN (H) 0.41, GW34 BHA (A) 0.38, GW35 CRY (H) 0.51, GW36 ARS (A) 0.4, GW37 IPS (H) 0.44, GW38 COV (A) 0.48"
Nikola Milenković,DEF,Nott'm Forest,5.4,1.04,4.23,12.0,"CRY (A) 1.04, ARS (H) 1.08, IPS (A) 1.52, BRE (A) 1.55, MCI (H) 1.64","GW6 CRY (A) 1.04, GW7 ARS (H) 1.08, GW8 IPS (A) 1.52, GW9 BRE (A) 1.55, GW10 MCI (H) 1.64, GW11 BOU (A) 1.75, GW12 CHE (H) 1.98, GW13 HUL (A) 2.03, GW14 BHA (H) 1.98, GW15 SUN (A) 2.26, GW16 EVE (H) 2.1, GW17 MUN (A) 1.91, GW18 NEW (A) 2.02, GW19 FUL (H) 2.25, GW20 HUL (H) 2.21, GW21 MCI (A) 1.88, GW22 BOU (H) 2.06, GW23 CHE (A) 2.19, GW24 BRE (H) 2.1, GW25 FUL (A) 2.19, GW26 MUN (H) 2.0, GW27 EVE (A) 2.19, GW28 NEW (H) 2.1, GW29 TOT (A) 2.46, GW30 AVL (H) 2.22, GW31 LEE (A) 2.16, GW32 LIV (H) 2.09, GW33 SUN (H) 2.41, GW34 BHA (A) 2.04, GW35 CRY (H) 2.39, GW36 ARS (A) 1.69, GW37 IPS (H) 2.28, GW38 COV (A) 2.4"
Murillo Costa dos Santos,DEF,Nott'm Forest,5.5,5.97,15.91,23.0,"CRY (A) 5.97, ARS (H) 4.47, IPS (A) 4.66, BRE (A) 4.32, MCI (H) 3.94","GW6 CRY (A) 5.97, GW7 ARS (H) 4.47, GW8 IPS (A) 4.66, GW9 BRE (A) 4.32, GW10 MCI (H) 3.94, GW11 BOU (A) 3.68, GW12 CHE (H) 4.07, GW13 HUL (A) 3.73, GW14 BHA (H) 3.59, GW15 SUN (A) 4.02, GW16 EVE (H) 3.74, GW17 MUN (A) 3.06, GW18 NEW (A) 3.27, GW19 FUL (H) 3.81, GW20 HUL (H) 3.61, GW21 MCI (A) 2.56, GW22 BOU (H) 3.16, GW23 CHE (A) 3.46, GW24 BRE (H) 3.37, GW25 FUL (A) 3.47, GW26 MUN (H) 3.08, GW27 EVE (A) 3.43, GW28 NEW (H) 3.35, GW29 TOT (A) 3.93, GW30 AVL (H) 3.41, GW31 LEE (A) 3.28, GW32 LIV (H) 3.27, GW33 SUN (H) 3.94, GW34 BHA (A) 3.04, GW35 CRY (H) 3.84, GW36 ARS (A) 2.02, GW37 IPS (H) 3.57, GW38 COV (A) 3.69"
Ola Aina,DEF,Nott'm Forest,4.4,1.13,4.16,8.0,"CRY (A) 1.13, ARS (H) 1.04, IPS (A) 1.49, BRE (A) 1.41, MCI (H) 1.52","GW6 CRY (A) 1.13, GW7 ARS (H) 1.04, GW8 IPS (A) 1.49, GW9 BRE (A) 1.41, GW10 MCI (H) 1.52, GW11 BOU (A) 1.5, GW12 CHE (H) 1.78, GW13 HUL (A) 1.82, GW14 BHA (H) 1.66, GW15 SUN (A) 1.88, GW16 EVE (H) 1.85, GW17 MUN (A) 1.72, GW18 NEW (A) 1.79, GW19 FUL (H) 2.0, GW20 HUL (H) 1.96, GW21 MCI (A) 1.74, GW22 BOU (H) 1.7, GW23 CHE (A) 1.94, GW24 BRE (H) 1.76, GW25 FUL (A) 1.9, GW26 MUN (H) 1.79, GW27 EVE (A) 1.9, GW28 NEW (H) 1.86, GW29 TOT (A) 2.02, GW30 AVL (H) 1.85, GW31 LEE (A) 1.86, GW32 LIV (H) 1.82, GW33 SUN (H) 1.97, GW34 BHA (A) 1.69, GW35 CRY (H) 2.13, GW36 ARS (A) 1.58, GW37 IPS (H) 2.0, GW38 COV (A) 2.14"
Jair Paula da Cunha Filho,DEF,Nott'm Forest,4.5,3.2,9.16,11.0,"CRY (A) 3.2, ARS (H) 2.69, IPS (A) 2.79, BRE (A) 2.6, MCI (H) 2.34","GW6 CRY (A) 3.2, GW7 ARS (H) 2.69, GW8 IPS (A) 2.79, GW9 BRE (A) 2.6, GW10 MCI (H) 2.34, GW11 BOU (A) 2.33, GW12 CHE (H) 2.45, GW13 HUL (A) 2.32, GW14 BHA (H) 2.31, GW15 SUN (A) 2.42, GW16 EVE (H) 2.33, GW17 MUN (A) 2.02, GW18 NEW (A) 2.09, GW19 FUL (H) 2.31, GW20 HUL (H) 2.29, GW21 MCI (A) 1.71, GW22 BOU (H) 2.19, GW23 CHE (A) 2.22, GW24 BRE (H) 2.21, GW25 FUL (A) 2.18, GW26 MUN (H) 2.01, GW27 EVE (A) 2.18, GW28 NEW (H) 2.13, GW29 TOT (A) 2.42, GW30 AVL (H) 2.31, GW31 LEE (A) 2.16, GW32 LIV (H) 2.13, GW33 SUN (H) 2.33, GW34 BHA (A) 2.02, GW35 CRY (H) 2.36, GW36 ARS (A) 1.53, GW37 IPS (H) 2.26, GW38 COV (A) 2.3"
Nicolò Savona,DEF,Nott'm Forest,4.5,0.01,0.06,0.0,"CRY (A) 0.01, ARS (H) 0.03, IPS (A) 0.02, BRE (A) 0.01, MCI (H) 0.04","GW6 CRY (A) 0.01, GW7 ARS (H) 0.03, GW8 IPS (A) 0.02, GW9 BRE (A) 0.01, GW10 MCI (H) 0.04, GW11 BOU (A) 0.02, GW12 CHE (H) 0.11, GW13 HUL (A) 0.05, GW14 BHA (H) 0.06, GW15 SUN (A) 0.04, GW16 EVE (H) 0.06, GW17 MUN (A) 0.02, GW18 NEW (A) 0.02, GW19 FUL (H) 0.09, GW20 HUL (H) 0.09, GW21 MCI (A) 0.02, GW22 BOU (H) 0.06, GW23 CHE (A) 0.09, GW24 BRE (H) 0.06, GW25 FUL (A) 0.03, GW26 MUN (H) 0.05, GW27 EVE (A) 0.03, GW28 NEW (H) 0.05, GW29 TOT (A) 0.05, GW30 AVL (H) 0.11, GW31 LEE (A) 0.02, GW32 LIV (H) 0.05, GW33 SUN (H) 0.04, GW34 BHA (A) 0.03, GW35 CRY (H) 0.13, GW36 ARS (A) 0.06, GW37 IPS (H) 0.09, GW38 COV (A) 0.12"
Omar Richards,DEF,Nott'm Forest,4.0,0.02,0.12,0.0,"CRY (A) 0.02, ARS (H) 0.04, IPS (A) 0.04, BRE (A) 0.05, MCI (H) 0.05","GW6 CRY (A) 0.02, GW7 ARS (H) 0.04, GW8 IPS (A) 0.04, GW9 BRE (A) 0.05, GW10 MCI (H) 0.05, GW11 BOU (A) 0.08, GW12 CHE (H) 0.18, GW13 HUL (A) 0.11, GW14 BHA (H) 0.13, GW15 SUN (A) 0.09, GW16 EVE (H) 0.14, GW17 MUN (A) 0.05, GW18 NEW (A) 0.06, GW19 FUL (H) 0.16, GW20 HUL (H) 0.16, GW21 MCI (A) 0.04, GW22 BOU (H) 0.13, GW23 CHE (A) 0.17, GW24 BRE (H) 0.14, GW25 FUL (A) 0.1, GW26 MUN (H) 0.09, GW27 EVE (A) 0.1, GW28 NEW (H) 0.1, GW29 TOT (A) 0.11, GW30 AVL (H) 0.23, GW31 LEE (A) 0.09, GW32 LIV (H) 0.11, GW33 SUN (H) 0.11, GW34 BHA (A) 0.09, GW35 CRY (H) 0.23, GW36 ARS (A) 0.11, GW37 IPS (H) 0.16, GW38 COV (A) 0.21"
Zach Abbott,DEF,Nott'm Forest,4.0,0.01,0.23,0.0,"CRY (A) 0.01, ARS (H) 0.05, IPS (A) 0.1, BRE (A) 0.13, MCI (H) 0.14","GW6 CRY (A) 0.01, GW7 ARS (H) 0.05, GW8 IPS (A) 0.1, GW9 BRE (A) 0.13, GW10 MCI (H) 0.14, GW11 BOU (A) 0.18, GW12 CHE (H) 0.27, GW13 HUL (A) 0.22, GW14 BHA (H) 0.25, GW15 SUN (A) 0.25, GW16 EVE (H) 0.25, GW17 MUN (A) 0.16, GW18 NEW (A) 0.18, GW19 FUL (H) 0.3, GW20 HUL (H) 0.28, GW21 MCI (A) 0.14, GW22 BOU (H) 0.26, GW23 CHE (A) 0.28, GW24 BRE (H) 0.27, GW25 FUL (A) 0.22, GW26 MUN (H) 0.2, GW27 EVE (A) 0.22, GW28 NEW (H) 0.22, GW29 TOT (A) 0.27, GW30 AVL (H) 0.36, GW31 LEE (A) 0.21, GW32 LIV (H) 0.22, GW33 SUN (H) 0.27, GW34 BHA (A) 0.21, GW35 CRY (H) 0.36, GW36 ARS (A) 0.23, GW37 IPS (H) 0.3, GW38 COV (A) 0.35"
Luca Netz,DEF,Nott'm Forest,4.4,0.57,2.23,3.0,"CRY (A) 0.57, ARS (H) 0.68, IPS (A) 0.73, BRE (A) 0.76, MCI (H) 0.83","GW6 CRY (A) 0.57, GW7 ARS (H) 0.68, GW8 IPS (A) 0.73, GW9 BRE (A) 0.76, GW10 MCI (H) 0.83, GW11 BOU (A) 0.8, GW12 CHE (H) 0.98, GW13 HUL (A) 0.89, GW14 BHA (H) 0.96, GW15 SUN (A) 0.89, GW16 EVE (H) 0.98, GW17 MUN (A) 0.86, GW18 NEW (A) 0.89, GW19 FUL (H) 1.03, GW20 HUL (H) 1.03, GW21 MCI (A) 0.86, GW22 BOU (H) 0.98, GW23 CHE (A) 0.99, GW24 BRE (H) 1.01, GW25 FUL (A) 0.92, GW26 MUN (H) 0.97, GW27 EVE (A) 0.92, GW28 NEW (H) 1.0, GW29 TOT (A) 0.94, GW30 AVL (H) 1.13, GW31 LEE (A) 0.91, GW32 LIV (H) 0.97, GW33 SUN (H) 0.99, GW34 BHA (A) 0.89, GW35 CRY (H) 1.13, GW36 ARS (A) 0.91, GW37 IPS (H) 1.05, GW38 COV (A) 1.06"
Tyler Bindon,DEF,Nott'm Forest,4.0,0.18,0.59,0.0,"CRY (A) 0.18, ARS (H) 0.17, IPS (A) 0.2, BRE (A) 0.17, MCI (H) 0.19","GW6 CRY (A) 0.18, GW7 ARS (H) 0.17, GW8 IPS (A) 0.2, GW9 BRE (A) 0.17, GW10 MCI (H) 0.19, GW11 BOU (A) 0.17, GW12 CHE (H) 0.27, GW13 HUL (A) 0.23, GW14 BHA (H) 0.23, GW15 SUN (A) 0.24, GW16 EVE (H) 0.23, GW17 MUN (A) 0.13, GW18 NEW (A) 0.15, GW19 FUL (H) 0.26, GW20 HUL (H) 0.25, GW21 MCI (A) 0.12, GW22 BOU (H) 0.2, GW23 CHE (A) 0.23, GW24 BRE (H) 0.22, GW25 FUL (A) 0.18, GW26 MUN (H) 0.16, GW27 EVE (A) 0.18, GW28 NEW (H) 0.18, GW29 TOT (A) 0.24, GW30 AVL (H) 0.28, GW31 LEE (A) 0.16, GW32 LIV (H) 0.18, GW33 SUN (H) 0.22, GW34 BHA (A) 0.16, GW35 CRY (H) 0.28, GW36 ARS (A) 0.11, GW37 IPS (H) 0.25, GW38 COV (A) 0.43"
Morgan Gibbs-White,MID,Nott'm Forest,8.0,4.88,14.13,28.0,"CRY (A) 4.88, ARS (H) 2.97, IPS (A) 5.26, BRE (A) 4.09, MCI (H) 3.7","GW6 CRY (A) 4.88, GW7 ARS (H) 2.97, GW8 IPS (A) 5.26, GW9 BRE (A) 4.09, GW10 MCI (H) 3.7, GW11 BOU (A) 4.09, GW12 CHE (H) 4.45, GW13 HUL (A) 4.96, GW14 BHA (H) 4.08, GW15 SUN (A) 6.66, GW16 EVE (H) 5.57, GW17 MUN (A) 4.09, GW18 NEW (A) 4.69, GW19 FUL (H) 6.07, GW20 HUL (H) 5.6, GW21 MCI (A) 4.43, GW22 BOU (H) 3.89, GW23 CHE (A) 4.71, GW24 BRE (H) 4.19, GW25 FUL (A) 5.72, GW26 MUN (H) 4.01, GW27 EVE (A) 5.55, GW28 NEW (H) 4.79, GW29 TOT (A) 6.29, GW30 AVL (H) 4.49, GW31 LEE (A) 4.86, GW32 LIV (H) 4.5, GW33 SUN (H) 7.24, GW34 BHA (A) 3.96, GW35 CRY (H) 5.88, GW36 ARS (A) 3.82, GW37 IPS (H) 6.38, GW38 COV (A) 4.93"
Callum Hudson-Odoi,MID,Nott'm Forest,5.8,0.35,1.53,1.0,"CRY (A) 0.35, ARS (H) 0.4, IPS (A) 0.57, BRE (A) 0.58, MCI (H) 0.59","GW6 CRY (A) 0.35, GW7 ARS (H) 0.4, GW8 IPS (A) 0.57, GW9 BRE (A) 0.58, GW10 MCI (H) 0.59, GW11 BOU (A) 0.65, GW12 CHE (H) 0.78, GW13 HUL (A) 0.82, GW14 BHA (H) 0.75, GW15 SUN (A) 0.79, GW16 EVE (H) 0.77, GW17 MUN (A) 0.71, GW18 NEW (A) 0.74, GW19 FUL (H) 0.92, GW20 HUL (H) 0.9, GW21 MCI (A) 0.72, GW22 BOU (H) 0.78, GW23 CHE (A) 0.88, GW24 BRE (H) 0.81, GW25 FUL (A) 0.79, GW26 MUN (H) 0.76, GW27 EVE (A) 0.79, GW28 NEW (H) 0.78, GW29 TOT (A) 0.87, GW30 AVL (H) 0.93, GW31 LEE (A) 0.79, GW32 LIV (H) 0.78, GW33 SUN (H) 0.83, GW34 BHA (A) 0.78, GW35 CRY (H) 1.04, GW36 ARS (A) 0.79, GW37 IPS (H) 0.95, GW38 COV (A) 1.04"
Dan Ndoye,MID,Nott'm Forest,5.5,1.46,4.78,15.0,"CRY (A) 1.46, ARS (H) 1.3, IPS (A) 1.61, BRE (A) 1.49, MCI (H) 1.49","GW6 CRY (A) 1.46, GW7 ARS (H) 1.3, GW8 IPS (A) 1.61, GW9 BRE (A) 1.49, GW10 MCI (H) 1.49, GW11 BOU (A) 1.45, GW12 CHE (H) 1.75, GW13 HUL (A) 1.78, GW14 BHA (H) 1.62, GW15 SUN (A) 1.72, GW16 EVE (H) 1.8, GW17 MUN (A) 1.57, GW18 NEW (A) 1.69, GW19 FUL (H) 1.98, GW20 HUL (H) 1.85, GW21 MCI (A) 1.49, GW22 BOU (H) 1.54, GW23 CHE (A) 1.84, GW24 BRE (H) 1.66, GW25 FUL (A) 1.82, GW26 MUN (H) 1.61, GW27 EVE (A) 1.83, GW28 NEW (H) 1.72, GW29 TOT (A) 1.82, GW30 AVL (H) 1.76, GW31 LEE (A) 1.7, GW32 LIV (H) 1.62, GW33 SUN (H) 1.75, GW34 BHA (A) 1.56, GW35 CRY (H) 2.09, GW36 ARS (A) 1.38, GW37 IPS (H) 1.9, GW38 COV (A) 2.1"
Omari Hutchinson,MID,Nott'm Forest,5.4,0.22,1.03,0.0,"CRY (A) 0.22, ARS (H) 0.28, IPS (A) 0.36, BRE (A) 0.4, MCI (H) 0.45","GW6 CRY (A) 0.22, GW7 ARS (H) 0.28, GW8 IPS (A) 0.36, GW9 BRE (A) 0.4, GW10 MCI (H) 0.45, GW11 BOU (A) 0.49, GW12 CHE (H) 0.59, GW13 HUL (A) 0.59, GW14 BHA (H) 0.58, GW15 SUN (A) 0.59, GW16 EVE (H) 0.59, GW17 MUN (A) 0.53, GW18 NEW (A) 0.55, GW19 FUL (H) 0.67, GW20 HUL (H) 0.68, GW21 MCI (A) 0.52, GW22 BOU (H) 0.62, GW23 CHE (A) 0.63, GW24 BRE (H) 0.63, GW25 FUL (A) 0.58, GW26 MUN (H) 0.58, GW27 EVE (A) 0.58, GW28 NEW (H) 0.61, GW29 TOT (A) 0.65, GW30 AVL (H) 0.72, GW31 LEE (A) 0.57, GW32 LIV (H) 0.59, GW33 SUN (H) 0.65, GW34 BHA (A) 0.57, GW35 CRY (H) 0.75, GW36 ARS (A) 0.59, GW37 IPS (H) 0.69, GW38 COV (A) 0.73"
Dilane Bakwa,MID,Nott'm Forest,5.5,0.1,0.48,0.0,"CRY (A) 0.1, ARS (H) 0.12, IPS (A) 0.21, BRE (A) 0.16, MCI (H) 0.17","GW6 CRY (A) 0.1, GW7 ARS (H) 0.12, GW8 IPS (A) 0.21, GW9 BRE (A) 0.16, GW10 MCI (H) 0.17, GW11 BOU (A) 0.2, GW12 CHE (H) 0.26, GW13 HUL (A) 0.32, GW14 BHA (H) 0.23, GW15 SUN (A) 0.22, GW16 EVE (H) 0.24, GW17 MUN (A) 0.21, GW18 NEW (A) 0.23, GW19 FUL (H) 0.36, GW20 HUL (H) 0.36, GW21 MCI (A) 0.21, GW22 BOU (H) 0.24, GW23 CHE (A) 0.29, GW24 BRE (H) 0.25, GW25 FUL (A) 0.24, GW26 MUN (H) 0.23, GW27 EVE (A) 0.24, GW28 NEW (H) 0.24, GW29 TOT (A) 0.26, GW30 AVL (H) 0.34, GW31 LEE (A) 0.23, GW32 LIV (H) 0.23, GW33 SUN (H) 0.22, GW34 BHA (A) 0.23, GW35 CRY (H) 0.42, GW36 ARS (A) 0.25, GW37 IPS (H) 0.37, GW38 COV (A) 0.43"
James McAtee,MID,Nott'm Forest,5.5,2.76,8.61,12.0,"CRY (A) 2.76, ARS (H) 2.6, IPS (A) 2.71, BRE (A) 2.55, MCI (H) 2.43","GW6 CRY (A) 2.76, GW7 ARS (H) 2.6, GW8 IPS (A) 2.71, GW9 BRE (A) 2.55, GW10 MCI (H) 2.43, GW11 BOU (A) 2.39, GW12 CHE (H) 2.55, GW13 HUL (A) 2.56, GW14 BHA (H) 2.38, GW15 SUN (A) 2.89, GW16 EVE (H) 2.45, GW17 MUN (A) 2.42, GW18 NEW (A) 2.59, GW19 FUL (H) 2.52, GW20 HUL (H) 2.47, GW21 MCI (A) 2.32, GW22 BOU (H) 2.21, GW23 CHE (A) 2.56, GW24 BRE (H) 2.34, GW25 FUL (A) 2.5, GW26 MUN (H) 2.34, GW27 EVE (A) 2.5, GW28 NEW (H) 2.51, GW29 TOT (A) 2.68, GW30 AVL (H) 2.42, GW31 LEE (A) 2.45, GW32 LIV (H) 2.33, GW33 SUN (H) 2.79, GW34 BHA (A) 2.36, GW35 CRY (H) 2.59, GW36 ARS (A) 2.31, GW37 IPS (H) 2.46, GW38 COV (A) 2.68"
Nicolás Domínguez,MID,Nott'm Forest,4.9,0.41,1.77,1.0,"CRY (A) 0.41, ARS (H) 0.49, IPS (A) 0.62, BRE (A) 0.65, MCI (H) 0.71","GW6 CRY (A) 0.41, GW7 ARS (H) 0.49, GW8 IPS (A) 0.62, GW9 BRE (A) 0.65, GW10 MCI (H) 0.71, GW11 BOU (A) 0.71, GW12 CHE (H) 0.88, GW13 HUL (A) 0.84, GW14 BHA (H) 0.85, GW15 SUN (A) 0.83, GW16 EVE (H) 0.88, GW17 MUN (A) 0.82, GW18 NEW (A) 0.84, GW19 FUL (H) 0.96, GW20 HUL (H) 0.96, GW21 MCI (A) 0.83, GW22 BOU (H) 0.89, GW23 CHE (A) 0.96, GW24 BRE (H) 0.92, GW25 FUL (A) 0.88, GW26 MUN (H) 0.9, GW27 EVE (A) 0.88, GW28 NEW (H) 0.92, GW29 TOT (A) 0.9, GW30 AVL (H) 1.04, GW31 LEE (A) 0.87, GW32 LIV (H) 0.9, GW33 SUN (H) 0.91, GW34 BHA (A) 0.87, GW35 CRY (H) 1.06, GW36 ARS (A) 0.89, GW37 IPS (H) 0.98, GW38 COV (A) 1.04"
Ibrahim Sangaré,MID,Nott'm Forest,4.8,0.76,2.98,4.0,"CRY (A) 0.76, ARS (H) 0.91, IPS (A) 1.0, BRE (A) 1.03, MCI (H) 1.05","GW6 CRY (A) 0.76, GW7 ARS (H) 0.91, GW8 IPS (A) 1.0, GW9 BRE (A) 1.03, GW10 MCI (H) 1.05, GW11 BOU (A) 1.12, GW12 CHE (H) 1.29, GW13 HUL (A) 1.25, GW14 BHA (H) 1.25, GW15 SUN (A) 1.28, GW16 EVE (H) 1.3, GW17 MUN (A) 1.21, GW18 NEW (A) 1.24, GW19 FUL (H) 1.41, GW20 HUL (H) 1.37, GW21 MCI (A) 1.22, GW22 BOU (H) 1.3, GW23 CHE (A) 1.43, GW24 BRE (H) 1.34, GW25 FUL (A) 1.34, GW26 MUN (H) 1.27, GW27 EVE (A) 1.34, GW28 NEW (H) 1.29, GW29 TOT (A) 1.38, GW30 AVL (H) 1.45, GW31 LEE (A) 1.3, GW32 LIV (H) 1.3, GW33 SUN (H) 1.35, GW34 BHA (A) 1.31, GW35 CRY (H) 1.54, GW36 ARS (A) 1.46, GW37 IPS (H) 1.41, GW38 COV (A) 1.54"
Ryan Yates,MID,Nott'm Forest,4.5,0.19,0.74,0.0,"CRY (A) 0.19, ARS (H) 0.1, IPS (A) 0.31, BRE (A) 0.28, MCI (H) 0.31","GW6 CRY (A) 0.19, GW7 ARS (H) 0.1, GW8 IPS (A) 0.31, GW9 BRE (A) 0.28, GW10 MCI (H) 0.31, GW11 BOU (A) 0.3, GW12 CHE (H) 0.43, GW13 HUL (A) 0.43, GW14 BHA (H) 0.39, GW15 SUN (A) 0.43, GW16 EVE (H) 0.4, GW17 MUN (A) 0.28, GW18 NEW (A) 0.32, GW19 FUL (H) 0.48, GW20 HUL (H) 0.46, GW21 MCI (A) 0.26, GW22 BOU (H) 0.33, GW23 CHE (A) 0.38, GW24 BRE (H) 0.34, GW25 FUL (A) 0.35, GW26 MUN (H) 0.31, GW27 EVE (A) 0.35, GW28 NEW (H) 0.35, GW29 TOT (A) 0.43, GW30 AVL (H) 0.42, GW31 LEE (A) 0.34, GW32 LIV (H) 0.33, GW33 SUN (H) 0.43, GW34 BHA (A) 0.3, GW35 CRY (H) 0.52, GW36 ARS (A) 0.13, GW37 IPS (H) 0.47, GW38 COV (A) 0.51"
Chris Wood,FWD,Nott'm Forest,5.8,1.49,5.27,4.0,"CRY (A) 1.49, ARS (H) 1.45, IPS (A) 1.83, BRE (A) 1.75, MCI (H) 1.67","GW6 CRY (A) 1.49, GW7 ARS (H) 1.45, GW8 IPS (A) 1.83, GW9 BRE (A) 1.75, GW10 MCI (H) 1.67, GW11 BOU (A) 1.8, GW12 CHE (H) 1.91, GW13 HUL (A) 2.01, GW14 BHA (H) 1.82, GW15 SUN (A) 1.88, GW16 EVE (H) 1.91, GW17 MUN (A) 1.78, GW18 NEW (A) 1.85, GW19 FUL (H) 2.07, GW20 HUL (H) 2.02, GW21 MCI (A) 1.7, GW22 BOU (H) 1.82, GW23 CHE (A) 2.01, GW24 BRE (H) 1.85, GW25 FUL (A) 1.97, GW26 MUN (H) 1.74, GW27 EVE (A) 1.97, GW28 NEW (H) 1.82, GW29 TOT (A) 1.93, GW30 AVL (H) 1.96, GW31 LEE (A) 1.92, GW32 LIV (H) 1.8, GW33 SUN (H) 1.84, GW34 BHA (A) 1.81, GW35 CRY (H) 2.17, GW36 ARS (A) 1.73, GW37 IPS (H) 2.05, GW38 COV (A) 2.23"
Igor Jesus Maciel da Cruz,FWD,Nott'm Forest,5.8,3.31,10.01,12.0,"CRY (A) 3.31, ARS (H) 2.82, IPS (A) 3.22, BRE (A) 2.88, MCI (H) 2.88","GW6 CRY (A) 3.31, GW7 ARS (H) 2.82, GW8 IPS (A) 3.22, GW9 BRE (A) 2.88, GW10 MCI (H) 2.88, GW11 BOU (A) 2.73, GW12 CHE (H) 3.15, GW13 HUL (A) 3.08, GW14 BHA (H) 2.69, GW15 SUN (A) 2.97, GW16 EVE (H) 3.02, GW17 MUN (A) 2.74, GW18 NEW (A) 2.85, GW19 FUL (H) 3.14, GW20 HUL (H) 3.07, GW21 MCI (A) 2.59, GW22 BOU (H) 2.61, GW23 CHE (A) 3.1, GW24 BRE (H) 2.66, GW25 FUL (A) 3.0, GW26 MUN (H) 2.74, GW27 EVE (A) 3.0, GW28 NEW (H) 2.86, GW29 TOT (A) 2.92, GW30 AVL (H) 2.75, GW31 LEE (A) 2.93, GW32 LIV (H) 2.93, GW33 SUN (H) 2.95, GW34 BHA (A) 2.63, GW35 CRY (H) 3.24, GW36 ARS (A) 2.31, GW37 IPS (H) 3.1, GW38 COV (A) 3.24"
Arnaud Kalimuendo,FWD,Nott'm Forest,5.4,0.06,0.46,1.0,"CRY (A) 0.06, ARS (H) 0.08, IPS (A) 0.19, BRE (A) 0.23, MCI (H) 0.25","GW6 CRY (A) 0.06, GW7 ARS (H) 0.08, GW8 IPS (A) 0.19, GW9 BRE (A) 0.23, GW10 MCI (H) 0.25, GW11 BOU (A) 0.28, GW12 CHE (H) 0.42, GW13 HUL (A) 0.39, GW14 BHA (H) 0.39, GW15 SUN (A) 0.39, GW16 EVE (H) 0.42, GW17 MUN (A) 0.4, GW18 NEW (A) 0.42, GW19 FUL (H) 0.48, GW20 HUL (H) 0.48, GW21 MCI (A) 0.42, GW22 BOU (H) 0.43, GW23 CHE (A) 0.54, GW24 BRE (H) 0.47, GW25 FUL (A) 0.46, GW26 MUN (H) 0.44, GW27 EVE (A) 0.46, GW28 NEW (H) 0.46, GW29 TOT (A) 0.48, GW30 AVL (H) 0.59, GW31 LEE (A) 0.46, GW32 LIV (H) 0.45, GW33 SUN (H) 0.44, GW34 BHA (A) 0.45, GW35 CRY (H) 0.59, GW36 ARS (A) 0.47, GW37 IPS (H) 0.51, GW38 COV (A) 0.6"
Xaver Schlager,MID,Nott'm Forest,5.0,2.77,8.14,13.0,"CRY (A) 2.77, ARS (H) 2.28, IPS (A) 2.6, BRE (A) 2.34, MCI (H) 2.17","GW6 CRY (A) 2.77, GW7 ARS (H) 2.28, GW8 IPS (A) 2.6, GW9 BRE (A) 2.34, GW10 MCI (H) 2.17, GW11 BOU (A) 2.1, GW12 CHE (H) 2.24, GW13 HUL (A) 2.16, GW14 BHA (H) 2.11, GW15 SUN (A) 2.44, GW16 EVE (H) 2.22, GW17 MUN (A) 1.88, GW18 NEW (A) 2.03, GW19 FUL (H) 2.33, GW20 HUL (H) 2.19, GW21 MCI (A) 1.63, GW22 BOU (H) 2.02, GW23 CHE (A) 2.06, GW24 BRE (H) 2.05, GW25 FUL (A) 2.09, GW26 MUN (H) 1.91, GW27 EVE (A) 2.09, GW28 NEW (H) 2.1, GW29 TOT (A) 2.38, GW30 AVL (H) 2.13, GW31 LEE (A) 1.99, GW32 LIV (H) 2.0, GW33 SUN (H) 2.41, GW34 BHA (A) 1.87, GW35 CRY (H) 2.33, GW36 ARS (A) 1.5, GW37 IPS (H) 2.28, GW38 COV (A) 2.37"
Ousmane Diomande,DEF,Nott'm Forest,5.4,2.2,6.56,7.0,"CRY (A) 2.2, ARS (H) 1.98, IPS (A) 2.05, BRE (A) 1.86, MCI (H) 1.72","GW6 CRY (A) 2.2, GW7 ARS (H) 1.98, GW8 IPS (A) 2.05, GW9 BRE (A) 1.86, GW10 MCI (H) 1.72, GW11 BOU (A) 1.71, GW12 CHE (H) 1.89, GW13 HUL (A) 1.78, GW14 BHA (H) 1.77, GW15 SUN (A) 1.87, GW16 EVE (H) 1.83, GW17 MUN (A) 1.63, GW18 NEW (A) 1.71, GW19 FUL (H) 1.87, GW20 HUL (H) 1.83, GW21 MCI (A) 1.62, GW22 BOU (H) 1.73, GW23 CHE (A) 1.84, GW24 BRE (H) 1.77, GW25 FUL (A) 1.78, GW26 MUN (H) 1.65, GW27 EVE (A) 1.78, GW28 NEW (H) 1.74, GW29 TOT (A) 1.88, GW30 AVL (H) 1.85, GW31 LEE (A) 1.7, GW32 LIV (H) 1.72, GW33 SUN (H) 1.86, GW34 BHA (A) 1.68, GW35 CRY (H) 1.93, GW36 ARS (A) 1.61, GW37 IPS (H) 1.96, GW38 COV (A) 2.02"
Steven Benda,GK,Nott'm Forest,4.5,0.02,0.13,0.0,"CRY (A) 0.02, ARS (H) 0.05, IPS (A) 0.04, BRE (A) 0.04, MCI (H) 0.07","GW6 CRY (A) 0.02, GW7 ARS (H) 0.05, GW8 IPS (A) 0.04, GW9 BRE (A) 0.04, GW10 MCI (H) 0.07, GW11 BOU (A) 0.06, GW12 CHE (H) 0.15, GW13 HUL (A) 0.09, GW14 BHA (H) 0.1, GW15 SUN (A) 0.08, GW16 EVE (H) 0.1, GW17 MUN (A) 0.06, GW18 NEW (A) 0.06, GW19 FUL (H) 0.13, GW20 HUL (H) 0.13, GW21 MCI (A) 0.06, GW22 BOU (H) 0.1, GW23 CHE (A) 0.14, GW24 BRE (H) 0.11, GW25 FUL (A) 0.08, GW26 MUN (H) 0.09, GW27 EVE (A) 0.08, GW28 NEW (H) 0.1, GW29 TOT (A) 0.1, GW30 AVL (H) 0.16, GW31 LEE (A) 0.07, GW32 LIV (H) 0.1, GW33 SUN (H) 0.09, GW34 BHA (A) 0.08, GW35 CRY (H) 0.18, GW36 ARS (A) 0.11, GW37 IPS (H) 0.13, GW38 COV (A) 0.17"
Jan Paul van Hecke,DEF,Spurs,4.9,5.46,18.31,24.0,"MUN (A) 5.46, COV (H) 5.96, CHE (A) 5.52, CRY (H) 5.62, LEE (A) 4.74","GW6 MUN (A) 5.46, GW7 COV (H) 5.96, GW8 CHE (A) 5.52, GW9 CRY (H) 5.62, GW10 LEE (A) 4.74, GW11 IPS (H) 5.4, GW12 SUN (A) 5.46, GW13 FUL (H) 5.07, GW14 ARS (H) 3.53, GW15 HUL (A) 4.61, GW16 LIV (A) 4.07, GW17 BOU (H) 4.07, GW18 BHA (H) 4.36, GW19 MCI (A) 3.19, GW20 FUL (A) 4.78, GW21 LEE (H) 4.43, GW22 CRY (A) 5.19, GW23 SUN (H) 5.32, GW24 IPS (A) 4.94, GW25 MCI (H) 3.76, GW26 BHA (A) 3.93, GW27 LIV (H) 4.19, GW28 BOU (A) 3.88, GW29 NFO (H) 4.48, GW30 EVE (A) 4.78, GW31 BRE (H) 4.34, GW32 NEW (A) 4.09, GW33 HUL (H) 4.8, GW34 ARS (A) 2.95, GW35 CHE (H) 5.26, GW36 COV (A) 5.21, GW37 MUN (H) 3.76, GW38 AVL (A) 4.12"
Tosin Adarabioyo,DEF,Spurs,4.4,0.48,2.25,1.0,"MUN (A) 0.48, COV (H) 0.7, CHE (A) 0.73, CRY (H) 0.84, LEE (A) 0.75","GW6 MUN (A) 0.48, GW7 COV (H) 0.7, GW8 CHE (A) 0.73, GW9 CRY (H) 0.84, GW10 LEE (A) 0.75, GW11 IPS (H) 0.86, GW12 SUN (A) 0.82, GW13 FUL (H) 0.91, GW14 ARS (H) 0.9, GW15 HUL (A) 0.88, GW16 LIV (A) 0.84, GW17 BOU (H) 0.89, GW18 BHA (H) 0.92, GW19 MCI (A) 0.82, GW20 FUL (A) 0.89, GW21 LEE (H) 0.93, GW22 CRY (A) 0.98, GW23 SUN (H) 0.92, GW24 IPS (A) 0.91, GW25 MCI (H) 0.9, GW26 BHA (A) 0.87, GW27 LIV (H) 0.92, GW28 BOU (A) 0.86, GW29 NFO (H) 0.91, GW30 EVE (A) 0.9, GW31 BRE (H) 0.94, GW32 NEW (A) 0.86, GW33 HUL (H) 0.97, GW34 ARS (A) 0.89, GW35 CHE (H) 1.05, GW36 COV (A) 1.03, GW37 MUN (H) 0.9, GW38 AVL (A) 1.0"
Omar Marmoush,FWD,Spurs,7.0,2.43,8.35,8.0,"MUN (A) 2.43, COV (H) 2.74, CHE (A) 2.33, CRY (H) 2.69, LEE (A) 2.26","GW6 MUN (A) 2.43, GW7 COV (H) 2.74, GW8 CHE (A) 2.33, GW9 CRY (H) 2.69, GW10 LEE (A) 2.26, GW11 IPS (H) 2.39, GW12 SUN (A) 2.41, GW13 FUL (H) 2.5, GW14 ARS (H) 1.8, GW15 HUL (A) 2.35, GW16 LIV (A) 2.14, GW17 BOU (H) 2.05, GW18 BHA (H) 2.11, GW19 MCI (A) 1.94, GW20 FUL (A) 2.34, GW21 LEE (H) 2.35, GW22 CRY (A) 2.54, GW23 SUN (H) 2.44, GW24 IPS (A) 2.4, GW25 MCI (H) 2.1, GW26 BHA (A) 1.9, GW27 LIV (H) 2.19, GW28 BOU (A) 1.97, GW29 NFO (H) 2.26, GW30 EVE (A) 2.35, GW31 BRE (H) 2.08, GW32 NEW (A) 2.18, GW33 HUL (H) 2.46, GW34 ARS (A) 1.7, GW35 CHE (H) 2.29, GW36 COV (A) 2.7, GW37 MUN (H) 2.1, GW38 AVL (A) 2.09"
Sávio Moreira de Oliveira,MID,Spurs,6.5,2.8,9.09,8.0,"MUN (A) 2.8, COV (H) 2.96, CHE (A) 2.59, CRY (H) 2.71, LEE (A) 2.49","GW6 MUN (A) 2.8, GW7 COV (H) 2.96, GW8 CHE (A) 2.59, GW9 CRY (H) 2.71, GW10 LEE (A) 2.49, GW11 IPS (H) 2.53, GW12 SUN (A) 2.85, GW13 FUL (H) 2.52, GW14 ARS (H) 2.15, GW15 HUL (A) 2.39, GW16 LIV (A) 2.34, GW17 BOU (H) 2.15, GW18 BHA (H) 2.26, GW19 MCI (A) 1.86, GW20 FUL (A) 2.42, GW21 LEE (H) 2.48, GW22 CRY (A) 2.49, GW23 SUN (H) 2.84, GW24 IPS (A) 2.39, GW25 MCI (H) 2.24, GW26 BHA (A) 2.09, GW27 LIV (H) 2.37, GW28 BOU (A) 2.04, GW29 NFO (H) 2.46, GW30 EVE (A) 2.41, GW31 BRE (H) 2.24, GW32 NEW (A) 2.37, GW33 HUL (H) 2.45, GW34 ARS (A) 1.73, GW35 CHE (H) 2.46, GW36 COV (A) 2.52, GW37 MUN (H) 2.24, GW38 AVL (A) 2.23"
Sandro Tonali,MID,Spurs,5.3,3.13,10.19,14.0,"MUN (A) 3.13, COV (H) 3.2, CHE (A) 2.98, CRY (H) 3.04, LEE (A) 2.97","GW6 MUN (A) 3.13, GW7 COV (H) 3.2, GW8 CHE (A) 2.98, GW9 CRY (H) 3.04, GW10 LEE (A) 2.97, GW11 IPS (H) 2.94, GW12 SUN (A) 3.44, GW13 FUL (H) 2.92, GW14 ARS (H) 2.13, GW15 HUL (A) 2.83, GW16 LIV (A) 2.73, GW17 BOU (H) 2.42, GW18 BHA (H) 2.5, GW19 MCI (A) 2.31, GW20 FUL (A) 2.87, GW21 LEE (H) 2.86, GW22 CRY (A) 2.78, GW23 SUN (H) 3.4, GW24 IPS (A) 2.82, GW25 MCI (H) 2.54, GW26 BHA (A) 2.33, GW27 LIV (H) 2.72, GW28 BOU (A) 2.37, GW29 NFO (H) 2.75, GW30 EVE (A) 2.83, GW31 BRE (H) 2.43, GW32 NEW (A) 2.73, GW33 HUL (H) 2.81, GW34 ARS (A) 1.85, GW35 CHE (H) 2.68, GW36 COV (A) 2.77, GW37 MUN (H) 2.53, GW38 AVL (A) 2.5"
Guglielmo Vicario,GK,Spurs,4.5,-0.0,0.49,0.0,"MUN (A) -0.0, COV (H) 0.18, CHE (A) 0.13, CRY (H) 0.28, LEE (A) 0.18","GW6 MUN (A) -0.0, GW7 COV (H) 0.18, GW8 CHE (A) 0.13, GW9 CRY (H) 0.28, GW10 LEE (A) 0.18, GW11 IPS (H) 0.3, GW12 SUN (A) 0.26, GW13 FUL (H) 0.34, GW14 ARS (H) 0.27, GW15 HUL (A) 0.31, GW16 LIV (A) 0.21, GW17 BOU (H) 0.27, GW18 BHA (H) 0.28, GW19 MCI (A) 0.18, GW20 FUL (A) 0.25, GW21 LEE (H) 0.26, GW22 CRY (A) 0.3, GW23 SUN (H) 0.29, GW24 IPS (A) 0.34, GW25 MCI (H) 0.22, GW26 BHA (A) 0.24, GW27 LIV (H) 0.25, GW28 BOU (A) 0.25, GW29 NFO (H) 0.24, GW30 EVE (A) 0.26, GW31 BRE (H) 0.29, GW32 NEW (A) 0.22, GW33 HUL (H) 0.35, GW34 ARS (A) 0.26, GW35 CHE (H) 0.33, GW36 COV (A) 0.42, GW37 MUN (H) 0.22, GW38 AVL (A) 0.35"
Brandon Austin,GK,Spurs,4.0,-0.08,0.07,0.0,"MUN (A) -0.08, COV (H) 0.08, CHE (A) 0.04, CRY (H) 0.1, LEE (A) -0.06","GW6 MUN (A) -0.08, GW7 COV (H) 0.08, GW8 CHE (A) 0.04, GW9 CRY (H) 0.1, GW10 LEE (A) -0.06, GW11 IPS (H) 0.02, GW12 SUN (A) -0.04, GW13 FUL (H) 0.1, GW14 ARS (H) -0.01, GW15 HUL (A) -0.01, GW16 LIV (A) -0.07, GW17 BOU (H) -0.04, GW18 BHA (H) -0.03, GW19 MCI (A) -0.09, GW20 FUL (A) 0.03, GW21 LEE (H) -0.06, GW22 CRY (A) 0.08, GW23 SUN (H) -0.05, GW24 IPS (A) 0.01, GW25 MCI (H) -0.08, GW26 BHA (A) -0.05, GW27 LIV (H) -0.06, GW28 BOU (A) -0.05, GW29 NFO (H) -0.06, GW30 EVE (A) 0.03, GW31 BRE (H) -0.03, GW32 NEW (A) -0.07, GW33 HUL (H) 0.01, GW34 ARS (A) -0.02, GW35 CHE (H) 0.11, GW36 COV (A) 0.17, GW37 MUN (H) -0.08, GW38 AVL (A) 0.03"
Antonín Kinský,GK,Spurs,4.5,4.91,15.79,18.0,"MUN (A) 4.91, COV (H) 5.04, CHE (A) 4.26, CRY (H) 5.01, LEE (A) 4.3","GW6 MUN (A) 4.91, GW7 COV (H) 5.04, GW8 CHE (A) 4.26, GW9 CRY (H) 5.01, GW10 LEE (A) 4.3, GW11 IPS (H) 4.89, GW12 SUN (A) 5.31, GW13 FUL (H) 5.04, GW14 ARS (H) 3.08, GW15 HUL (A) 4.55, GW16 LIV (A) 3.83, GW17 BOU (H) 3.79, GW18 BHA (H) 4.0, GW19 MCI (A) 2.91, GW20 FUL (A) 4.34, GW21 LEE (H) 4.44, GW22 CRY (A) 4.13, GW23 SUN (H) 5.56, GW24 IPS (A) 4.55, GW25 MCI (H) 3.85, GW26 BHA (A) 3.48, GW27 LIV (H) 4.09, GW28 BOU (A) 3.75, GW29 NFO (H) 4.91, GW30 EVE (A) 4.34, GW31 BRE (H) 3.97, GW32 NEW (A) 4.06, GW33 HUL (H) 4.87, GW34 ARS (A) 2.46, GW35 CHE (H) 3.99, GW36 COV (A) 4.61, GW37 MUN (H) 3.85, GW38 AVL (A) 4.1"
Martin Dubravka,GK,Spurs,4.0,-0.07,0.67,0.0,"MUN (A) -0.07, COV (H) 0.14, CHE (A) 0.15, CRY (H) 0.55, LEE (A) 0.43","GW6 MUN (A) -0.07, GW7 COV (H) 0.14, GW8 CHE (A) 0.15, GW9 CRY (H) 0.55, GW10 LEE (A) 0.43, GW11 IPS (H) 0.95, GW12 SUN (A) 0.97, GW13 FUL (H) 1.21, GW14 ARS (H) 0.85, GW15 HUL (A) 0.89, GW16 LIV (A) 0.88, GW17 BOU (H) 0.83, GW18 BHA (H) 0.9, GW19 MCI (A) 0.77, GW20 FUL (A) 1.04, GW21 LEE (H) 1.28, GW22 CRY (A) 1.01, GW23 SUN (H) 1.48, GW24 IPS (A) 0.98, GW25 MCI (H) 1.2, GW26 BHA (A) 0.73, GW27 LIV (H) 1.27, GW28 BOU (A) 0.83, GW29 NFO (H) 1.24, GW30 EVE (A) 1.07, GW31 BRE (H) 0.91, GW32 NEW (A) 0.91, GW33 HUL (H) 1.31, GW34 ARS (A) 0.83, GW35 CHE (H) 1.14, GW36 COV (A) 0.97, GW37 MUN (H) 1.21, GW38 AVL (A) 0.99"
Marcos Senesi Barón,DEF,Spurs,5.8,0.31,2.49,3.0,"MUN (A) 0.31, COV (H) 0.69, CHE (A) 0.71, CRY (H) 1.27, LEE (A) 1.07","GW6 MUN (A) 0.31, GW7 COV (H) 0.69, GW8 CHE (A) 0.71, GW9 CRY (H) 1.27, GW10 LEE (A) 1.07, GW11 IPS (H) 1.6, GW12 SUN (A) 1.65, GW13 FUL (H) 1.77, GW14 ARS (H) 1.1, GW15 HUL (A) 1.62, GW16 LIV (A) 1.4, GW17 BOU (H) 1.19, GW18 BHA (H) 1.29, GW19 MCI (A) 1.25, GW20 FUL (A) 1.51, GW21 LEE (H) 1.75, GW22 CRY (A) 1.47, GW23 SUN (H) 2.16, GW24 IPS (A) 1.79, GW25 MCI (H) 1.71, GW26 BHA (A) 1.22, GW27 LIV (H) 1.73, GW28 BOU (A) 1.31, GW29 NFO (H) 1.76, GW30 EVE (A) 1.55, GW31 BRE (H) 1.32, GW32 NEW (A) 1.53, GW33 HUL (H) 2.02, GW34 ARS (A) 1.21, GW35 CHE (H) 1.56, GW36 COV (A) 1.76, GW37 MUN (H) 1.73, GW38 AVL (A) 1.45"
Pedro Porro Sauceda,DEF,Spurs,5.4,2.55,9.06,9.0,"MUN (A) 2.55, COV (H) 2.84, CHE (A) 2.62, CRY (H) 2.99, LEE (A) 2.72","GW6 MUN (A) 2.55, GW7 COV (H) 2.84, GW8 CHE (A) 2.62, GW9 CRY (H) 2.99, GW10 LEE (A) 2.72, GW11 IPS (H) 3.06, GW12 SUN (A) 3.06, GW13 FUL (H) 3.19, GW14 ARS (H) 2.26, GW15 HUL (A) 2.98, GW16 LIV (A) 2.81, GW17 BOU (H) 2.47, GW18 BHA (H) 2.63, GW19 MCI (A) 2.53, GW20 FUL (A) 2.95, GW21 LEE (H) 3.11, GW22 CRY (A) 2.9, GW23 SUN (H) 3.42, GW24 IPS (A) 3.04, GW25 MCI (H) 3.04, GW26 BHA (A) 2.52, GW27 LIV (H) 3.08, GW28 BOU (A) 2.54, GW29 NFO (H) 2.92, GW30 EVE (A) 2.97, GW31 BRE (H) 2.54, GW32 NEW (A) 2.86, GW33 HUL (H) 3.28, GW34 ARS (A) 2.23, GW35 CHE (H) 2.98, GW36 COV (A) 3.06, GW37 MUN (H) 3.05, GW38 AVL (A) 2.76"
Cristian Romero,DEF,Spurs,5.0,0.16,0.92,0.0,"MUN (A) 0.16, COV (H) 0.31, CHE (A) 0.27, CRY (H) 0.39, LEE (A) 0.29","GW6 MUN (A) 0.16, GW7 COV (H) 0.31, GW8 CHE (A) 0.27, GW9 CRY (H) 0.39, GW10 LEE (A) 0.29, GW11 IPS (H) 0.4, GW12 SUN (A) 0.34, GW13 FUL (H) 0.4, GW14 ARS (H) 0.32, GW15 HUL (A) 0.37, GW16 LIV (A) 0.26, GW17 BOU (H) 0.3, GW18 BHA (H) 0.3, GW19 MCI (A) 0.22, GW20 FUL (A) 0.28, GW21 LEE (H) 0.29, GW22 CRY (A) 0.33, GW23 SUN (H) 0.31, GW24 IPS (A) 0.37, GW25 MCI (H) 0.24, GW26 BHA (A) 0.26, GW27 LIV (H) 0.26, GW28 BOU (A) 0.27, GW29 NFO (H) 0.26, GW30 EVE (A) 0.27, GW31 BRE (H) 0.29, GW32 NEW (A) 0.24, GW33 HUL (H) 0.37, GW34 ARS (A) 0.27, GW35 CHE (H) 0.34, GW36 COV (A) 0.44, GW37 MUN (H) 0.24, GW38 AVL (A) 0.36"
Andrew Robertson,DEF,Spurs,4.4,3.39,11.22,17.0,"MUN (A) 3.39, COV (H) 3.67, CHE (A) 3.34, CRY (H) 3.35, LEE (A) 2.98","GW6 MUN (A) 3.39, GW7 COV (H) 3.67, GW8 CHE (A) 3.34, GW9 CRY (H) 3.35, GW10 LEE (A) 2.98, GW11 IPS (H) 2.97, GW12 SUN (A) 3.39, GW13 FUL (H) 2.83, GW14 ARS (H) 2.09, GW15 HUL (A) 2.7, GW16 LIV (A) 2.51, GW17 BOU (H) 2.32, GW18 BHA (H) 2.55, GW19 MCI (A) 1.84, GW20 FUL (A) 2.67, GW21 LEE (H) 2.65, GW22 CRY (A) 2.78, GW23 SUN (H) 3.16, GW24 IPS (A) 2.58, GW25 MCI (H) 2.25, GW26 BHA (A) 2.3, GW27 LIV (H) 2.46, GW28 BOU (A) 2.23, GW29 NFO (H) 2.5, GW30 EVE (A) 2.64, GW31 BRE (H) 2.5, GW32 NEW (A) 2.43, GW33 HUL (H) 2.66, GW34 ARS (A) 1.56, GW35 CHE (H) 2.68, GW36 COV (A) 2.79, GW37 MUN (H) 2.24, GW38 AVL (A) 2.46"
Micky van de Ven,DEF,Spurs,5.0,5.12,15.56,16.0,"MUN (A) 5.12, COV (H) 4.88, CHE (A) 4.39, CRY (H) 4.55, LEE (A) 4.23","GW6 MUN (A) 5.12, GW7 COV (H) 4.88, GW8 CHE (A) 4.39, GW9 CRY (H) 4.55, GW10 LEE (A) 4.23, GW11 IPS (H) 4.24, GW12 SUN (A) 4.75, GW13 FUL (H) 3.98, GW14 ARS (H) 2.5, GW15 HUL (A) 3.61, GW16 LIV (A) 3.29, GW17 BOU (H) 3.14, GW18 BHA (H) 3.33, GW19 MCI (A) 2.5, GW20 FUL (A) 3.54, GW21 LEE (H) 3.54, GW22 CRY (A) 3.5, GW23 SUN (H) 4.38, GW24 IPS (A) 3.48, GW25 MCI (H) 3.06, GW26 BHA (A) 2.94, GW27 LIV (H) 3.26, GW28 BOU (A) 2.98, GW29 NFO (H) 3.57, GW30 EVE (A) 3.5, GW31 BRE (H) 3.26, GW32 NEW (A) 3.33, GW33 HUL (H) 3.6, GW34 ARS (A) 1.83, GW35 CHE (H) 3.36, GW36 COV (A) 3.55, GW37 MUN (H) 3.05, GW38 AVL (A) 3.25"
Djed Spence,DEF,Spurs,4.5,0.18,1.13,0.0,"MUN (A) 0.18, COV (H) 0.37, CHE (A) 0.34, CRY (H) 0.49, LEE (A) 0.39","GW6 MUN (A) 0.18, GW7 COV (H) 0.37, GW8 CHE (A) 0.34, GW9 CRY (H) 0.49, GW10 LEE (A) 0.39, GW11 IPS (H) 0.5, GW12 SUN (A) 0.46, GW13 FUL (H) 0.52, GW14 ARS (H) 0.43, GW15 HUL (A) 0.49, GW16 LIV (A) 0.37, GW17 BOU (H) 0.43, GW18 BHA (H) 0.44, GW19 MCI (A) 0.33, GW20 FUL (A) 0.42, GW21 LEE (H) 0.42, GW22 CRY (A) 0.47, GW23 SUN (H) 0.44, GW24 IPS (A) 0.5, GW25 MCI (H) 0.36, GW26 BHA (A) 0.38, GW27 LIV (H) 0.38, GW28 BOU (A) 0.41, GW29 NFO (H) 0.4, GW30 EVE (A) 0.42, GW31 BRE (H) 0.44, GW32 NEW (A) 0.38, GW33 HUL (H) 0.5, GW34 ARS (A) 0.39, GW35 CHE (H) 0.46, GW36 COV (A) 0.58, GW37 MUN (H) 0.35, GW38 AVL (A) 0.51"
Destiny Udogie,DEF,Spurs,4.4,1.66,6.0,7.0,"MUN (A) 1.66, COV (H) 1.9, CHE (A) 1.86, CRY (H) 1.92, LEE (A) 1.74","GW6 MUN (A) 1.66, GW7 COV (H) 1.9, GW8 CHE (A) 1.86, GW9 CRY (H) 1.92, GW10 LEE (A) 1.74, GW11 IPS (H) 1.82, GW12 SUN (A) 1.75, GW13 FUL (H) 1.84, GW14 ARS (H) 1.7, GW15 HUL (A) 1.76, GW16 LIV (A) 1.65, GW17 BOU (H) 1.66, GW18 BHA (H) 1.68, GW19 MCI (A) 1.58, GW20 FUL (A) 1.71, GW21 LEE (H) 1.68, GW22 CRY (A) 1.79, GW23 SUN (H) 1.68, GW24 IPS (A) 1.75, GW25 MCI (H) 1.59, GW26 BHA (A) 1.61, GW27 LIV (H) 1.63, GW28 BOU (A) 1.62, GW29 NFO (H) 1.82, GW30 EVE (A) 1.7, GW31 BRE (H) 1.67, GW32 NEW (A) 1.61, GW33 HUL (H) 1.74, GW34 ARS (A) 1.62, GW35 CHE (H) 1.78, GW36 COV (A) 1.89, GW37 MUN (H) 1.59, GW38 AVL (A) 1.76"
Ashley Phillips,DEF,Spurs,4.5,0.05,0.35,0.0,"MUN (A) 0.05, COV (H) 0.13, CHE (A) 0.11, CRY (H) 0.15, LEE (A) 0.09","GW6 MUN (A) 0.05, GW7 COV (H) 0.13, GW8 CHE (A) 0.11, GW9 CRY (H) 0.15, GW10 LEE (A) 0.09, GW11 IPS (H) 0.13, GW12 SUN (A) 0.08, GW13 FUL (H) 0.12, GW14 ARS (H) 0.1, GW15 HUL (A) 0.11, GW16 LIV (A) 0.05, GW17 BOU (H) 0.07, GW18 BHA (H) 0.07, GW19 MCI (A) 0.03, GW20 FUL (A) 0.06, GW21 LEE (H) 0.06, GW22 CRY (A) 0.1, GW23 SUN (H) 0.03, GW24 IPS (A) 0.09, GW25 MCI (H) 0.04, GW26 BHA (A) 0.04, GW27 LIV (H) 0.04, GW28 BOU (A) 0.05, GW29 NFO (H) 0.06, GW30 EVE (A) 0.06, GW31 BRE (H) 0.06, GW32 NEW (A) 0.05, GW33 HUL (H) 0.1, GW34 ARS (A) 0.06, GW35 CHE (H) 0.11, GW36 COV (A) 0.15, GW37 MUN (H) 0.04, GW38 AVL (A) 0.14"
Ben Davies,DEF,Spurs,3.9,0.08,0.67,0.0,"MUN (A) 0.08, COV (H) 0.23, CHE (A) 0.2, CRY (H) 0.32, LEE (A) 0.21","GW6 MUN (A) 0.08, GW7 COV (H) 0.23, GW8 CHE (A) 0.2, GW9 CRY (H) 0.32, GW10 LEE (A) 0.21, GW11 IPS (H) 0.31, GW12 SUN (A) 0.24, GW13 FUL (H) 0.31, GW14 ARS (H) 0.19, GW15 HUL (A) 0.27, GW16 LIV (A) 0.16, GW17 BOU (H) 0.19, GW18 BHA (H) 0.19, GW19 MCI (A) 0.11, GW20 FUL (A) 0.18, GW21 LEE (H) 0.18, GW22 CRY (A) 0.23, GW23 SUN (H) 0.19, GW24 IPS (A) 0.26, GW25 MCI (H) 0.13, GW26 BHA (A) 0.15, GW27 LIV (H) 0.15, GW28 BOU (A) 0.16, GW29 NFO (H) 0.15, GW30 EVE (A) 0.17, GW31 BRE (H) 0.18, GW32 NEW (A) 0.14, GW33 HUL (H) 0.26, GW34 ARS (A) 0.13, GW35 CHE (H) 0.24, GW36 COV (A) 0.34, GW37 MUN (H) 0.13, GW38 AVL (A) 0.25"
Jun'ai Byfield,DEF,Spurs,4.0,-0.04,0.07,0.0,"MUN (A) -0.04, COV (H) 0.05, CHE (A) 0.02, CRY (H) 0.07, LEE (A) -0.01","GW6 MUN (A) -0.04, GW7 COV (H) 0.05, GW8 CHE (A) 0.02, GW9 CRY (H) 0.07, GW10 LEE (A) -0.01, GW11 IPS (H) 0.06, GW12 SUN (A) 0.01, GW13 FUL (H) 0.08, GW14 ARS (H) 0.07, GW15 HUL (A) 0.04, GW16 LIV (A) -0.01, GW17 BOU (H) 0.02, GW18 BHA (H) 0.02, GW19 MCI (A) -0.0, GW20 FUL (A) 0.02, GW21 LEE (H) 0.03, GW22 CRY (A) 0.06, GW23 SUN (H) 0.02, GW24 IPS (A) 0.04, GW25 MCI (H) 0.03, GW26 BHA (A) -0.01, GW27 LIV (H) 0.03, GW28 BOU (A) -0.02, GW29 NFO (H) 0.03, GW30 EVE (A) 0.02, GW31 BRE (H) 0.02, GW32 NEW (A) -0.0, GW33 HUL (H) 0.07, GW34 ARS (A) 0.05, GW35 CHE (H) 0.11, GW36 COV (A) 0.12, GW37 MUN (H) 0.03, GW38 AVL (A) 0.06"
James Rowswell,DEF,Spurs,4.0,-0.02,0.19,0.0,"MUN (A) -0.02, COV (H) 0.09, CHE (A) 0.06, CRY (H) 0.11, LEE (A) 0.05","GW6 MUN (A) -0.02, GW7 COV (H) 0.09, GW8 CHE (A) 0.06, GW9 CRY (H) 0.11, GW10 LEE (A) 0.05, GW11 IPS (H) 0.11, GW12 SUN (A) 0.05, GW13 FUL (H) 0.13, GW14 ARS (H) 0.1, GW15 HUL (A) 0.1, GW16 LIV (A) 0.06, GW17 BOU (H) 0.08, GW18 BHA (H) 0.08, GW19 MCI (A) 0.04, GW20 FUL (A) 0.07, GW21 LEE (H) 0.1, GW22 CRY (A) 0.11, GW23 SUN (H) 0.06, GW24 IPS (A) 0.11, GW25 MCI (H) 0.07, GW26 BHA (A) 0.05, GW27 LIV (H) 0.09, GW28 BOU (A) 0.05, GW29 NFO (H) 0.08, GW30 EVE (A) 0.08, GW31 BRE (H) 0.09, GW32 NEW (A) 0.04, GW33 HUL (H) 0.14, GW34 ARS (A) 0.08, GW35 CHE (H) 0.16, GW36 COV (A) 0.17, GW37 MUN (H) 0.07, GW38 AVL (A) 0.1"
João Victor de Souza Menezes,DEF,Spurs,4.0,-0.09,0.6,0.0,"MUN (A) -0.09, COV (H) 0.12, CHE (A) 0.05, CRY (H) 0.8, LEE (A) 0.09","GW6 MUN (A) -0.09, GW7 COV (H) 0.12, GW8 CHE (A) 0.05, GW9 CRY (H) 0.8, GW10 LEE (A) 0.09, GW11 IPS (H) 0.89, GW12 SUN (A) 0.14, GW13 FUL (H) 0.96, GW14 ARS (H) 0.17, GW15 HUL (A) 0.96, GW16 LIV (A) 0.1, GW17 BOU (H) 0.16, GW18 BHA (H) 0.17, GW19 MCI (A) 0.07, GW20 FUL (A) 0.14, GW21 LEE (H) 0.16, GW22 CRY (A) 0.19, GW23 SUN (H) 0.18, GW24 IPS (A) 1.02, GW25 MCI (H) 0.12, GW26 BHA (A) 0.11, GW27 LIV (H) 0.15, GW28 BOU (A) 0.13, GW29 NFO (H) 0.14, GW30 EVE (A) 0.14, GW31 BRE (H) 0.17, GW32 NEW (A) 0.11, GW33 HUL (H) 1.07, GW34 ARS (A) 0.13, GW35 CHE (H) 0.24, GW36 COV (A) 1.11, GW37 MUN (H) 0.12, GW38 AVL (A) 0.22"
Mohammed Kudus,MID,Spurs,6.5,2.03,6.99,7.0,"MUN (A) 2.03, COV (H) 2.35, CHE (A) 2.05, CRY (H) 2.17, LEE (A) 1.77","GW6 MUN (A) 2.03, GW7 COV (H) 2.35, GW8 CHE (A) 2.05, GW9 CRY (H) 2.17, GW10 LEE (A) 1.77, GW11 IPS (H) 1.75, GW12 SUN (A) 1.78, GW13 FUL (H) 1.77, GW14 ARS (H) 1.7, GW15 HUL (A) 1.64, GW16 LIV (A) 1.58, GW17 BOU (H) 1.52, GW18 BHA (H) 1.57, GW19 MCI (A) 1.46, GW20 FUL (A) 1.66, GW21 LEE (H) 1.64, GW22 CRY (A) 1.89, GW23 SUN (H) 1.74, GW24 IPS (A) 1.61, GW25 MCI (H) 1.48, GW26 BHA (A) 1.44, GW27 LIV (H) 1.57, GW28 BOU (A) 1.43, GW29 NFO (H) 1.53, GW30 EVE (A) 1.64, GW31 BRE (H) 1.54, GW32 NEW (A) 1.48, GW33 HUL (H) 1.62, GW34 ARS (A) 1.65, GW35 CHE (H) 1.76, GW36 COV (A) 1.96, GW37 MUN (H) 1.47, GW38 AVL (A) 1.67"
Xavi Simons,MID,Spurs,5.9,-0.08,0.15,0.0,"MUN (A) -0.08, COV (H) 0.06, CHE (A) 0.05, CRY (H) 0.14, LEE (A) 0.11","GW6 MUN (A) -0.08, GW7 COV (H) 0.06, GW8 CHE (A) 0.05, GW9 CRY (H) 0.14, GW10 LEE (A) 0.11, GW11 IPS (H) 0.2, GW12 SUN (A) 0.26, GW13 FUL (H) 0.23, GW14 ARS (H) 0.25, GW15 HUL (A) 0.21, GW16 LIV (A) 0.19, GW17 BOU (H) 0.27, GW18 BHA (H) 0.28, GW19 MCI (A) 0.17, GW20 FUL (A) 0.23, GW21 LEE (H) 0.28, GW22 CRY (A) 0.29, GW23 SUN (H) 0.37, GW24 IPS (A) 0.28, GW25 MCI (H) 0.24, GW26 BHA (A) 0.25, GW27 LIV (H) 0.27, GW28 BOU (A) 0.26, GW29 NFO (H) 0.26, GW30 EVE (A) 0.25, GW31 BRE (H) 0.31, GW32 NEW (A) 0.22, GW33 HUL (H) 0.3, GW34 ARS (A) 0.26, GW35 CHE (H) 0.34, GW36 COV (A) 0.35, GW37 MUN (H) 0.24, GW38 AVL (A) 0.36"
Mathys Tel,MID,Spurs,5.7,1.23,5.09,8.0,"MUN (A) 1.23, COV (H) 1.58, CHE (A) 1.58, CRY (H) 1.79, LEE (A) 1.65","GW6 MUN (A) 1.23, GW7 COV (H) 1.58, GW8 CHE (A) 1.58, GW9 CRY (H) 1.79, GW10 LEE (A) 1.65, GW11 IPS (H) 1.82, GW12 SUN (A) 1.88, GW13 FUL (H) 1.92, GW14 ARS (H) 1.71, GW15 HUL (A) 1.9, GW16 LIV (A) 1.71, GW17 BOU (H) 1.81, GW18 BHA (H) 1.85, GW19 MCI (A) 1.65, GW20 FUL (A) 1.89, GW21 LEE (H) 1.88, GW22 CRY (A) 1.98, GW23 SUN (H) 2.02, GW24 IPS (A) 2.0, GW25 MCI (H) 1.72, GW26 BHA (A) 1.74, GW27 LIV (H) 1.78, GW28 BOU (A) 1.83, GW29 NFO (H) 1.85, GW30 EVE (A) 1.91, GW31 BRE (H) 1.88, GW32 NEW (A) 1.83, GW33 HUL (H) 2.0, GW34 ARS (A) 1.74, GW35 CHE (H) 1.92, GW36 COV (A) 2.14, GW37 MUN (H) 1.73, GW38 AVL (A) 1.94"
James Maddison,MID,Spurs,6.3,1.05,4.5,3.0,"MUN (A) 1.05, COV (H) 1.36, CHE (A) 1.46, CRY (H) 1.6, LEE (A) 1.52","GW6 MUN (A) 1.05, GW7 COV (H) 1.36, GW8 CHE (A) 1.46, GW9 CRY (H) 1.6, GW10 LEE (A) 1.52, GW11 IPS (H) 1.64, GW12 SUN (A) 1.75, GW13 FUL (H) 1.73, GW14 ARS (H) 1.81, GW15 HUL (A) 1.71, GW16 LIV (A) 1.66, GW17 BOU (H) 1.7, GW18 BHA (H) 1.74, GW19 MCI (A) 1.56, GW20 FUL (A) 1.77, GW21 LEE (H) 1.75, GW22 CRY (A) 1.86, GW23 SUN (H) 1.88, GW24 IPS (A) 1.8, GW25 MCI (H) 1.67, GW26 BHA (A) 1.72, GW27 LIV (H) 1.73, GW28 BOU (A) 1.73, GW29 NFO (H) 1.74, GW30 EVE (A) 1.79, GW31 BRE (H) 1.78, GW32 NEW (A) 1.72, GW33 HUL (H) 1.8, GW34 ARS (A) 1.82, GW35 CHE (H) 1.87, GW36 COV (A) 1.94, GW37 MUN (H) 1.7, GW38 AVL (A) 1.87"
Rodrigo Bentancur,MID,Spurs,5.5,3.17,10.3,15.0,"MUN (A) 3.17, COV (H) 3.31, CHE (A) 3.0, CRY (H) 3.08, LEE (A) 2.82","GW6 MUN (A) 3.17, GW7 COV (H) 3.31, GW8 CHE (A) 3.0, GW9 CRY (H) 3.08, GW10 LEE (A) 2.82, GW11 IPS (H) 2.9, GW12 SUN (A) 3.51, GW13 FUL (H) 2.78, GW14 ARS (H) 2.05, GW15 HUL (A) 2.59, GW16 LIV (A) 2.46, GW17 BOU (H) 2.19, GW18 BHA (H) 2.41, GW19 MCI (A) 1.95, GW20 FUL (A) 2.54, GW21 LEE (H) 2.61, GW22 CRY (A) 2.48, GW23 SUN (H) 3.43, GW24 IPS (A) 2.53, GW25 MCI (H) 2.33, GW26 BHA (A) 2.19, GW27 LIV (H) 2.51, GW28 BOU (A) 2.08, GW29 NFO (H) 2.59, GW30 EVE (A) 2.49, GW31 BRE (H) 2.37, GW32 NEW (A) 2.44, GW33 HUL (H) 2.63, GW34 ARS (A) 1.62, GW35 CHE (H) 2.51, GW36 COV (A) 2.51, GW37 MUN (H) 2.32, GW38 AVL (A) 2.31"
Wilson Odobert,MID,Spurs,5.5,-0.07,0.16,0.0,"MUN (A) -0.07, COV (H) 0.09, CHE (A) 0.03, CRY (H) 0.15, LEE (A) 0.05","GW6 MUN (A) -0.07, GW7 COV (H) 0.09, GW8 CHE (A) 0.03, GW9 CRY (H) 0.15, GW10 LEE (A) 0.05, GW11 IPS (H) 0.19, GW12 SUN (A) 0.15, GW13 FUL (H) 0.23, GW14 ARS (H) 0.16, GW15 HUL (A) 0.22, GW16 LIV (A) 0.12, GW17 BOU (H) 0.15, GW18 BHA (H) 0.16, GW19 MCI (A) 0.13, GW20 FUL (A) 0.14, GW21 LEE (H) 0.17, GW22 CRY (A) 0.19, GW23 SUN (H) 0.22, GW24 IPS (A) 0.26, GW25 MCI (H) 0.17, GW26 BHA (A) 0.14, GW27 LIV (H) 0.17, GW28 BOU (A) 0.14, GW29 NFO (H) 0.18, GW30 EVE (A) 0.16, GW31 BRE (H) 0.18, GW32 NEW (A) 0.15, GW33 HUL (H) 0.3, GW34 ARS (A) 0.18, GW35 CHE (H) 0.25, GW36 COV (A) 0.33, GW37 MUN (H) 0.17, GW38 AVL (A) 0.2"
Pape Matar Sarr,MID,Spurs,4.9,0.08,0.95,0.0,"MUN (A) 0.08, COV (H) 0.28, CHE (A) 0.33, CRY (H) 0.47, LEE (A) 0.38","GW6 MUN (A) 0.08, GW7 COV (H) 0.28, GW8 CHE (A) 0.33, GW9 CRY (H) 0.47, GW10 LEE (A) 0.38, GW11 IPS (H) 0.49, GW12 SUN (A) 0.49, GW13 FUL (H) 0.56, GW14 ARS (H) 0.55, GW15 HUL (A) 0.54, GW16 LIV (A) 0.46, GW17 BOU (H) 0.56, GW18 BHA (H) 0.57, GW19 MCI (A) 0.43, GW20 FUL (A) 0.54, GW21 LEE (H) 0.53, GW22 CRY (A) 0.59, GW23 SUN (H) 0.58, GW24 IPS (A) 0.55, GW25 MCI (H) 0.49, GW26 BHA (A) 0.53, GW27 LIV (H) 0.52, GW28 BOU (A) 0.54, GW29 NFO (H) 0.52, GW30 EVE (A) 0.55, GW31 BRE (H) 0.59, GW32 NEW (A) 0.48, GW33 HUL (H) 0.62, GW34 ARS (A) 0.54, GW35 CHE (H) 0.64, GW36 COV (A) 0.67, GW37 MUN (H) 0.5, GW38 AVL (A) 0.64"
Conor Gallagher,MID,Spurs,5.3,2.63,8.37,9.0,"MUN (A) 2.63, COV (H) 2.72, CHE (A) 2.44, CRY (H) 2.47, LEE (A) 2.18","GW6 MUN (A) 2.63, GW7 COV (H) 2.72, GW8 CHE (A) 2.44, GW9 CRY (H) 2.47, GW10 LEE (A) 2.18, GW11 IPS (H) 2.14, GW12 SUN (A) 2.04, GW13 FUL (H) 2.09, GW14 ARS (H) 1.93, GW15 HUL (A) 2.0, GW16 LIV (A) 1.88, GW17 BOU (H) 1.79, GW18 BHA (H) 1.84, GW19 MCI (A) 1.71, GW20 FUL (A) 1.97, GW21 LEE (H) 1.85, GW22 CRY (A) 2.05, GW23 SUN (H) 1.78, GW24 IPS (A) 1.92, GW25 MCI (H) 1.74, GW26 BHA (A) 1.79, GW27 LIV (H) 1.78, GW28 BOU (A) 1.78, GW29 NFO (H) 1.78, GW30 EVE (A) 1.95, GW31 BRE (H) 1.81, GW32 NEW (A) 1.82, GW33 HUL (H) 1.89, GW34 ARS (A) 1.86, GW35 CHE (H) 1.97, GW36 COV (A) 2.08, GW37 MUN (H) 1.73, GW38 AVL (A) 2.08"
Lucas Bergvall,MID,Spurs,5.3,0.9,3.78,3.0,"MUN (A) 0.9, COV (H) 1.17, CHE (A) 1.18, CRY (H) 1.35, LEE (A) 1.22","GW6 MUN (A) 0.9, GW7 COV (H) 1.17, GW8 CHE (A) 1.18, GW9 CRY (H) 1.35, GW10 LEE (A) 1.22, GW11 IPS (H) 1.38, GW12 SUN (A) 1.33, GW13 FUL (H) 1.45, GW14 ARS (H) 1.39, GW15 HUL (A) 1.42, GW16 LIV (A) 1.34, GW17 BOU (H) 1.39, GW18 BHA (H) 1.42, GW19 MCI (A) 1.33, GW20 FUL (A) 1.39, GW21 LEE (H) 1.43, GW22 CRY (A) 1.48, GW23 SUN (H) 1.45, GW24 IPS (A) 1.48, GW25 MCI (H) 1.4, GW26 BHA (A) 1.38, GW27 LIV (H) 1.43, GW28 BOU (A) 1.37, GW29 NFO (H) 1.42, GW30 EVE (A) 1.41, GW31 BRE (H) 1.45, GW32 NEW (A) 1.37, GW33 HUL (H) 1.54, GW34 ARS (A) 1.4, GW35 CHE (H) 1.55, GW36 COV (A) 1.6, GW37 MUN (H) 1.41, GW38 AVL (A) 1.51"
Dejan Kulusevski,MID,Spurs,6.5,-0.08,0.0,0.0,"MUN (A) -0.08, COV (H) 0.04, CHE (A) -0.04, CRY (H) 0.08, LEE (A) -0.0","GW6 MUN (A) -0.08, GW7 COV (H) 0.04, GW8 CHE (A) -0.04, GW9 CRY (H) 0.08, GW10 LEE (A) -0.0, GW11 IPS (H) -0.0, GW12 SUN (A) 0.08, GW13 FUL (H) 0.01, GW14 ARS (H) 0.17, GW15 HUL (A) 0.02, GW16 LIV (A) 0.04, GW17 BOU (H) -0.01, GW18 BHA (H) 0.0, GW19 MCI (A) -0.04, GW20 FUL (A) 0.03, GW21 LEE (H) 0.06, GW22 CRY (A) 0.19, GW23 SUN (H) 0.09, GW24 IPS (A) 0.03, GW25 MCI (H) 0.02, GW26 BHA (A) 0.0, GW27 LIV (H) 0.06, GW28 BOU (A) -0.0, GW29 NFO (H) 0.05, GW30 EVE (A) 0.04, GW31 BRE (H) 0.01, GW32 NEW (A) 0.05, GW33 HUL (H) 0.04, GW34 ARS (A) 0.14, GW35 CHE (H) 0.07, GW36 COV (A) 0.22, GW37 MUN (H) 0.05, GW38 AVL (A) 0.05"
Archie Gray,MID,Spurs,4.9,1.56,5.46,9.0,"MUN (A) 1.56, COV (H) 1.7, CHE (A) 1.66, CRY (H) 1.73, LEE (A) 1.62","GW6 MUN (A) 1.56, GW7 COV (H) 1.7, GW8 CHE (A) 1.66, GW9 CRY (H) 1.73, GW10 LEE (A) 1.62, GW11 IPS (H) 1.71, GW12 SUN (A) 1.79, GW13 FUL (H) 1.74, GW14 ARS (H) 1.63, GW15 HUL (A) 1.74, GW16 LIV (A) 1.65, GW17 BOU (H) 1.68, GW18 BHA (H) 1.71, GW19 MCI (A) 1.55, GW20 FUL (A) 1.74, GW21 LEE (H) 1.74, GW22 CRY (A) 1.82, GW23 SUN (H) 1.86, GW24 IPS (A) 1.78, GW25 MCI (H) 1.61, GW26 BHA (A) 1.66, GW27 LIV (H) 1.69, GW28 BOU (A) 1.69, GW29 NFO (H) 1.67, GW30 EVE (A) 1.75, GW31 BRE (H) 1.73, GW32 NEW (A) 1.65, GW33 HUL (H) 1.8, GW34 ARS (A) 1.61, GW35 CHE (H) 1.82, GW36 COV (A) 1.9, GW37 MUN (H) 1.61, GW38 AVL (A) 1.83"
Mikey Moore,MID,Spurs,5.0,0.35,2.09,3.0,"MUN (A) 0.35, COV (H) 0.59, CHE (A) 0.7, CRY (H) 0.89, LEE (A) 0.82","GW6 MUN (A) 0.35, GW7 COV (H) 0.59, GW8 CHE (A) 0.7, GW9 CRY (H) 0.89, GW10 LEE (A) 0.82, GW11 IPS (H) 0.96, GW12 SUN (A) 0.97, GW13 FUL (H) 1.04, GW14 ARS (H) 1.02, GW15 HUL (A) 1.03, GW16 LIV (A) 0.98, GW17 BOU (H) 1.04, GW18 BHA (H) 1.07, GW19 MCI (A) 0.99, GW20 FUL (A) 1.04, GW21 LEE (H) 1.09, GW22 CRY (A) 1.12, GW23 SUN (H) 1.13, GW24 IPS (A) 1.1, GW25 MCI (H) 1.08, GW26 BHA (A) 1.03, GW27 LIV (H) 1.08, GW28 BOU (A) 1.03, GW29 NFO (H) 1.1, GW30 EVE (A) 1.06, GW31 BRE (H) 1.11, GW32 NEW (A) 1.05, GW33 HUL (H) 1.16, GW34 ARS (A) 1.05, GW35 CHE (H) 1.19, GW36 COV (A) 1.21, GW37 MUN (H) 1.09, GW38 AVL (A) 1.17"
Callum Olusesi,MID,Spurs,4.4,-0.08,0.09,0.0,"MUN (A) -0.08, COV (H) 0.09, CHE (A) 0.05, CRY (H) 0.11, LEE (A) -0.06","GW6 MUN (A) -0.08, GW7 COV (H) 0.09, GW8 CHE (A) 0.05, GW9 CRY (H) 0.11, GW10 LEE (A) -0.06, GW11 IPS (H) 0.02, GW12 SUN (A) -0.02, GW13 FUL (H) 0.11, GW14 ARS (H) -0.0, GW15 HUL (A) 0.0, GW16 LIV (A) -0.06, GW17 BOU (H) -0.03, GW18 BHA (H) -0.02, GW19 MCI (A) -0.09, GW20 FUL (A) 0.03, GW21 LEE (H) -0.05, GW22 CRY (A) 0.08, GW23 SUN (H) -0.03, GW24 IPS (A) 0.02, GW25 MCI (H) -0.07, GW26 BHA (A) -0.04, GW27 LIV (H) -0.05, GW28 BOU (A) -0.05, GW29 NFO (H) -0.05, GW30 EVE (A) 0.03, GW31 BRE (H) -0.02, GW32 NEW (A) -0.07, GW33 HUL (H) 0.02, GW34 ARS (A) -0.01, GW35 CHE (H) 0.12, GW36 COV (A) 0.18, GW37 MUN (H) -0.08, GW38 AVL (A) 0.03"
Mateus Fernandes,MID,Spurs,5.7,1.67,6.5,7.0,"MUN (A) 1.67, COV (H) 1.98, CHE (A) 1.99, CRY (H) 2.23, LEE (A) 2.14","GW6 MUN (A) 1.67, GW7 COV (H) 1.98, GW8 CHE (A) 1.99, GW9 CRY (H) 2.23, GW10 LEE (A) 2.14, GW11 IPS (H) 2.47, GW12 SUN (A) 2.32, GW13 FUL (H) 2.48, GW14 ARS (H) 2.07, GW15 HUL (A) 2.45, GW16 LIV (A) 2.25, GW17 BOU (H) 2.22, GW18 BHA (H) 2.28, GW19 MCI (A) 2.21, GW20 FUL (A) 2.43, GW21 LEE (H) 2.42, GW22 CRY (A) 2.43, GW23 SUN (H) 2.45, GW24 IPS (A) 2.65, GW25 MCI (H) 2.29, GW26 BHA (A) 2.16, GW27 LIV (H) 2.35, GW28 BOU (A) 2.19, GW29 NFO (H) 2.34, GW30 EVE (A) 2.39, GW31 BRE (H) 2.29, GW32 NEW (A) 2.31, GW33 HUL (H) 2.59, GW34 ARS (A) 2.07, GW35 CHE (H) 2.41, GW36 COV (A) 2.69, GW37 MUN (H) 2.3, GW38 AVL (A) 2.31"
Dominic Solanke-Mitchell,FWD,Spurs,5.8,2.01,7.27,7.0,"MUN (A) 2.01, COV (H) 2.25, CHE (A) 2.24, CRY (H) 2.36, LEE (A) 2.2","GW6 MUN (A) 2.01, GW7 COV (H) 2.25, GW8 CHE (A) 2.24, GW9 CRY (H) 2.36, GW10 LEE (A) 2.2, GW11 IPS (H) 2.33, GW12 SUN (A) 2.22, GW13 FUL (H) 2.39, GW14 ARS (H) 2.1, GW15 HUL (A) 2.25, GW16 LIV (A) 2.07, GW17 BOU (H) 2.07, GW18 BHA (H) 2.1, GW19 MCI (A) 1.93, GW20 FUL (A) 2.2, GW21 LEE (H) 2.13, GW22 CRY (A) 2.28, GW23 SUN (H) 2.08, GW24 IPS (A) 2.29, GW25 MCI (H) 1.99, GW26 BHA (A) 2.05, GW27 LIV (H) 2.05, GW28 BOU (A) 2.09, GW29 NFO (H) 2.06, GW30 EVE (A) 2.2, GW31 BRE (H) 2.1, GW32 NEW (A) 2.08, GW33 HUL (H) 2.25, GW34 ARS (A) 1.92, GW35 CHE (H) 2.21, GW36 COV (A) 2.43, GW37 MUN (H) 1.98, GW38 AVL (A) 2.23"
Richarlison de Andrade,FWD,Spurs,5.9,0.48,2.8,2.0,"MUN (A) 0.48, COV (H) 0.8, CHE (A) 0.92, CRY (H) 1.17, LEE (A) 1.13","GW6 MUN (A) 0.48, GW7 COV (H) 0.8, GW8 CHE (A) 0.92, GW9 CRY (H) 1.17, GW10 LEE (A) 1.13, GW11 IPS (H) 1.36, GW12 SUN (A) 1.32, GW13 FUL (H) 1.48, GW14 ARS (H) 1.42, GW15 HUL (A) 1.46, GW16 LIV (A) 1.39, GW17 BOU (H) 1.27, GW18 BHA (H) 1.35, GW19 MCI (A) 1.33, GW20 FUL (A) 1.46, GW21 LEE (H) 1.51, GW22 CRY (A) 1.44, GW23 SUN (H) 1.54, GW24 IPS (A) 1.58, GW25 MCI (H) 1.43, GW26 BHA (A) 1.32, GW27 LIV (H) 1.52, GW28 BOU (A) 1.26, GW29 NFO (H) 1.44, GW30 EVE (A) 1.39, GW31 BRE (H) 1.35, GW32 NEW (A) 1.38, GW33 HUL (H) 1.63, GW34 ARS (A) 1.48, GW35 CHE (H) 1.55, GW36 COV (A) 1.58, GW37 MUN (H) 1.44, GW38 AVL (A) 1.36"
Dane Scarlett,FWD,Spurs,4.5,-0.01,0.51,0.0,"MUN (A) -0.01, COV (H) 0.15, CHE (A) 0.16, CRY (H) 0.31, LEE (A) 0.25","GW6 MUN (A) -0.01, GW7 COV (H) 0.15, GW8 CHE (A) 0.16, GW9 CRY (H) 0.31, GW10 LEE (A) 0.25, GW11 IPS (H) 0.35, GW12 SUN (A) 0.36, GW13 FUL (H) 0.4, GW14 ARS (H) 0.23, GW15 HUL (A) 0.42, GW16 LIV (A) 0.3, GW17 BOU (H) 0.28, GW18 BHA (H) 0.32, GW19 MCI (A) 0.27, GW20 FUL (A) 0.37, GW21 LEE (H) 0.33, GW22 CRY (A) 0.41, GW23 SUN (H) 0.37, GW24 IPS (A) 0.46, GW25 MCI (H) 0.27, GW26 BHA (A) 0.31, GW27 LIV (H) 0.3, GW28 BOU (A) 0.31, GW29 NFO (H) 0.32, GW30 EVE (A) 0.37, GW31 BRE (H) 0.3, GW32 NEW (A) 0.34, GW33 HUL (H) 0.43, GW34 ARS (A) 0.26, GW35 CHE (H) 0.37, GW36 COV (A) 0.53, GW37 MUN (H) 0.27, GW38 AVL (A) 0.4"
Mykhailo Mudryk,MID,Spurs,5.3,0.2,1.46,1.0,"MUN (A) 0.2, COV (H) 0.42, CHE (A) 0.52, CRY (H) 0.64, LEE (A) 0.58","GW6 MUN (A) 0.2, GW7 COV (H) 0.42, GW8 CHE (A) 0.52, GW9 CRY (H) 0.64, GW10 LEE (A) 0.58, GW11 IPS (H) 0.69, GW12 SUN (A) 0.66, GW13 FUL (H) 0.75, GW14 ARS (H) 0.75, GW15 HUL (A) 0.75, GW16 LIV (A) 0.72, GW17 BOU (H) 0.76, GW18 BHA (H) 0.8, GW19 MCI (A) 0.73, GW20 FUL (A) 0.77, GW21 LEE (H) 0.81, GW22 CRY (A) 0.85, GW23 SUN (H) 0.81, GW24 IPS (A) 0.81, GW25 MCI (H) 0.81, GW26 BHA (A) 0.77, GW27 LIV (H) 0.81, GW28 BOU (A) 0.76, GW29 NFO (H) 0.83, GW30 EVE (A) 0.79, GW31 BRE (H) 0.84, GW32 NEW (A) 0.78, GW33 HUL (H) 0.87, GW34 ARS (A) 0.79, GW35 CHE (H) 0.92, GW36 COV (A) 0.92, GW37 MUN (H) 0.82, GW38 AVL (A) 0.9"
Luca Williams-Barnett,MID,Spurs,4.5,-0.04,0.12,0.0,"MUN (A) -0.04, COV (H) 0.07, CHE (A) 0.04, CRY (H) 0.09, LEE (A) 0.01","GW6 MUN (A) -0.04, GW7 COV (H) 0.07, GW8 CHE (A) 0.04, GW9 CRY (H) 0.09, GW10 LEE (A) 0.01, GW11 IPS (H) 0.07, GW12 SUN (A) 0.04, GW13 FUL (H) 0.09, GW14 ARS (H) 0.07, GW15 HUL (A) 0.05, GW16 LIV (A) 0.01, GW17 BOU (H) 0.01, GW18 BHA (H) 0.02, GW19 MCI (A) -0.01, GW20 FUL (A) 0.03, GW21 LEE (H) 0.04, GW22 CRY (A) 0.07, GW23 SUN (H) 0.05, GW24 IPS (A) 0.05, GW25 MCI (H) 0.02, GW26 BHA (A) -0.02, GW27 LIV (H) 0.04, GW28 BOU (A) -0.02, GW29 NFO (H) 0.02, GW30 EVE (A) 0.03, GW31 BRE (H) 0.02, GW32 NEW (A) -0.01, GW33 HUL (H) 0.08, GW34 ARS (A) 0.04, GW35 CHE (H) 0.12, GW36 COV (A) 0.13, GW37 MUN (H) 0.02, GW38 AVL (A) 0.06"
Kevin Danso,DEF,Sunderland,5.0,1.43,5.2,3.0,"BHA (H) 1.43, BOU (A) 1.43, LEE (H) 1.65, COV (A) 1.76, CHE (H) 1.5","GW6 BHA (H) 1.43, GW7 BOU (A) 1.43, GW8 LEE (H) 1.65, GW9 COV (A) 1.76, GW10 CHE (H) 1.5, GW11 AVL (A) 1.58, GW12 TOT (H) 1.75, GW13 LIV (A) 1.54, GW14 NEW (A) 1.63, GW15 NFO (H) 1.76, GW16 CRY (H) 1.97, GW17 EVE (A) 1.71, GW18 MUN (A) 1.55, GW19 HUL (H) 1.89, GW20 LIV (H) 1.68, GW21 CHE (A) 1.53, GW22 COV (H) 2.03, GW23 TOT (A) 1.83, GW24 AVL (H) 1.77, GW25 HUL (A) 1.78, GW26 EVE (H) 1.87, GW27 CRY (A) 1.83, GW28 MUN (H) 1.65, GW29 BRE (H) 1.65, GW30 ARS (A) 1.27, GW31 IPS (H) 1.92, GW32 FUL (A) 1.73, GW33 NFO (A) 1.78, GW34 NEW (H) 1.81, GW35 BHA (A) 1.4, GW36 BOU (H) 1.62, GW37 LEE (A) 1.72, GW38 MCI (H) 1.66"
Robin Roefs,GK,Sunderland,4.9,1.44,5.78,11.0,"BHA (H) 1.44, BOU (A) 1.43, LEE (H) 1.95, COV (A) 2.16, CHE (H) 1.88","GW6 BHA (H) 1.44, GW7 BOU (A) 1.43, GW8 LEE (H) 1.95, GW9 COV (A) 2.16, GW10 CHE (H) 1.88, GW11 AVL (A) 1.85, GW12 TOT (H) 2.86, GW13 LIV (A) 1.95, GW14 NEW (A) 2.23, GW15 NFO (H) 2.43, GW16 CRY (H) 2.47, GW17 EVE (A) 2.41, GW18 MUN (A) 1.98, GW19 HUL (H) 2.73, GW20 LIV (H) 2.09, GW21 CHE (A) 2.05, GW22 COV (H) 2.61, GW23 TOT (A) 3.35, GW24 AVL (H) 2.08, GW25 HUL (A) 2.67, GW26 EVE (H) 2.56, GW27 CRY (A) 2.35, GW28 MUN (H) 2.06, GW29 BRE (H) 1.94, GW30 ARS (A) 1.31, GW31 IPS (H) 2.79, GW32 FUL (A) 2.63, GW33 NFO (A) 2.54, GW34 NEW (H) 2.43, GW35 BHA (A) 1.72, GW36 BOU (H) 1.9, GW37 LEE (A) 2.23, GW38 MCI (H) 2.07"
Anthony Patterson,GK,Sunderland,4.0,-0.05,-0.06,0.0,"BHA (H) -0.05, BOU (A) -0.06, LEE (H) -0.04, COV (A) 0.06, CHE (H) 0.09","GW6 BHA (H) -0.05, GW7 BOU (A) -0.06, GW8 LEE (H) -0.04, GW9 COV (A) 0.06, GW10 CHE (H) 0.09, GW11 AVL (A) 0.09, GW12 TOT (H) 0.04, GW13 LIV (A) 0.03, GW14 NEW (A) -0.01, GW15 NFO (H) 0.01, GW16 CRY (H) 0.12, GW17 EVE (A) 0.03, GW18 MUN (A) 0.01, GW19 HUL (H) 0.07, GW20 LIV (H) 0.04, GW21 CHE (A) 0.12, GW22 COV (H) 0.15, GW23 TOT (A) 0.03, GW24 AVL (H) 0.12, GW25 HUL (A) 0.06, GW26 EVE (H) 0.05, GW27 CRY (A) 0.08, GW28 MUN (H) 0.02, GW29 BRE (H) 0.04, GW30 ARS (A) 0.01, GW31 IPS (H) 0.07, GW32 FUL (A) 0.03, GW33 NFO (A) 0.02, GW34 NEW (H) 0.01, GW35 BHA (A) 0.04, GW36 BOU (H) 0.03, GW37 LEE (A) 0.01, GW38 MCI (H) 0.02"
Melker Ellborg,GK,Sunderland,4.4,0.03,0.24,0.0,"BHA (H) 0.03, BOU (A) 0.02, LEE (H) 0.08, COV (A) 0.14, CHE (H) 0.16","GW6 BHA (H) 0.03, GW7 BOU (A) 0.02, GW8 LEE (H) 0.08, GW9 COV (A) 0.14, GW10 CHE (H) 0.16, GW11 AVL (A) 0.16, GW12 TOT (H) 0.16, GW13 LIV (A) 0.1, GW14 NEW (A) 0.09, GW15 NFO (H) 0.13, GW16 CRY (H) 0.22, GW17 EVE (A) 0.13, GW18 MUN (A) 0.08, GW19 HUL (H) 0.19, GW20 LIV (H) 0.14, GW21 CHE (A) 0.18, GW22 COV (H) 0.25, GW23 TOT (A) 0.15, GW24 AVL (H) 0.23, GW25 HUL (A) 0.16, GW26 EVE (H) 0.17, GW27 CRY (A) 0.17, GW28 MUN (H) 0.12, GW29 BRE (H) 0.15, GW30 ARS (A) 0.06, GW31 IPS (H) 0.2, GW32 FUL (A) 0.13, GW33 NFO (A) 0.13, GW34 NEW (H) 0.14, GW35 BHA (A) 0.1, GW36 BOU (H) 0.14, GW37 LEE (A) 0.12, GW38 MCI (H) 0.12"
Daniel Ballard,DEF,Sunderland,4.9,2.06,7.18,14.0,"BHA (H) 2.06, BOU (A) 1.91, LEE (H) 2.43, COV (A) 2.26, CHE (H) 1.98","GW6 BHA (H) 2.06, GW7 BOU (A) 1.91, GW8 LEE (H) 2.43, GW9 COV (A) 2.26, GW10 CHE (H) 1.98, GW11 AVL (A) 1.85, GW12 TOT (H) 2.34, GW13 LIV (A) 2.19, GW14 NEW (A) 2.24, GW15 NFO (H) 2.39, GW16 CRY (H) 2.42, GW17 EVE (A) 2.27, GW18 MUN (A) 2.14, GW19 HUL (H) 2.6, GW20 LIV (H) 2.34, GW21 CHE (A) 1.89, GW22 COV (H) 2.47, GW23 TOT (A) 2.6, GW24 AVL (H) 1.98, GW25 HUL (A) 2.46, GW26 EVE (H) 2.44, GW27 CRY (A) 2.23, GW28 MUN (H) 2.27, GW29 BRE (H) 1.84, GW30 ARS (A) 1.01, GW31 IPS (H) 2.63, GW32 FUL (A) 2.44, GW33 NFO (A) 2.37, GW34 NEW (H) 2.43, GW35 BHA (A) 1.55, GW36 BOU (H) 1.79, GW37 LEE (A) 2.4, GW38 MCI (H) 2.27"
Nordi Mukiele,DEF,Sunderland,5.4,1.73,6.93,13.0,"BHA (H) 1.73, BOU (A) 1.76, LEE (H) 2.33, COV (A) 2.51, CHE (H) 2.33","GW6 BHA (H) 1.73, GW7 BOU (A) 1.76, GW8 LEE (H) 2.33, GW9 COV (A) 2.51, GW10 CHE (H) 2.33, GW11 AVL (A) 2.28, GW12 TOT (H) 3.0, GW13 LIV (A) 2.53, GW14 NEW (A) 2.54, GW15 NFO (H) 2.68, GW16 CRY (H) 3.04, GW17 EVE (A) 2.9, GW18 MUN (A) 2.44, GW19 HUL (H) 3.03, GW20 LIV (H) 2.75, GW21 CHE (A) 2.63, GW22 COV (H) 3.16, GW23 TOT (A) 3.55, GW24 AVL (H) 2.63, GW25 HUL (A) 2.97, GW26 EVE (H) 3.09, GW27 CRY (A) 3.0, GW28 MUN (H) 2.57, GW29 BRE (H) 2.48, GW30 ARS (A) 1.77, GW31 IPS (H) 3.08, GW32 FUL (A) 2.99, GW33 NFO (A) 2.8, GW34 NEW (H) 2.81, GW35 BHA (A) 2.24, GW36 BOU (H) 2.46, GW37 LEE (A) 2.9, GW38 MCI (H) 2.57"
Trai Hume,DEF,Sunderland,4.3,1.11,4.85,10.0,"BHA (H) 1.11, BOU (A) 1.2, LEE (H) 1.66, COV (A) 1.84, CHE (H) 1.8","GW6 BHA (H) 1.11, GW7 BOU (A) 1.2, GW8 LEE (H) 1.66, GW9 COV (A) 1.84, GW10 CHE (H) 1.8, GW11 AVL (A) 1.77, GW12 TOT (H) 2.13, GW13 LIV (A) 1.95, GW14 NEW (A) 2.07, GW15 NFO (H) 2.11, GW16 CRY (H) 2.21, GW17 EVE (A) 2.2, GW18 MUN (A) 2.03, GW19 HUL (H) 2.27, GW20 LIV (H) 2.09, GW21 CHE (A) 2.09, GW22 COV (H) 2.3, GW23 TOT (A) 2.33, GW24 AVL (H) 2.01, GW25 HUL (A) 2.28, GW26 EVE (H) 2.28, GW27 CRY (A) 2.21, GW28 MUN (H) 2.1, GW29 BRE (H) 1.93, GW30 ARS (A) 1.58, GW31 IPS (H) 2.33, GW32 FUL (A) 2.27, GW33 NFO (A) 2.23, GW34 NEW (H) 2.22, GW35 BHA (A) 1.84, GW36 BOU (H) 1.89, GW37 LEE (A) 2.23, GW38 MCI (H) 2.1"
Omar Alderete,DEF,Sunderland,4.8,0.49,2.53,1.0,"BHA (H) 0.49, BOU (A) 0.61, LEE (H) 0.83, COV (A) 1.07, CHE (H) 1.12","GW6 BHA (H) 0.49, GW7 BOU (A) 0.61, GW8 LEE (H) 0.83, GW9 COV (A) 1.07, GW10 CHE (H) 1.12, GW11 AVL (A) 1.17, GW12 TOT (H) 1.23, GW13 LIV (A) 1.12, GW14 NEW (A) 1.14, GW15 NFO (H) 1.21, GW16 CRY (H) 1.43, GW17 EVE (A) 1.23, GW18 MUN (A) 1.19, GW19 HUL (H) 1.36, GW20 LIV (H) 1.27, GW21 CHE (A) 1.35, GW22 COV (H) 1.51, GW23 TOT (A) 1.34, GW24 AVL (H) 1.44, GW25 HUL (A) 1.34, GW26 EVE (H) 1.33, GW27 CRY (A) 1.37, GW28 MUN (H) 1.28, GW29 BRE (H) 1.34, GW30 ARS (A) 1.22, GW31 IPS (H) 1.42, GW32 FUL (A) 1.28, GW33 NFO (A) 1.27, GW34 NEW (H) 1.3, GW35 BHA (A) 1.27, GW36 BOU (H) 1.31, GW37 LEE (A) 1.27, GW38 MCI (H) 1.28"
Reinildo Mandava,DEF,Sunderland,4.4,0.56,2.77,7.0,"BHA (H) 0.56, BOU (A) 0.67, LEE (H) 0.94, COV (A) 1.12, CHE (H) 1.18","GW6 BHA (H) 0.56, GW7 BOU (A) 0.67, GW8 LEE (H) 0.94, GW9 COV (A) 1.12, GW10 CHE (H) 1.18, GW11 AVL (A) 1.22, GW12 TOT (H) 1.42, GW13 LIV (A) 1.21, GW14 NEW (A) 1.28, GW15 NFO (H) 1.35, GW16 CRY (H) 1.48, GW17 EVE (A) 1.38, GW18 MUN (A) 1.28, GW19 HUL (H) 1.45, GW20 LIV (H) 1.38, GW21 CHE (A) 1.42, GW22 COV (H) 1.57, GW23 TOT (A) 1.87, GW24 AVL (H) 1.5, GW25 HUL (A) 1.43, GW26 EVE (H) 1.48, GW27 CRY (A) 1.46, GW28 MUN (H) 1.37, GW29 BRE (H) 1.4, GW30 ARS (A) 1.24, GW31 IPS (H) 1.5, GW32 FUL (A) 1.43, GW33 NFO (A) 1.42, GW34 NEW (H) 1.45, GW35 BHA (A) 1.31, GW36 BOU (H) 1.37, GW37 LEE (A) 1.39, GW38 MCI (H) 1.37"
Jenson Seelt,DEF,Sunderland,4.5,-0.03,-0.03,0.0,"BHA (H) -0.03, BOU (A) -0.05, LEE (H) -0.02, COV (A) 0.05, CHE (H) 0.06","GW6 BHA (H) -0.03, GW7 BOU (A) -0.05, GW8 LEE (H) -0.02, GW9 COV (A) 0.05, GW10 CHE (H) 0.06, GW11 AVL (A) 0.03, GW12 TOT (H) 0.04, GW13 LIV (A) -0.01, GW14 NEW (A) -0.01, GW15 NFO (H) 0.02, GW16 CRY (H) 0.1, GW17 EVE (A) 0.0, GW18 MUN (A) -0.01, GW19 HUL (H) 0.06, GW20 LIV (H) 0.02, GW21 CHE (A) 0.06, GW22 COV (H) 0.12, GW23 TOT (A) 0.02, GW24 AVL (H) 0.07, GW25 HUL (A) 0.03, GW26 EVE (H) 0.03, GW27 CRY (A) 0.04, GW28 MUN (H) 0.02, GW29 BRE (H) 0.03, GW30 ARS (A) -0.04, GW31 IPS (H) 0.07, GW32 FUL (A) 0.0, GW33 NFO (A) 0.02, GW34 NEW (H) 0.02, GW35 BHA (A) -0.01, GW36 BOU (H) 0.02, GW37 LEE (A) -0.01, GW38 MCI (H) 0.02"
Leo Fuhr Hjelde,DEF,Sunderland,4.0,0.01,0.17,0.0,"BHA (H) 0.01, BOU (A) 0.01, LEE (H) 0.05, COV (A) 0.12, CHE (H) 0.13","GW6 BHA (H) 0.01, GW7 BOU (A) 0.01, GW8 LEE (H) 0.05, GW9 COV (A) 0.12, GW10 CHE (H) 0.13, GW11 AVL (A) 0.14, GW12 TOT (H) 0.12, GW13 LIV (A) 0.06, GW14 NEW (A) 0.08, GW15 NFO (H) 0.11, GW16 CRY (H) 0.19, GW17 EVE (A) 0.09, GW18 MUN (A) 0.06, GW19 HUL (H) 0.15, GW20 LIV (H) 0.1, GW21 CHE (A) 0.14, GW22 COV (H) 0.22, GW23 TOT (A) 0.11, GW24 AVL (H) 0.2, GW25 HUL (A) 0.12, GW26 EVE (H) 0.12, GW27 CRY (A) 0.13, GW28 MUN (H) 0.1, GW29 BRE (H) 0.12, GW30 ARS (A) 0.04, GW31 IPS (H) 0.16, GW32 FUL (A) 0.09, GW33 NFO (A) 0.11, GW34 NEW (H) 0.11, GW35 BHA (A) 0.07, GW36 BOU (H) 0.11, GW37 LEE (A) 0.08, GW38 MCI (H) 0.1"
Luke O'Nien,DEF,Sunderland,3.9,0.44,2.44,1.0,"BHA (H) 0.44, BOU (A) 0.54, LEE (H) 0.8, COV (A) 1.13, CHE (H) 1.11","GW6 BHA (H) 0.44, GW7 BOU (A) 0.54, GW8 LEE (H) 0.8, GW9 COV (A) 1.13, GW10 CHE (H) 1.11, GW11 AVL (A) 1.1, GW12 TOT (H) 1.28, GW13 LIV (A) 1.14, GW14 NEW (A) 1.18, GW15 NFO (H) 1.22, GW16 CRY (H) 1.51, GW17 EVE (A) 1.31, GW18 MUN (A) 1.21, GW19 HUL (H) 1.45, GW20 LIV (H) 1.26, GW21 CHE (A) 1.4, GW22 COV (H) 1.59, GW23 TOT (A) 1.38, GW24 AVL (H) 1.34, GW25 HUL (A) 1.47, GW26 EVE (H) 1.38, GW27 CRY (A) 1.44, GW28 MUN (H) 1.26, GW29 BRE (H) 1.29, GW30 ARS (A) 1.13, GW31 IPS (H) 1.47, GW32 FUL (A) 1.37, GW33 NFO (A) 1.32, GW34 NEW (H) 1.31, GW35 BHA (A) 1.27, GW36 BOU (H) 1.26, GW37 LEE (A) 1.32, GW38 MCI (H) 1.27"
Arthur Masuaku,DEF,Sunderland,4.0,-0.01,0.11,0.0,"BHA (H) -0.01, BOU (A) -0.01, LEE (H) 0.0, COV (A) 0.14, CHE (H) 0.13","GW6 BHA (H) -0.01, GW7 BOU (A) -0.01, GW8 LEE (H) 0.0, GW9 COV (A) 0.14, GW10 CHE (H) 0.13, GW11 AVL (A) 0.17, GW12 TOT (H) 0.18, GW13 LIV (A) 0.08, GW14 NEW (A) 0.08, GW15 NFO (H) 0.09, GW16 CRY (H) 0.23, GW17 EVE (A) 0.12, GW18 MUN (A) 0.06, GW19 HUL (H) 0.16, GW20 LIV (H) 0.1, GW21 CHE (A) 0.17, GW22 COV (H) 0.26, GW23 TOT (A) 0.17, GW24 AVL (H) 0.22, GW25 HUL (A) 0.15, GW26 EVE (H) 0.14, GW27 CRY (A) 0.17, GW28 MUN (H) 0.08, GW29 BRE (H) 0.14, GW30 ARS (A) 0.06, GW31 IPS (H) 0.18, GW32 FUL (A) 0.12, GW33 NFO (A) 0.11, GW34 NEW (H) 0.1, GW35 BHA (A) 0.1, GW36 BOU (H) 0.13, GW37 LEE (A) 0.11, GW38 MCI (H) 0.08"
Thomas Meunier,DEF,Sunderland,4.5,1.91,6.24,14.0,"BHA (H) 1.91, BOU (A) 1.74, LEE (H) 1.82, COV (A) 1.92, CHE (H) 1.8","GW6 BHA (H) 1.91, GW7 BOU (A) 1.74, GW8 LEE (H) 1.82, GW9 COV (A) 1.92, GW10 CHE (H) 1.8, GW11 AVL (A) 1.62, GW12 TOT (H) 1.64, GW13 LIV (A) 1.54, GW14 NEW (A) 1.54, GW15 NFO (H) 1.5, GW16 CRY (H) 1.64, GW17 EVE (A) 1.6, GW18 MUN (A) 1.41, GW19 HUL (H) 1.57, GW20 LIV (H) 1.51, GW21 CHE (A) 1.62, GW22 COV (H) 1.64, GW23 TOT (A) 1.77, GW24 AVL (H) 1.57, GW25 HUL (A) 1.51, GW26 EVE (H) 1.64, GW27 CRY (A) 1.64, GW28 MUN (H) 1.44, GW29 BRE (H) 1.49, GW30 ARS (A) 1.03, GW31 IPS (H) 1.53, GW32 FUL (A) 1.59, GW33 NFO (A) 1.47, GW34 NEW (H) 1.48, GW35 BHA (A) 1.39, GW36 BOU (H) 1.37, GW37 LEE (A) 1.5, GW38 MCI (H) 1.44"
Enzo Le Fée,MID,Sunderland,5.7,4.45,14.47,18.0,"BHA (H) 4.45, BOU (A) 3.81, LEE (H) 4.64, COV (A) 4.39, CHE (H) 3.98","GW6 BHA (H) 4.45, GW7 BOU (A) 3.81, GW8 LEE (H) 4.64, GW9 COV (A) 4.39, GW10 CHE (H) 3.98, GW11 AVL (A) 3.33, GW12 TOT (H) 5.1, GW13 LIV (A) 3.83, GW14 NEW (A) 4.21, GW15 NFO (H) 4.67, GW16 CRY (H) 4.62, GW17 EVE (A) 4.01, GW18 MUN (A) 3.81, GW19 HUL (H) 4.74, GW20 LIV (H) 3.96, GW21 CHE (A) 3.63, GW22 COV (H) 4.71, GW23 TOT (A) 5.09, GW24 AVL (H) 3.51, GW25 HUL (A) 4.25, GW26 EVE (H) 4.49, GW27 CRY (A) 4.02, GW28 MUN (H) 3.94, GW29 BRE (H) 3.54, GW30 ARS (A) 1.77, GW31 IPS (H) 4.77, GW32 FUL (A) 4.19, GW33 NFO (A) 4.29, GW34 NEW (H) 4.68, GW35 BHA (A) 2.86, GW36 BOU (H) 3.11, GW37 LEE (A) 4.09, GW38 MCI (H) 3.6"
Habib Diarra,MID,Sunderland,5.3,0.33,1.5,5.0,"BHA (H) 0.33, BOU (A) 0.35, LEE (H) 0.45, COV (A) 0.64, CHE (H) 0.63","GW6 BHA (H) 0.33, GW7 BOU (A) 0.35, GW8 LEE (H) 0.45, GW9 COV (A) 0.64, GW10 CHE (H) 0.63, GW11 AVL (A) 0.65, GW12 TOT (H) 0.64, GW13 LIV (A) 0.53, GW14 NEW (A) 0.55, GW15 NFO (H) 0.58, GW16 CRY (H) 0.78, GW17 EVE (A) 0.56, GW18 MUN (A) 0.54, GW19 HUL (H) 0.68, GW20 LIV (H) 0.58, GW21 CHE (A) 0.68, GW22 COV (H) 0.81, GW23 TOT (A) 0.61, GW24 AVL (H) 0.74, GW25 HUL (A) 0.65, GW26 EVE (H) 0.6, GW27 CRY (A) 0.68, GW28 MUN (H) 0.58, GW29 BRE (H) 0.64, GW30 ARS (A) 0.55, GW31 IPS (H) 0.69, GW32 FUL (A) 0.57, GW33 NFO (A) 0.59, GW34 NEW (H) 0.59, GW35 BHA (A) 0.59, GW36 BOU (H) 0.61, GW37 LEE (A) 0.56, GW38 MCI (H) 0.58"
Granit Xhaka,MID,Sunderland,5.5,2.69,9.99,21.0,"BHA (H) 2.69, BOU (A) 2.61, LEE (H) 3.15, COV (A) 3.57, CHE (H) 3.05","GW6 BHA (H) 2.69, GW7 BOU (A) 2.61, GW8 LEE (H) 3.15, GW9 COV (A) 3.57, GW10 CHE (H) 3.05, GW11 AVL (A) 2.86, GW12 TOT (H) 3.68, GW13 LIV (A) 3.33, GW14 NEW (A) 3.73, GW15 NFO (H) 3.76, GW16 CRY (H) 3.76, GW17 EVE (A) 3.66, GW18 MUN (A) 3.61, GW19 HUL (H) 3.97, GW20 LIV (H) 3.22, GW21 CHE (A) 3.51, GW22 COV (H) 3.93, GW23 TOT (A) 4.46, GW24 AVL (H) 2.96, GW25 HUL (A) 4.11, GW26 EVE (H) 3.63, GW27 CRY (A) 3.79, GW28 MUN (H) 3.41, GW29 BRE (H) 2.9, GW30 ARS (A) 1.94, GW31 IPS (H) 4.05, GW32 FUL (A) 4.0, GW33 NFO (A) 4.1, GW34 NEW (H) 3.8, GW35 BHA (A) 2.89, GW36 BOU (H) 2.68, GW37 LEE (A) 3.66, GW38 MCI (H) 3.21"
Noah Sadiki,MID,Sunderland,4.9,1.78,6.19,10.0,"BHA (H) 1.78, BOU (A) 1.74, LEE (H) 1.88, COV (A) 1.91, CHE (H) 1.97","GW6 BHA (H) 1.78, GW7 BOU (A) 1.74, GW8 LEE (H) 1.88, GW9 COV (A) 1.91, GW10 CHE (H) 1.97, GW11 AVL (A) 1.94, GW12 TOT (H) 2.01, GW13 LIV (A) 1.88, GW14 NEW (A) 1.88, GW15 NFO (H) 1.94, GW16 CRY (H) 2.05, GW17 EVE (A) 2.03, GW18 MUN (A) 1.83, GW19 HUL (H) 1.99, GW20 LIV (H) 1.96, GW21 CHE (A) 2.05, GW22 COV (H) 2.09, GW23 TOT (A) 2.38, GW24 AVL (H) 2.09, GW25 HUL (A) 1.95, GW26 EVE (H) 2.1, GW27 CRY (A) 2.08, GW28 MUN (H) 1.9, GW29 BRE (H) 1.98, GW30 ARS (A) 1.7, GW31 IPS (H) 1.99, GW32 FUL (A) 2.05, GW33 NFO (A) 1.95, GW34 NEW (H) 1.97, GW35 BHA (A) 1.89, GW36 BOU (H) 1.95, GW37 LEE (A) 1.96, GW38 MCI (H) 1.9"
Simon Adingra,MID,Sunderland,4.9,0.02,0.21,0.0,"BHA (H) 0.02, BOU (A) 0.01, LEE (H) 0.06, COV (A) 0.14, CHE (H) 0.17","GW6 BHA (H) 0.02, GW7 BOU (A) 0.01, GW8 LEE (H) 0.06, GW9 COV (A) 0.14, GW10 CHE (H) 0.17, GW11 AVL (A) 0.19, GW12 TOT (H) 0.19, GW13 LIV (A) 0.11, GW14 NEW (A) 0.12, GW15 NFO (H) 0.16, GW16 CRY (H) 0.24, GW17 EVE (A) 0.14, GW18 MUN (A) 0.11, GW19 HUL (H) 0.2, GW20 LIV (H) 0.15, GW21 CHE (A) 0.2, GW22 COV (H) 0.28, GW23 TOT (A) 0.19, GW24 AVL (H) 0.27, GW25 HUL (A) 0.17, GW26 EVE (H) 0.18, GW27 CRY (A) 0.19, GW28 MUN (H) 0.15, GW29 BRE (H) 0.19, GW30 ARS (A) 0.1, GW31 IPS (H) 0.21, GW32 FUL (A) 0.14, GW33 NFO (A) 0.16, GW34 NEW (H) 0.17, GW35 BHA (A) 0.13, GW36 BOU (H) 0.18, GW37 LEE (A) 0.13, GW38 MCI (H) 0.15"
Romaine Mundle,MID,Sunderland,4.9,0.24,1.16,1.0,"BHA (H) 0.24, BOU (A) 0.25, LEE (H) 0.38, COV (A) 0.49, CHE (H) 0.54","GW6 BHA (H) 0.24, GW7 BOU (A) 0.25, GW8 LEE (H) 0.38, GW9 COV (A) 0.49, GW10 CHE (H) 0.54, GW11 AVL (A) 0.51, GW12 TOT (H) 0.52, GW13 LIV (A) 0.48, GW14 NEW (A) 0.49, GW15 NFO (H) 0.55, GW16 CRY (H) 0.66, GW17 EVE (A) 0.53, GW18 MUN (A) 0.52, GW19 HUL (H) 0.61, GW20 LIV (H) 0.57, GW21 CHE (A) 0.63, GW22 COV (H) 0.71, GW23 TOT (A) 0.56, GW24 AVL (H) 0.66, GW25 HUL (A) 0.57, GW26 EVE (H) 0.59, GW27 CRY (A) 0.62, GW28 MUN (H) 0.58, GW29 BRE (H) 0.59, GW30 ARS (A) 0.51, GW31 IPS (H) 0.62, GW32 FUL (A) 0.55, GW33 NFO (A) 0.57, GW34 NEW (H) 0.59, GW35 BHA (A) 0.54, GW36 BOU (H) 0.56, GW37 LEE (A) 0.54, GW38 MCI (H) 0.58"
Chris Rigg,MID,Sunderland,4.9,0.36,1.67,2.0,"BHA (H) 0.36, BOU (A) 0.44, LEE (H) 0.49, COV (A) 0.7, CHE (H) 0.65","GW6 BHA (H) 0.36, GW7 BOU (A) 0.44, GW8 LEE (H) 0.49, GW9 COV (A) 0.7, GW10 CHE (H) 0.65, GW11 AVL (A) 0.74, GW12 TOT (H) 0.6, GW13 LIV (A) 0.63, GW14 NEW (A) 0.65, GW15 NFO (H) 0.61, GW16 CRY (H) 0.76, GW17 EVE (A) 0.71, GW18 MUN (A) 0.65, GW19 HUL (H) 0.7, GW20 LIV (H) 0.6, GW21 CHE (A) 0.8, GW22 COV (H) 0.8, GW23 TOT (A) 0.71, GW24 AVL (H) 0.77, GW25 HUL (A) 0.76, GW26 EVE (H) 0.67, GW27 CRY (A) 0.8, GW28 MUN (H) 0.61, GW29 BRE (H) 0.67, GW30 ARS (A) 0.67, GW31 IPS (H) 0.67, GW32 FUL (A) 0.73, GW33 NFO (A) 0.71, GW34 NEW (H) 0.62, GW35 BHA (A) 0.71, GW36 BOU (H) 0.64, GW37 LEE (A) 0.68, GW38 MCI (H) 0.61"
Chemsdine Talbi,MID,Sunderland,5.3,0.34,1.74,1.0,"BHA (H) 0.34, BOU (A) 0.43, LEE (H) 0.52, COV (A) 0.78, CHE (H) 0.75","GW6 BHA (H) 0.34, GW7 BOU (A) 0.43, GW8 LEE (H) 0.52, GW9 COV (A) 0.78, GW10 CHE (H) 0.75, GW11 AVL (A) 0.86, GW12 TOT (H) 0.83, GW13 LIV (A) 0.8, GW14 NEW (A) 0.82, GW15 NFO (H) 0.78, GW16 CRY (H) 0.96, GW17 EVE (A) 0.89, GW18 MUN (A) 0.84, GW19 HUL (H) 0.9, GW20 LIV (H) 0.82, GW21 CHE (A) 1.0, GW22 COV (H) 1.03, GW23 TOT (A) 0.98, GW24 AVL (H) 0.97, GW25 HUL (A) 0.97, GW26 EVE (H) 0.87, GW27 CRY (A) 1.01, GW28 MUN (H) 0.82, GW29 BRE (H) 0.87, GW30 ARS (A) 0.85, GW31 IPS (H) 0.92, GW32 FUL (A) 0.93, GW33 NFO (A) 0.92, GW34 NEW (H) 0.84, GW35 BHA (A) 0.9, GW36 BOU (H) 0.84, GW37 LEE (A) 0.91, GW38 MCI (H) 0.82"
Djiamgone Jocelin Ta Bi,MID,Sunderland,5.0,0.01,0.14,0.0,"BHA (H) 0.01, BOU (A) 0.01, LEE (H) 0.03, COV (A) 0.11, CHE (H) 0.12","GW6 BHA (H) 0.01, GW7 BOU (A) 0.01, GW8 LEE (H) 0.03, GW9 COV (A) 0.11, GW10 CHE (H) 0.12, GW11 AVL (A) 0.1, GW12 TOT (H) 0.09, GW13 LIV (A) 0.07, GW14 NEW (A) 0.07, GW15 NFO (H) 0.08, GW16 CRY (H) 0.16, GW17 EVE (A) 0.08, GW18 MUN (A) 0.07, GW19 HUL (H) 0.13, GW20 LIV (H) 0.08, GW21 CHE (A) 0.14, GW22 COV (H) 0.19, GW23 TOT (A) 0.1, GW24 AVL (H) 0.14, GW25 HUL (A) 0.12, GW26 EVE (H) 0.1, GW27 CRY (A) 0.13, GW28 MUN (H) 0.08, GW29 BRE (H) 0.09, GW30 ARS (A) 0.06, GW31 IPS (H) 0.13, GW32 FUL (A) 0.09, GW33 NFO (A) 0.11, GW34 NEW (H) 0.09, GW35 BHA (A) 0.08, GW36 BOU (H) 0.08, GW37 LEE (A) 0.08, GW38 MCI (H) 0.08"
Nilson Angulo,MID,Sunderland,5.0,2.45,7.75,16.0,"BHA (H) 2.45, BOU (A) 2.26, LEE (H) 2.22, COV (A) 2.24, CHE (H) 2.11","GW6 BHA (H) 2.45, GW7 BOU (A) 2.26, GW8 LEE (H) 2.22, GW9 COV (A) 2.24, GW10 CHE (H) 2.11, GW11 AVL (A) 2.0, GW12 TOT (H) 1.95, GW13 LIV (A) 1.78, GW14 NEW (A) 1.89, GW15 NFO (H) 1.93, GW16 CRY (H) 2.04, GW17 EVE (A) 1.9, GW18 MUN (A) 1.78, GW19 HUL (H) 1.91, GW20 LIV (H) 1.8, GW21 CHE (A) 1.94, GW22 COV (H) 2.04, GW23 TOT (A) 1.92, GW24 AVL (H) 1.96, GW25 HUL (A) 1.84, GW26 EVE (H) 1.92, GW27 CRY (A) 1.97, GW28 MUN (H) 1.8, GW29 BRE (H) 1.84, GW30 ARS (A) 1.2, GW31 IPS (H) 1.86, GW32 FUL (A) 1.86, GW33 NFO (A) 1.85, GW34 NEW (H) 1.87, GW35 BHA (A) 1.72, GW36 BOU (H) 1.78, GW37 LEE (A) 1.8, GW38 MCI (H) 1.76"
Brian Brobbey,FWD,Sunderland,5.7,5.54,16.95,24.0,"BHA (H) 5.54, BOU (A) 4.93, LEE (H) 5.13, COV (A) 4.5, CHE (H) 4.34","GW6 BHA (H) 5.54, GW7 BOU (A) 4.93, GW8 LEE (H) 5.13, GW9 COV (A) 4.5, GW10 CHE (H) 4.34, GW11 AVL (A) 4.65, GW12 TOT (H) 4.59, GW13 LIV (A) 4.2, GW14 NEW (A) 4.41, GW15 NFO (H) 4.65, GW16 CRY (H) 4.6, GW17 EVE (A) 4.51, GW18 MUN (A) 3.84, GW19 HUL (H) 4.75, GW20 LIV (H) 4.37, GW21 CHE (A) 3.84, GW22 COV (H) 4.5, GW23 TOT (A) 4.38, GW24 AVL (H) 4.92, GW25 HUL (A) 4.33, GW26 EVE (H) 4.97, GW27 CRY (A) 4.38, GW28 MUN (H) 4.13, GW29 BRE (H) 4.06, GW30 ARS (A) 3.26, GW31 IPS (H) 4.77, GW32 FUL (A) 4.59, GW33 NFO (A) 4.26, GW34 NEW (H) 4.85, GW35 BHA (A) 3.11, GW36 BOU (H) 4.06, GW37 LEE (A) 4.5, GW38 MCI (H) 4.1"
Wilson Isidor,FWD,Sunderland,5.5,1.75,5.98,15.0,"BHA (H) 1.75, BOU (A) 1.59, LEE (H) 1.63, COV (A) 2.15, CHE (H) 1.82","GW6 BHA (H) 1.75, GW7 BOU (A) 1.59, GW8 LEE (H) 1.63, GW9 COV (A) 2.15, GW10 CHE (H) 1.82, GW11 AVL (A) 1.53, GW12 TOT (H) 1.95, GW13 LIV (A) 1.51, GW14 NEW (A) 1.39, GW15 NFO (H) 1.43, GW16 CRY (H) 2.2, GW17 EVE (A) 1.57, GW18 MUN (A) 1.36, GW19 HUL (H) 1.85, GW20 LIV (H) 1.51, GW21 CHE (A) 1.69, GW22 COV (H) 2.23, GW23 TOT (A) 1.59, GW24 AVL (H) 1.48, GW25 HUL (A) 1.79, GW26 EVE (H) 1.61, GW27 CRY (A) 1.67, GW28 MUN (H) 1.4, GW29 BRE (H) 1.4, GW30 ARS (A) 1.01, GW31 IPS (H) 1.87, GW32 FUL (A) 1.55, GW33 NFO (A) 1.38, GW34 NEW (H) 1.4, GW35 BHA (A) 1.38, GW36 BOU (H) 1.37, GW37 LEE (A) 1.45, GW38 MCI (H) 1.4"
Dayann Méthalie,DEF,Sunderland,4.5,0.35,1.77,-1.0,"BHA (H) 0.35, BOU (A) 0.43, LEE (H) 0.61, COV (A) 0.85, CHE (H) 0.5","GW6 BHA (H) 0.35, GW7 BOU (A) 0.43, GW8 LEE (H) 0.61, GW9 COV (A) 0.85, GW10 CHE (H) 0.5, GW11 AVL (A) 0.6, GW12 TOT (H) 1.08, GW13 LIV (A) 0.69, GW14 NEW (A) 0.78, GW15 NFO (H) 0.78, GW16 CRY (H) 0.82, GW17 EVE (A) 0.79, GW18 MUN (A) 0.71, GW19 HUL (H) 0.83, GW20 LIV (H) 0.7, GW21 CHE (A) 0.63, GW22 COV (H) 0.83, GW23 TOT (A) 1.23, GW24 AVL (H) 0.68, GW25 HUL (A) 0.8, GW26 EVE (H) 0.8, GW27 CRY (A) 0.84, GW28 MUN (H) 0.69, GW29 BRE (H) 0.64, GW30 ARS (A) 0.36, GW31 IPS (H) 0.85, GW32 FUL (A) 0.84, GW33 NFO (A) 0.92, GW34 NEW (H) 0.81, GW35 BHA (A) 0.52, GW36 BOU (H) 0.62, GW37 LEE (A) 0.82, GW38 MCI (H) 0.69"
Jules Ahoka,MID,Sunderland,4.5,0.1,0.64,0.0,"BHA (H) 0.1, BOU (A) 0.09, LEE (H) 0.18, COV (A) 0.42, CHE (H) 0.28","GW6 BHA (H) 0.1, GW7 BOU (A) 0.09, GW8 LEE (H) 0.18, GW9 COV (A) 0.42, GW10 CHE (H) 0.28, GW11 AVL (A) 0.23, GW12 TOT (H) 0.29, GW13 LIV (A) 0.24, GW14 NEW (A) 0.23, GW15 NFO (H) 0.27, GW16 CRY (H) 0.36, GW17 EVE (A) 0.29, GW18 MUN (A) 0.25, GW19 HUL (H) 0.35, GW20 LIV (H) 0.32, GW21 CHE (A) 0.35, GW22 COV (H) 0.37, GW23 TOT (A) 0.34, GW24 AVL (H) 0.35, GW25 HUL (A) 0.32, GW26 EVE (H) 0.35, GW27 CRY (A) 0.34, GW28 MUN (H) 0.3, GW29 BRE (H) 0.3, GW30 ARS (A) 0.14, GW31 IPS (H) 0.36, GW32 FUL (A) 0.31, GW33 NFO (A) 0.31, GW34 NEW (H) 0.3, GW35 BHA (A) 0.25, GW36 BOU (H) 0.29, GW37 LEE (A) 0.29, GW38 MCI (H) 0.3"
Malick Fofana,MID,Sunderland,5.5,1.14,4.5,3.0,"BHA (H) 1.14, BOU (A) 1.16, LEE (H) 1.36, COV (A) 1.71, CHE (H) 1.56","GW6 BHA (H) 1.14, GW7 BOU (A) 1.16, GW8 LEE (H) 1.36, GW9 COV (A) 1.71, GW10 CHE (H) 1.56, GW11 AVL (A) 1.4, GW12 TOT (H) 1.65, GW13 LIV (A) 1.53, GW14 NEW (A) 1.55, GW15 NFO (H) 1.58, GW16 CRY (H) 1.81, GW17 EVE (A) 1.7, GW18 MUN (A) 1.63, GW19 HUL (H) 1.81, GW20 LIV (H) 1.66, GW21 CHE (A) 1.76, GW22 COV (H) 1.85, GW23 TOT (A) 1.8, GW24 AVL (H) 1.62, GW25 HUL (A) 1.79, GW26 EVE (H) 1.8, GW27 CRY (A) 1.78, GW28 MUN (H) 1.68, GW29 BRE (H) 1.6, GW30 ARS (A) 1.1, GW31 IPS (H) 2.08, GW32 FUL (A) 1.73, GW33 NFO (A) 1.7, GW34 NEW (H) 1.65, GW35 BHA (A) 1.53, GW36 BOU (H) 1.57, GW37 LEE (A) 1.65, GW38 MCI (H) 1.68"
Juan Angulo,FWD,Sunderland,4.5,0.17,0.93,0.0,"BHA (H) 0.17, BOU (A) 0.16, LEE (H) 0.26, COV (A) 0.56, CHE (H) 0.36","GW6 BHA (H) 0.17, GW7 BOU (A) 0.16, GW8 LEE (H) 0.26, GW9 COV (A) 0.56, GW10 CHE (H) 0.36, GW11 AVL (A) 0.29, GW12 TOT (H) 0.35, GW13 LIV (A) 0.31, GW14 NEW (A) 0.3, GW15 NFO (H) 0.34, GW16 CRY (H) 0.43, GW17 EVE (A) 0.38, GW18 MUN (A) 0.31, GW19 HUL (H) 0.4, GW20 LIV (H) 0.38, GW21 CHE (A) 0.42, GW22 COV (H) 0.43, GW23 TOT (A) 0.41, GW24 AVL (H) 0.41, GW25 HUL (A) 0.36, GW26 EVE (H) 0.44, GW27 CRY (A) 0.42, GW28 MUN (H) 0.36, GW29 BRE (H) 0.37, GW30 ARS (A) 0.32, GW31 IPS (H) 0.42, GW32 FUL (A) 0.4, GW33 NFO (A) 0.38, GW34 NEW (H) 0.36, GW35 BHA (A) 0.31, GW36 BOU (H) 0.35, GW37 LEE (A) 0.35, GW38 MCI (H) 0.36"
